<?xml version="1.0" encoding="UTF-8"?>
<beans xmlns="http://www.springframework.org/schema/beans"
	xmlns:xsi="http://www.w3.org/2001/XMLSchema-instance" xmlns:context="http://www.springframework.org/schema/context"
	xsi:schemaLocation="http://www.springframework.org/schema/beans http://www.springframework.org/schema/beans/spring-beans-3.2.xsd
		http://www.springframework.org/schema/context http://www.springframework.org/schema/context/spring-context-3.2.xsd">
	
	<import resource="server-protocols.xml" />
	
	<context:annotation-config />
	
	<context:component-scan base-package="org.greg.resteasy" />
	
	<!-- Configure all properties files here, wildcards like *.properties are 
		also allowed -->
	<context:property-placeholder
		location="nadron/props/nadron.properties" />
		
	<!-- The Spring application context -->
	<bean id="appContext" class="io.nadron.context.AppContext" />
	
	<!-- Configure the three servers. By default tcp and udp runs at 18090 and flash at 843 -->
	<bean id="serverManager" class="io.nadron.server.netty.ServerManagerImpl" />
	
	<bean id="tcpServer" class= "io.nadron.server.netty.NettyTCPServer"
		destroy-method="stopServer">
		<constructor-arg ref="tcpConfig" />
		<constructor-arg ref="protocolMultiplexerChannelInitializer" />
		<property name="gameAdminService" ref="gameAdminService" />
	</bean>

	<bean id="udpServer" class="io.nadron.server.netty.NettyUDPServer"
		destroy-method="stopServer">
		<constructor-arg ref="udpConfig" />
		<constructor-arg ref="udpChannelInitializer" />
		<property name="gameAdminService" ref="gameAdminService" />
	</bean>

	<!-- Configure the Flash policy server. By default it runs at 843 -->
	<!--<bean id="flashPolicyServer" class="io.nadron.server.netty.NettyTCPServer"
		destroy-method="stopServer">
		<constructor-arg ref="flashConfig" />
		<constructor-arg ref="flashPolicyServerChannelInitializer" />
		<property name="gameAdminService" ref="gameAdminService" />
	</bean>-->

	<!-- All the pipeline factory beans are now defined -->
	<!--<bean id="flashPolicyServerChannelInitializer" class="io.nadron.server.netty.FlashPolicyServerChannelInitalizer">
		<lookup-method name="getFlashPolicyServerHandler" bean="flashPolicyServerHandler" />
	</bean>-->
		
	<bean id="udpChannelInitializer" class="io.nadron.server.netty.UDPChannelInitializer">
		<property name="udpEventEncoder" ref="udpEventEncoder" />
		<property name="upstream" ref="udpUpstreamHandler" />
	</bean>
	
	<bean id="protocolMultiplexerChannelInitializer" class="io.nadron.server.netty.ProtocolMultiplexerChannelInitializer">
		<property name="bytesForProtocolCheck" value="5" />
		<property name="loginProtocol" ref="compositeLoginProtocol" />
	</bean>
	
</beans>
