[ {
  "id" : 3000,
  "icon" : "acc_001",
  "alt" : "休闲发带",
  "tip" : "戴起来会显得很精神",
  "category" : 1,
  "quality" : 1,
  "def" : 5,
  "level" : 1,
  "price" : "<gold|1>",
  "sell" : "<silver|30>",
  "stackmax" : 1
}, {
  "id" : 3001,
  "icon" : "acc_001",
  "alt" : "休闲发带",
  "tip" : "戴起来会显得很精神",
  "category" : 1,
  "quality" : 1,
  "def" : 6,
  "level" : 1,
  "price" : "<gold|1>",
  "sell" : "<silver|30>",
  "stackmax" : 1
}, {
  "id" : 3002,
  "icon" : "acc_001",
  "alt" : "休闲发带",
  "tip" : "戴起来会显得很精神",
  "category" : 1,
  "quality" : 1,
  "def" : 7,
  "level" : 1,
  "price" : "<gold|1>",
  "sell" : "<silver|30>",
  "stackmax" : 1
}, {
  "id" : 3003,
  "icon" : "acc_001",
  "alt" : "休闲发带",
  "tip" : "戴起来会显得很精神",
  "category" : 1,
  "quality" : 1,
  "def" : 8,
  "level" : 1,
  "price" : "<gold|1>",
  "sell" : "<silver|30>",
  "stackmax" : 1
}, {
  "id" : 3004,
  "icon" : "acc_001",
  "alt" : "休闲发带",
  "tip" : "戴起来会显得很精神",
  "category" : 1,
  "quality" : 1,
  "def" : 9,
  "level" : 1,
  "price" : "<gold|1>",
  "sell" : "<silver|30>",
  "stackmax" : 1
}, {
  "id" : 3005,
  "icon" : "acc_002",
  "alt" : "工作服",
  "tip" : "工作时常穿的普通服装",
  "category" : 2,
  "quality" : 1,
  "hp" : 50,
  "level" : 1,
  "price" : "<gold|1>",
  "sell" : "<silver|30>",
  "stackmax" : 1
}, {
  "id" : 3006,
  "icon" : "acc_002",
  "alt" : "工作服",
  "tip" : "工作时常穿的普通服装",
  "category" : 2,
  "quality" : 1,
  "hp" : 60,
  "level" : 1,
  "price" : "<gold|1>",
  "sell" : "<silver|30>",
  "stackmax" : 1
}, {
  "id" : 3007,
  "icon" : "acc_002",
  "alt" : "工作服",
  "tip" : "工作时常穿的普通服装",
  "category" : 2,
  "quality" : 1,
  "hp" : 70,
  "level" : 1,
  "price" : "<gold|1>",
  "sell" : "<silver|30>",
  "stackmax" : 1
}, {
  "id" : 3008,
  "icon" : "acc_002",
  "alt" : "工作服",
  "tip" : "工作时常穿的普通服装",
  "category" : 2,
  "quality" : 1,
  "hp" : 80,
  "level" : 1,
  "price" : "<gold|1>",
  "sell" : "<silver|30>",
  "stackmax" : 1
}, {
  "id" : 3009,
  "icon" : "acc_002",
  "alt" : "工作服",
  "tip" : "工作时常穿的普通服装",
  "category" : 2,
  "quality" : 1,
  "hp" : 90,
  "level" : 1,
  "price" : "<gold|1>",
  "sell" : "<silver|30>",
  "stackmax" : 1
}, {
  "id" : 3010,
  "icon" : "acc_003",
  "alt" : "手里剑模型",
  "tip" : "训练时常用的手里剑",
  "category" : 0,
  "quality" : 1,
  "att" : 5,
  "level" : 1,
  "price" : "<gold|1>",
  "sell" : "<silver|30>",
  "stackmax" : 1
}, {
  "id" : 3011,
  "icon" : "acc_003",
  "alt" : "手里剑模型",
  "tip" : "训练时常用的手里剑",
  "category" : 0,
  "quality" : 1,
  "att" : 6,
  "level" : 1,
  "price" : "<gold|1>",
  "sell" : "<silver|30>",
  "stackmax" : 1
}, {
  "id" : 3012,
  "icon" : "acc_003",
  "alt" : "手里剑模型",
  "tip" : "训练时常用的手里剑",
  "category" : 0,
  "quality" : 1,
  "att" : 7,
  "level" : 1,
  "price" : "<gold|1>",
  "sell" : "<silver|30>",
  "stackmax" : 1
}, {
  "id" : 3013,
  "icon" : "acc_003",
  "alt" : "手里剑模型",
  "tip" : "训练时常用的手里剑",
  "category" : 0,
  "quality" : 1,
  "att" : 8,
  "level" : 1,
  "price" : "<gold|1>",
  "sell" : "<silver|30>",
  "stackmax" : 1
}, {
  "id" : 3014,
  "icon" : "acc_003",
  "alt" : "手里剑模型",
  "tip" : "训练时常用的手里剑",
  "category" : 0,
  "quality" : 1,
  "att" : 9,
  "level" : 1,
  "price" : "<gold|1>",
  "sell" : "<silver|30>",
  "stackmax" : 1
}, {
  "id" : 3015,
  "icon" : "acc_004",
  "alt" : "工作靴",
  "tip" : "工作时常穿的靴子",
  "category" : 3,
  "quality" : 1,
  "agi" : 5,
  "level" : 1,
  "price" : "<gold|1>",
  "sell" : "<silver|30>",
  "stackmax" : 1
}, {
  "id" : 3016,
  "icon" : "acc_004",
  "alt" : "工作靴",
  "tip" : "工作时常穿的靴子",
  "category" : 3,
  "quality" : 1,
  "agi" : 6,
  "level" : 1,
  "price" : "<gold|1>",
  "sell" : "<silver|30>",
  "stackmax" : 1
}, {
  "id" : 3017,
  "icon" : "acc_004",
  "alt" : "工作靴",
  "tip" : "工作时常穿的靴子",
  "category" : 3,
  "quality" : 1,
  "agi" : 7,
  "level" : 1,
  "price" : "<gold|1>",
  "sell" : "<silver|30>",
  "stackmax" : 1
}, {
  "id" : 3018,
  "icon" : "acc_004",
  "alt" : "工作靴",
  "tip" : "工作时常穿的靴子",
  "category" : 3,
  "quality" : 1,
  "agi" : 8,
  "level" : 1,
  "price" : "<gold|1>",
  "sell" : "<silver|30>",
  "stackmax" : 1
}, {
  "id" : 3019,
  "icon" : "acc_004",
  "alt" : "工作靴",
  "tip" : "工作时常穿的靴子",
  "category" : 3,
  "quality" : 1,
  "agi" : 9,
  "level" : 1,
  "price" : "<gold|1>",
  "sell" : "<silver|30>",
  "stackmax" : 1
}, {
  "id" : 3020,
  "icon" : "acc_005",
  "alt" : "忍者发带",
  "tip" : "初级忍者经常佩戴的发带",
  "category" : 1,
  "quality" : 2,
  "def" : 16,
  "level" : 1,
  "price" : "<gold|10>",
  "sell" : "<silver|60>",
  "stackmax" : 1
}, {
  "id" : 3021,
  "icon" : "acc_005",
  "alt" : "忍者发带",
  "tip" : "初级忍者经常佩戴的发带",
  "category" : 1,
  "quality" : 2,
  "def" : 18,
  "level" : 1,
  "price" : "<gold|10>",
  "sell" : "<silver|60>",
  "stackmax" : 1
}, {
  "id" : 3022,
  "icon" : "acc_005",
  "alt" : "忍者发带",
  "tip" : "初级忍者经常佩戴的发带",
  "category" : 1,
  "quality" : 2,
  "def" : 20,
  "level" : 1,
  "price" : "<gold|10>",
  "sell" : "<silver|60>",
  "stackmax" : 1
}, {
  "id" : 3023,
  "icon" : "acc_005",
  "alt" : "忍者发带",
  "tip" : "初级忍者经常佩戴的发带",
  "category" : 1,
  "quality" : 2,
  "def" : 22,
  "level" : 1,
  "price" : "<gold|10>",
  "sell" : "<silver|60>",
  "stackmax" : 1
}, {
  "id" : 3024,
  "icon" : "acc_005",
  "alt" : "忍者发带",
  "tip" : "初级忍者经常佩戴的发带",
  "category" : 1,
  "quality" : 2,
  "def" : 24,
  "level" : 1,
  "price" : "<gold|10>",
  "sell" : "<silver|60>",
  "stackmax" : 1
}, {
  "id" : 3025,
  "icon" : "acc_006",
  "alt" : "初级忍者服",
  "tip" : "初级忍者经常穿着的服饰",
  "category" : 2,
  "quality" : 2,
  "hp" : 160,
  "level" : 1,
  "price" : "<gold|10>",
  "sell" : "<silver|60>",
  "stackmax" : 1
}, {
  "id" : 3026,
  "icon" : "acc_006",
  "alt" : "初级忍者服",
  "tip" : "初级忍者经常穿着的服饰",
  "category" : 2,
  "quality" : 2,
  "hp" : 180,
  "level" : 1,
  "price" : "<gold|10>",
  "sell" : "<silver|60>",
  "stackmax" : 1
}, {
  "id" : 3027,
  "icon" : "acc_006",
  "alt" : "初级忍者服",
  "tip" : "初级忍者经常穿着的服饰",
  "category" : 2,
  "quality" : 2,
  "hp" : 200,
  "level" : 1,
  "price" : "<gold|10>",
  "sell" : "<silver|60>",
  "stackmax" : 1
}, {
  "id" : 3028,
  "icon" : "acc_006",
  "alt" : "初级忍者服",
  "tip" : "初级忍者经常穿着的服饰",
  "category" : 2,
  "quality" : 2,
  "hp" : 220,
  "level" : 1,
  "price" : "<gold|10>",
  "sell" : "<silver|60>",
  "stackmax" : 1
}, {
  "id" : 3029,
  "icon" : "acc_006",
  "alt" : "初级忍者服",
  "tip" : "初级忍者经常穿着的服饰",
  "category" : 2,
  "quality" : 2,
  "hp" : 240,
  "level" : 1,
  "price" : "<gold|10>",
  "sell" : "<silver|60>",
  "stackmax" : 1
}, {
  "id" : 3030,
  "icon" : "acc_007",
  "alt" : "手里剑",
  "tip" : "常见的手里剑，出勤任务必备",
  "category" : 0,
  "quality" : 2,
  "att" : 16,
  "level" : 1,
  "price" : "<gold|10>",
  "sell" : "<silver|60>",
  "stackmax" : 1
}, {
  "id" : 3031,
  "icon" : "acc_007",
  "alt" : "手里剑",
  "tip" : "常见的手里剑，出勤任务必备",
  "category" : 0,
  "quality" : 2,
  "att" : 18,
  "level" : 1,
  "price" : "<gold|10>",
  "sell" : "<silver|60>",
  "stackmax" : 1
}, {
  "id" : 3032,
  "icon" : "acc_007",
  "alt" : "手里剑",
  "tip" : "常见的手里剑，出勤任务必备",
  "category" : 0,
  "quality" : 2,
  "att" : 20,
  "level" : 1,
  "price" : "<gold|10>",
  "sell" : "<silver|60>",
  "stackmax" : 1
}, {
  "id" : 3033,
  "icon" : "acc_007",
  "alt" : "手里剑",
  "tip" : "常见的手里剑，出勤任务必备",
  "category" : 0,
  "quality" : 2,
  "att" : 22,
  "level" : 1,
  "price" : "<gold|10>",
  "sell" : "<silver|60>",
  "stackmax" : 1
}, {
  "id" : 3034,
  "icon" : "acc_007",
  "alt" : "手里剑",
  "tip" : "常见的手里剑，出勤任务必备",
  "category" : 0,
  "quality" : 2,
  "att" : 24,
  "level" : 1,
  "price" : "<gold|10>",
  "sell" : "<silver|60>",
  "stackmax" : 1
}, {
  "id" : 3035,
  "icon" : "acc_008",
  "alt" : "初级忍者靴",
  "tip" : "初级忍者经常穿着的靴子",
  "category" : 3,
  "quality" : 2,
  "agi" : 16,
  "level" : 1,
  "price" : "<gold|10>",
  "sell" : "<silver|60>",
  "stackmax" : 1
}, {
  "id" : 3036,
  "icon" : "acc_008",
  "alt" : "初级忍者靴",
  "tip" : "初级忍者经常穿着的靴子",
  "category" : 3,
  "quality" : 2,
  "agi" : 18,
  "level" : 1,
  "price" : "<gold|10>",
  "sell" : "<silver|60>",
  "stackmax" : 1
}, {
  "id" : 3037,
  "icon" : "acc_008",
  "alt" : "初级忍者靴",
  "tip" : "初级忍者经常穿着的靴子",
  "category" : 3,
  "quality" : 2,
  "agi" : 20,
  "level" : 1,
  "price" : "<gold|10>",
  "sell" : "<silver|60>",
  "stackmax" : 1
}, {
  "id" : 3038,
  "icon" : "acc_008",
  "alt" : "初级忍者靴",
  "tip" : "初级忍者经常穿着的靴子",
  "category" : 3,
  "quality" : 2,
  "agi" : 22,
  "level" : 1,
  "price" : "<gold|10>",
  "sell" : "<silver|60>",
  "stackmax" : 1
}, {
  "id" : 3039,
  "icon" : "acc_008",
  "alt" : "初级忍者靴",
  "tip" : "初级忍者经常穿着的靴子",
  "category" : 3,
  "quality" : 2,
  "agi" : 24,
  "level" : 1,
  "price" : "<gold|10>",
  "sell" : "<silver|60>",
  "stackmax" : 1
}, {
  "id" : 3040,
  "icon" : "acc_009",
  "alt" : "中级发带",
  "tip" : "中级忍者经常佩戴的发带",
  "category" : 1,
  "quality" : 3,
  "def" : 36,
  "level" : 1,
  "price" : "<gold|50>",
  "sell" : "<silver|90>",
  "stackmax" : 1
}, {
  "id" : 3041,
  "icon" : "acc_009",
  "alt" : "中级发带",
  "tip" : "中级忍者经常佩戴的发带",
  "category" : 1,
  "quality" : 3,
  "def" : 38,
  "level" : 1,
  "price" : "<gold|50>",
  "sell" : "<silver|90>",
  "stackmax" : 1
}, {
  "id" : 3042,
  "icon" : "acc_009",
  "alt" : "中级发带",
  "tip" : "中级忍者经常佩戴的发带",
  "category" : 1,
  "quality" : 3,
  "def" : 40,
  "level" : 1,
  "price" : "<gold|50>",
  "sell" : "<silver|90>",
  "stackmax" : 1
}, {
  "id" : 3043,
  "icon" : "acc_009",
  "alt" : "中级发带",
  "tip" : "中级忍者经常佩戴的发带",
  "category" : 1,
  "quality" : 3,
  "def" : 42,
  "level" : 1,
  "price" : "<gold|50>",
  "sell" : "<silver|90>",
  "stackmax" : 1
}, {
  "id" : 3044,
  "icon" : "acc_009",
  "alt" : "中级发带",
  "tip" : "中级忍者经常佩戴的发带",
  "category" : 1,
  "quality" : 3,
  "def" : 44,
  "level" : 1,
  "price" : "<gold|50>",
  "sell" : "<silver|90>",
  "stackmax" : 1
}, {
  "id" : 3045,
  "icon" : "acc_010",
  "alt" : "中级忍者服",
  "tip" : "中级忍者经常穿着的服饰",
  "category" : 2,
  "quality" : 3,
  "hp" : 360,
  "level" : 1,
  "price" : "<gold|50>",
  "sell" : "<silver|90>",
  "stackmax" : 1
}, {
  "id" : 3046,
  "icon" : "acc_010",
  "alt" : "中级忍者服",
  "tip" : "中级忍者经常穿着的服饰",
  "category" : 2,
  "quality" : 3,
  "hp" : 380,
  "level" : 1,
  "price" : "<gold|50>",
  "sell" : "<silver|90>",
  "stackmax" : 1
}, {
  "id" : 3047,
  "icon" : "acc_010",
  "alt" : "中级忍者服",
  "tip" : "中级忍者经常穿着的服饰",
  "category" : 2,
  "quality" : 3,
  "hp" : 400,
  "level" : 1,
  "price" : "<gold|50>",
  "sell" : "<silver|90>",
  "stackmax" : 1
}, {
  "id" : 3048,
  "icon" : "acc_010",
  "alt" : "中级忍者服",
  "tip" : "中级忍者经常穿着的服饰",
  "category" : 2,
  "quality" : 3,
  "hp" : 420,
  "level" : 1,
  "price" : "<gold|50>",
  "sell" : "<silver|90>",
  "stackmax" : 1
}, {
  "id" : 3049,
  "icon" : "acc_010",
  "alt" : "中级忍者服",
  "tip" : "中级忍者经常穿着的服饰",
  "category" : 2,
  "quality" : 3,
  "hp" : 440,
  "level" : 1,
  "price" : "<gold|50>",
  "sell" : "<silver|90>",
  "stackmax" : 1
}, {
  "id" : 3050,
  "icon" : "acc_011",
  "alt" : "苦无手里剑",
  "tip" : "非常好用的苦无，进攻时先发制敌",
  "category" : 0,
  "quality" : 3,
  "att" : 36,
  "level" : 1,
  "price" : "<gold|50>",
  "sell" : "<silver|90>",
  "stackmax" : 1
}, {
  "id" : 3051,
  "icon" : "acc_011",
  "alt" : "苦无手里剑",
  "tip" : "非常好用的苦无，进攻时先发制敌",
  "category" : 0,
  "quality" : 3,
  "att" : 38,
  "level" : 1,
  "price" : "<gold|50>",
  "sell" : "<silver|90>",
  "stackmax" : 1
}, {
  "id" : 3052,
  "icon" : "acc_011",
  "alt" : "苦无手里剑",
  "tip" : "非常好用的苦无，进攻时先发制敌",
  "category" : 0,
  "quality" : 3,
  "att" : 40,
  "level" : 1,
  "price" : "<gold|50>",
  "sell" : "<silver|90>",
  "stackmax" : 1
}, {
  "id" : 3053,
  "icon" : "acc_011",
  "alt" : "苦无手里剑",
  "tip" : "非常好用的苦无，进攻时先发制敌",
  "category" : 0,
  "quality" : 3,
  "att" : 42,
  "level" : 1,
  "price" : "<gold|50>",
  "sell" : "<silver|90>",
  "stackmax" : 1
}, {
  "id" : 3054,
  "icon" : "acc_011",
  "alt" : "苦无手里剑",
  "tip" : "非常好用的苦无，进攻时先发制敌",
  "category" : 0,
  "quality" : 3,
  "att" : 44,
  "level" : 1,
  "price" : "<gold|50>",
  "sell" : "<silver|90>",
  "stackmax" : 1
}, {
  "id" : 3055,
  "icon" : "acc_012",
  "alt" : "中级忍者靴",
  "tip" : "中级忍者经常穿着的靴子",
  "category" : 3,
  "quality" : 3,
  "agi" : 36,
  "level" : 1,
  "price" : "<gold|50>",
  "sell" : "<silver|90>",
  "stackmax" : 1
}, {
  "id" : 3056,
  "icon" : "acc_012",
  "alt" : "中级忍者靴",
  "tip" : "中级忍者经常穿着的靴子",
  "category" : 3,
  "quality" : 3,
  "agi" : 38,
  "level" : 1,
  "price" : "<gold|50>",
  "sell" : "<silver|90>",
  "stackmax" : 1
}, {
  "id" : 3057,
  "icon" : "acc_012",
  "alt" : "中级忍者靴",
  "tip" : "中级忍者经常穿着的靴子",
  "category" : 3,
  "quality" : 3,
  "agi" : 40,
  "level" : 1,
  "price" : "<gold|50>",
  "sell" : "<silver|90>",
  "stackmax" : 1
}, {
  "id" : 3058,
  "icon" : "acc_012",
  "alt" : "中级忍者靴",
  "tip" : "中级忍者经常穿着的靴子",
  "category" : 3,
  "quality" : 3,
  "agi" : 42,
  "level" : 1,
  "price" : "<gold|50>",
  "sell" : "<silver|90>",
  "stackmax" : 1
}, {
  "id" : 3059,
  "icon" : "acc_012",
  "alt" : "中级忍者靴",
  "tip" : "中级忍者经常穿着的靴子",
  "category" : 3,
  "quality" : 3,
  "agi" : 44,
  "level" : 1,
  "price" : "<gold|50>",
  "sell" : "<silver|90>",
  "stackmax" : 1
}, {
  "id" : 3060,
  "icon" : "acc_013",
  "alt" : "高级头巾",
  "tip" : "带有护额的头巾，有很好的保护作用",
  "category" : 1,
  "quality" : 4,
  "def" : 64,
  "level" : 1,
  "price" : "<gold|500>",
  "sell" : "<silver|180>",
  "stackmax" : 1
}, {
  "id" : 3061,
  "icon" : "acc_013",
  "alt" : "高级头巾",
  "tip" : "带有护额的头巾，有很好的保护作用",
  "category" : 1,
  "quality" : 4,
  "def" : 67,
  "level" : 1,
  "price" : "<gold|500>",
  "sell" : "<silver|180>",
  "stackmax" : 1
}, {
  "id" : 3062,
  "icon" : "acc_013",
  "alt" : "高级头巾",
  "tip" : "带有护额的头巾，有很好的保护作用",
  "category" : 1,
  "quality" : 4,
  "def" : 70,
  "level" : 1,
  "price" : "<gold|500>",
  "sell" : "<silver|180>",
  "stackmax" : 1
}, {
  "id" : 3063,
  "icon" : "acc_013",
  "alt" : "高级头巾",
  "tip" : "带有护额的头巾，有很好的保护作用",
  "category" : 1,
  "quality" : 4,
  "def" : 73,
  "level" : 1,
  "price" : "<gold|500>",
  "sell" : "<silver|180>",
  "stackmax" : 1
}, {
  "id" : 3064,
  "icon" : "acc_013",
  "alt" : "高级头巾",
  "tip" : "带有护额的头巾，有很好的保护作用",
  "category" : 1,
  "quality" : 4,
  "def" : 76,
  "level" : 1,
  "price" : "<gold|500>",
  "sell" : "<silver|180>",
  "stackmax" : 1
}, {
  "id" : 3065,
  "icon" : "acc_014",
  "alt" : "高级忍者服",
  "tip" : "长袖忍者服，可以保护上半身",
  "category" : 2,
  "quality" : 4,
  "hp" : 640,
  "level" : 1,
  "price" : "<gold|500>",
  "sell" : "<silver|180>",
  "stackmax" : 1
}, {
  "id" : 3066,
  "icon" : "acc_014",
  "alt" : "高级忍者服",
  "tip" : "长袖忍者服，可以保护上半身",
  "category" : 2,
  "quality" : 4,
  "hp" : 670,
  "level" : 1,
  "price" : "<gold|500>",
  "sell" : "<silver|180>",
  "stackmax" : 1
}, {
  "id" : 3067,
  "icon" : "acc_014",
  "alt" : "高级忍者服",
  "tip" : "长袖忍者服，可以保护上半身",
  "category" : 2,
  "quality" : 4,
  "hp" : 700,
  "level" : 1,
  "price" : "<gold|500>",
  "sell" : "<silver|180>",
  "stackmax" : 1
}, {
  "id" : 3068,
  "icon" : "acc_014",
  "alt" : "高级忍者服",
  "tip" : "长袖忍者服，可以保护上半身",
  "category" : 2,
  "quality" : 4,
  "hp" : 730,
  "level" : 1,
  "price" : "<gold|500>",
  "sell" : "<silver|180>",
  "stackmax" : 1
}, {
  "id" : 3069,
  "icon" : "acc_014",
  "alt" : "高级忍者服",
  "tip" : "长袖忍者服，可以保护上半身",
  "category" : 2,
  "quality" : 4,
  "hp" : 760,
  "level" : 1,
  "price" : "<gold|500>",
  "sell" : "<silver|180>",
  "stackmax" : 1
}, {
  "id" : 3070,
  "icon" : "acc_015",
  "alt" : "秘传苦无",
  "tip" : "高阶苦无，无坚不摧 唯快不破",
  "category" : 0,
  "quality" : 4,
  "att" : 64,
  "level" : 1,
  "price" : "<gold|500>",
  "sell" : "<silver|180>",
  "stackmax" : 1
}, {
  "id" : 3071,
  "icon" : "acc_015",
  "alt" : "秘传苦无",
  "tip" : "高阶苦无，无坚不摧 唯快不破",
  "category" : 0,
  "quality" : 4,
  "att" : 67,
  "level" : 1,
  "price" : "<gold|500>",
  "sell" : "<silver|180>",
  "stackmax" : 1
}, {
  "id" : 3072,
  "icon" : "acc_015",
  "alt" : "秘传苦无",
  "tip" : "高阶苦无，无坚不摧 唯快不破",
  "category" : 0,
  "quality" : 4,
  "att" : 70,
  "level" : 1,
  "price" : "<gold|500>",
  "sell" : "<silver|180>",
  "stackmax" : 1
}, {
  "id" : 3073,
  "icon" : "acc_015",
  "alt" : "秘传苦无",
  "tip" : "高阶苦无，无坚不摧 唯快不破",
  "category" : 0,
  "quality" : 4,
  "att" : 73,
  "level" : 1,
  "price" : "<gold|500>",
  "sell" : "<silver|180>",
  "stackmax" : 1
}, {
  "id" : 3074,
  "icon" : "acc_015",
  "alt" : "秘传苦无",
  "tip" : "高阶苦无，无坚不摧 唯快不破",
  "category" : 0,
  "quality" : 4,
  "att" : 76,
  "level" : 1,
  "price" : "<gold|500>",
  "sell" : "<silver|180>",
  "stackmax" : 1
}, {
  "id" : 3075,
  "icon" : "acc_016",
  "alt" : "高级忍者靴",
  "tip" : "长筒忍者靴，舒适且耐用",
  "category" : 3,
  "quality" : 4,
  "agi" : 64,
  "level" : 1,
  "price" : "<gold|500>",
  "sell" : "<silver|180>",
  "stackmax" : 1
}, {
  "id" : 3076,
  "icon" : "acc_016",
  "alt" : "高级忍者靴",
  "tip" : "长筒忍者靴，舒适且耐用",
  "category" : 3,
  "quality" : 4,
  "agi" : 67,
  "level" : 1,
  "price" : "<gold|500>",
  "sell" : "<silver|180>",
  "stackmax" : 1
}, {
  "id" : 3077,
  "icon" : "acc_016",
  "alt" : "高级忍者靴",
  "tip" : "长筒忍者靴，舒适且耐用",
  "category" : 3,
  "quality" : 4,
  "agi" : 70,
  "level" : 1,
  "price" : "<gold|500>",
  "sell" : "<silver|180>",
  "stackmax" : 1
}, {
  "id" : 3078,
  "icon" : "acc_016",
  "alt" : "高级忍者靴",
  "tip" : "长筒忍者靴，舒适且耐用",
  "category" : 3,
  "quality" : 4,
  "agi" : 73,
  "level" : 1,
  "price" : "<gold|500>",
  "sell" : "<silver|180>",
  "stackmax" : 1
}, {
  "id" : 3079,
  "icon" : "acc_016",
  "alt" : "高级忍者靴",
  "tip" : "长筒忍者靴，舒适且耐用",
  "category" : 3,
  "quality" : 4,
  "agi" : 76,
  "level" : 1,
  "price" : "<gold|500>",
  "sell" : "<silver|180>",
  "stackmax" : 1
}, {
  "id" : 3080,
  "icon" : "acc_017",
  "alt" : "武士头盔",
  "tip" : "坚固的武士头盔，强化后威力惊人",
  "category" : 1,
  "quality" : 5,
  "def" : 90,
  "level" : 1,
  "price" : "<gold|5000>",
  "sell" : "<silver|360>",
  "stackmax" : 1
}, {
  "id" : 3081,
  "icon" : "acc_017",
  "alt" : "武士头盔",
  "tip" : "坚固的武士头盔，强化后威力惊人",
  "category" : 1,
  "quality" : 5,
  "def" : 95,
  "level" : 1,
  "price" : "<gold|5000>",
  "sell" : "<silver|360>",
  "stackmax" : 1
}, {
  "id" : 3082,
  "icon" : "acc_017",
  "alt" : "武士头盔",
  "tip" : "坚固的武士头盔，强化后威力惊人",
  "category" : 1,
  "quality" : 5,
  "def" : 100,
  "level" : 1,
  "price" : "<gold|5000>",
  "sell" : "<silver|360>",
  "stackmax" : 1
}, {
  "id" : 3083,
  "icon" : "acc_017",
  "alt" : "武士头盔",
  "tip" : "坚固的武士头盔，强化后威力惊人",
  "category" : 1,
  "quality" : 5,
  "def" : 105,
  "level" : 1,
  "price" : "<gold|5000>",
  "sell" : "<silver|360>",
  "stackmax" : 1
}, {
  "id" : 3084,
  "icon" : "acc_017",
  "alt" : "武士头盔",
  "tip" : "坚固的武士头盔，强化后威力惊人",
  "category" : 1,
  "quality" : 5,
  "def" : 110,
  "level" : 1,
  "price" : "<gold|5000>",
  "sell" : "<silver|360>",
  "stackmax" : 1
}, {
  "id" : 3085,
  "icon" : "acc_018",
  "alt" : "武士战甲",
  "tip" : "坚固的武士战甲，强化后威力惊人",
  "category" : 2,
  "quality" : 5,
  "hp" : 900,
  "level" : 1,
  "price" : "<gold|5000>",
  "sell" : "<silver|360>",
  "stackmax" : 1
}, {
  "id" : 3086,
  "icon" : "acc_018",
  "alt" : "武士战甲",
  "tip" : "坚固的武士战甲，强化后威力惊人",
  "category" : 2,
  "quality" : 5,
  "hp" : 950,
  "level" : 1,
  "price" : "<gold|5000>",
  "sell" : "<silver|360>",
  "stackmax" : 1
}, {
  "id" : 3087,
  "icon" : "acc_018",
  "alt" : "武士战甲",
  "tip" : "坚固的武士战甲，强化后威力惊人",
  "category" : 2,
  "quality" : 5,
  "hp" : 1000,
  "level" : 1,
  "price" : "<gold|5000>",
  "sell" : "<silver|360>",
  "stackmax" : 1
}, {
  "id" : 3088,
  "icon" : "acc_018",
  "alt" : "武士战甲",
  "tip" : "坚固的武士战甲，强化后威力惊人",
  "category" : 2,
  "quality" : 5,
  "hp" : 1050,
  "level" : 1,
  "price" : "<gold|5000>",
  "sell" : "<silver|360>",
  "stackmax" : 1
}, {
  "id" : 3089,
  "icon" : "acc_018",
  "alt" : "武士战甲",
  "tip" : "坚固的武士战甲，强化后威力惊人",
  "category" : 2,
  "quality" : 5,
  "hp" : 1100,
  "level" : 1,
  "price" : "<gold|5000>",
  "sell" : "<silver|360>",
  "stackmax" : 1
}, {
  "id" : 3090,
  "icon" : "acc_019",
  "alt" : "死神镰刀",
  "tip" : "取敌方首级如探囊取物，强化后威力惊人",
  "category" : 0,
  "quality" : 5,
  "att" : 90,
  "level" : 1,
  "price" : "<gold|5000>",
  "sell" : "<silver|360>",
  "stackmax" : 1
}, {
  "id" : 3091,
  "icon" : "acc_019",
  "alt" : "死神镰刀",
  "tip" : "取敌方首级如探囊取物，强化后威力惊人",
  "category" : 0,
  "quality" : 5,
  "att" : 95,
  "level" : 1,
  "price" : "<gold|5000>",
  "sell" : "<silver|360>",
  "stackmax" : 1
}, {
  "id" : 3092,
  "icon" : "acc_019",
  "alt" : "死神镰刀",
  "tip" : "取敌方首级如探囊取物，强化后威力惊人",
  "category" : 0,
  "quality" : 5,
  "att" : 100,
  "level" : 1,
  "price" : "<gold|5000>",
  "sell" : "<silver|360>",
  "stackmax" : 1
}, {
  "id" : 3093,
  "icon" : "acc_019",
  "alt" : "死神镰刀",
  "tip" : "取敌方首级如探囊取物，强化后威力惊人",
  "category" : 0,
  "quality" : 5,
  "att" : 105,
  "level" : 1,
  "price" : "<gold|5000>",
  "sell" : "<silver|360>",
  "stackmax" : 1
}, {
  "id" : 3094,
  "icon" : "acc_019",
  "alt" : "死神镰刀",
  "tip" : "取敌方首级如探囊取物，强化后威力惊人",
  "category" : 0,
  "quality" : 5,
  "att" : 110,
  "level" : 1,
  "price" : "<gold|5000>",
  "sell" : "<silver|360>",
  "stackmax" : 1
}, {
  "id" : 3095,
  "icon" : "acc_020",
  "alt" : "高级武士靴",
  "tip" : "行动飞速的靴子，强化后威力惊人",
  "category" : 3,
  "quality" : 5,
  "agi" : 90,
  "level" : 1,
  "price" : "<gold|5000>",
  "sell" : "<silver|360>",
  "stackmax" : 1
}, {
  "id" : 3096,
  "icon" : "acc_020",
  "alt" : "高级武士靴",
  "tip" : "行动飞速的靴子，强化后威力惊人",
  "category" : 3,
  "quality" : 5,
  "agi" : 95,
  "level" : 1,
  "price" : "<gold|5000>",
  "sell" : "<silver|360>",
  "stackmax" : 1
}, {
  "id" : 3097,
  "icon" : "acc_020",
  "alt" : "高级武士靴",
  "tip" : "行动飞速的靴子，强化后威力惊人",
  "category" : 3,
  "quality" : 5,
  "agi" : 100,
  "level" : 1,
  "price" : "<gold|5000>",
  "sell" : "<silver|360>",
  "stackmax" : 1
}, {
  "id" : 3098,
  "icon" : "acc_020",
  "alt" : "高级武士靴",
  "tip" : "行动飞速的靴子，强化后威力惊人",
  "category" : 3,
  "quality" : 5,
  "agi" : 105,
  "level" : 1,
  "price" : "<gold|5000>",
  "sell" : "<silver|360>",
  "stackmax" : 1
}, {
  "id" : 3099,
  "icon" : "acc_020",
  "alt" : "高级武士靴",
  "tip" : "行动飞速的靴子，强化后威力惊人",
  "category" : 3,
  "quality" : 5,
  "agi" : 110,
  "level" : 1,
  "price" : "<gold|5000>",
  "sell" : "<silver|360>",
  "stackmax" : 1
}, {
  "id" : 3100,
  "icon" : "acc_021",
  "alt" : "极品头盔",
  "tip" : "传说中坚不可摧的头盔",
  "category" : 1,
  "quality" : 6,
  "def" : 130,
  "level" : 1,
  "price" : "<gold|50000>",
  "sell" : "<silver|720>",
  "stackmax" : 1
}, {
  "id" : 3101,
  "icon" : "acc_021",
  "alt" : "极品头盔",
  "tip" : "传说中坚不可摧的头盔",
  "category" : 1,
  "quality" : 6,
  "def" : 135,
  "level" : 1,
  "price" : "<gold|50000>",
  "sell" : "<silver|720>",
  "stackmax" : 1
}, {
  "id" : 3102,
  "icon" : "acc_021",
  "alt" : "极品头盔",
  "tip" : "传说中坚不可摧的头盔",
  "category" : 1,
  "quality" : 6,
  "def" : 140,
  "level" : 1,
  "price" : "<gold|50000>",
  "sell" : "<silver|720>",
  "stackmax" : 1
}, {
  "id" : 3103,
  "icon" : "acc_021",
  "alt" : "极品头盔",
  "tip" : "传说中坚不可摧的头盔",
  "category" : 1,
  "quality" : 6,
  "def" : 145,
  "level" : 1,
  "price" : "<gold|50000>",
  "sell" : "<silver|720>",
  "stackmax" : 1
}, {
  "id" : 3104,
  "icon" : "acc_021",
  "alt" : "极品头盔",
  "tip" : "传说中坚不可摧的头盔",
  "category" : 1,
  "quality" : 6,
  "def" : 150,
  "level" : 1,
  "price" : "<gold|50000>",
  "sell" : "<silver|720>",
  "stackmax" : 1
}, {
  "id" : 3105,
  "icon" : "acc_022",
  "alt" : "极品战甲",
  "tip" : "传说中无所不能的战甲",
  "category" : 2,
  "quality" : 6,
  "hp" : 1300,
  "level" : 1,
  "price" : "<gold|50000>",
  "sell" : "<silver|720>",
  "stackmax" : 1
}, {
  "id" : 3106,
  "icon" : "acc_022",
  "alt" : "极品战甲",
  "tip" : "传说中无所不能的战甲",
  "category" : 2,
  "quality" : 6,
  "hp" : 1350,
  "level" : 1,
  "price" : "<gold|50000>",
  "sell" : "<silver|720>",
  "stackmax" : 1
}, {
  "id" : 3107,
  "icon" : "acc_022",
  "alt" : "极品战甲",
  "tip" : "传说中无所不能的战甲",
  "category" : 2,
  "quality" : 6,
  "hp" : 1400,
  "level" : 1,
  "price" : "<gold|50000>",
  "sell" : "<silver|720>",
  "stackmax" : 1
}, {
  "id" : 3108,
  "icon" : "acc_022",
  "alt" : "极品战甲",
  "tip" : "传说中无所不能的战甲",
  "category" : 2,
  "quality" : 6,
  "hp" : 1450,
  "level" : 1,
  "price" : "<gold|50000>",
  "sell" : "<silver|720>",
  "stackmax" : 1
}, {
  "id" : 3109,
  "icon" : "acc_022",
  "alt" : "极品战甲",
  "tip" : "传说中无所不能的战甲",
  "category" : 2,
  "quality" : 6,
  "hp" : 1500,
  "level" : 1,
  "price" : "<gold|50000>",
  "sell" : "<silver|720>",
  "stackmax" : 1
}, {
  "id" : 3110,
  "icon" : "acc_023",
  "alt" : "神之手里剑",
  "tip" : "传说中无所不摧的神之利刃",
  "category" : 0,
  "quality" : 6,
  "att" : 130,
  "level" : 1,
  "price" : "<gold|50000>",
  "sell" : "<silver|720>",
  "stackmax" : 1
}, {
  "id" : 3111,
  "icon" : "acc_023",
  "alt" : "神之手里剑",
  "tip" : "传说中无所不摧的神之利刃",
  "category" : 0,
  "quality" : 6,
  "att" : 135,
  "level" : 1,
  "price" : "<gold|50000>",
  "sell" : "<silver|720>",
  "stackmax" : 1
}, {
  "id" : 3112,
  "icon" : "acc_023",
  "alt" : "神之手里剑",
  "tip" : "传说中无所不摧的神之利刃",
  "category" : 0,
  "quality" : 6,
  "att" : 140,
  "level" : 1,
  "price" : "<gold|50000>",
  "sell" : "<silver|720>",
  "stackmax" : 1
}, {
  "id" : 3113,
  "icon" : "acc_023",
  "alt" : "神之手里剑",
  "tip" : "传说中无所不摧的神之利刃",
  "category" : 0,
  "quality" : 6,
  "att" : 145,
  "level" : 1,
  "price" : "<gold|50000>",
  "sell" : "<silver|720>",
  "stackmax" : 1
}, {
  "id" : 3114,
  "icon" : "acc_023",
  "alt" : "神之手里剑",
  "tip" : "传说中无所不摧的神之利刃",
  "category" : 0,
  "quality" : 6,
  "att" : 150,
  "level" : 1,
  "price" : "<gold|50000>",
  "sell" : "<silver|720>",
  "stackmax" : 1
}, {
  "id" : 3115,
  "icon" : "acc_024",
  "alt" : "极品武士靴",
  "tip" : "传说中迅捷神速的靴子",
  "category" : 3,
  "quality" : 6,
  "agi" : 130,
  "level" : 1,
  "price" : "<gold|50000>",
  "sell" : "<silver|720>",
  "stackmax" : 1
}, {
  "id" : 3116,
  "icon" : "acc_024",
  "alt" : "极品武士靴",
  "tip" : "传说中迅捷神速的靴子",
  "category" : 3,
  "quality" : 6,
  "agi" : 135,
  "level" : 1,
  "price" : "<gold|50000>",
  "sell" : "<silver|720>",
  "stackmax" : 1
}, {
  "id" : 3117,
  "icon" : "acc_024",
  "alt" : "极品武士靴",
  "tip" : "传说中迅捷神速的靴子",
  "category" : 3,
  "quality" : 6,
  "agi" : 140,
  "level" : 1,
  "price" : "<gold|50000>",
  "sell" : "<silver|720>",
  "stackmax" : 1
}, {
  "id" : 3118,
  "icon" : "acc_024",
  "alt" : "极品武士靴",
  "tip" : "传说中迅捷神速的靴子",
  "category" : 3,
  "quality" : 6,
  "agi" : 145,
  "level" : 1,
  "price" : "<gold|50000>",
  "sell" : "<silver|720>",
  "stackmax" : 1
}, {
  "id" : 3119,
  "icon" : "acc_024",
  "alt" : "极品武士靴",
  "tip" : "传说中迅捷神速的靴子",
  "category" : 3,
  "quality" : 6,
  "agi" : 150,
  "level" : 1,
  "price" : "<gold|50000>",
  "sell" : "<silver|720>",
  "stackmax" : 1
} ]