[ {
  "id" : 1,
  "rank" : "1|1",
  "reward_arenapoint" : 1000
}, {
  "id" : 2,
  "rank" : "2|2",
  "reward_arenapoint" : 990
}, {
  "id" : 3,
  "rank" : "3|3",
  "reward_arenapoint" : 980
}, {
  "id" : 4,
  "rank" : "4|4",
  "reward_arenapoint" : 970
}, {
  "id" : 5,
  "rank" : "5|5",
  "reward_arenapoint" : 960
}, {
  "id" : 6,
  "rank" : "6|6",
  "reward_arenapoint" : 950
}, {
  "id" : 7,
  "rank" : "7|7",
  "reward_arenapoint" : 940
}, {
  "id" : 8,
  "rank" : "8|8",
  "reward_arenapoint" : 930
}, {
  "id" : 9,
  "rank" : "9|9",
  "reward_arenapoint" : 920
}, {
  "id" : 10,
  "rank" : "10|10",
  "reward_arenapoint" : 910
}, {
  "id" : 11,
  "rank" : "11|11",
  "reward_arenapoint" : 900
}, {
  "id" : 12,
  "rank" : "12|12",
  "reward_arenapoint" : 895
}, {
  "id" : 13,
  "rank" : "13|13",
  "reward_arenapoint" : 890
}, {
  "id" : 14,
  "rank" : "14|14",
  "reward_arenapoint" : 885
}, {
  "id" : 15,
  "rank" : "15|15",
  "reward_arenapoint" : 880
}, {
  "id" : 16,
  "rank" : "16|16",
  "reward_arenapoint" : 875
}, {
  "id" : 17,
  "rank" : "17|17",
  "reward_arenapoint" : 870
}, {
  "id" : 18,
  "rank" : "18|18",
  "reward_arenapoint" : 865
}, {
  "id" : 19,
  "rank" : "19|19",
  "reward_arenapoint" : 860
}, {
  "id" : 20,
  "rank" : "20|20",
  "reward_arenapoint" : 855
}, {
  "id" : 21,
  "rank" : "21|21",
  "reward_arenapoint" : 850
}, {
  "id" : 22,
  "rank" : "22|22",
  "reward_arenapoint" : 845
}, {
  "id" : 23,
  "rank" : "23|23",
  "reward_arenapoint" : 840
}, {
  "id" : 24,
  "rank" : "24|24",
  "reward_arenapoint" : 835
}, {
  "id" : 25,
  "rank" : "25|25",
  "reward_arenapoint" : 830
}, {
  "id" : 26,
  "rank" : "26|26",
  "reward_arenapoint" : 825
}, {
  "id" : 27,
  "rank" : "27|27",
  "reward_arenapoint" : 820
}, {
  "id" : 28,
  "rank" : "28|28",
  "reward_arenapoint" : 815
}, {
  "id" : 29,
  "rank" : "29|29",
  "reward_arenapoint" : 810
}, {
  "id" : 30,
  "rank" : "30|30",
  "reward_arenapoint" : 805
}, {
  "id" : 31,
  "rank" : "31|31",
  "reward_arenapoint" : 800
}, {
  "id" : 32,
  "rank" : "32|32",
  "reward_arenapoint" : 795
}, {
  "id" : 33,
  "rank" : "33|33",
  "reward_arenapoint" : 790
}, {
  "id" : 34,
  "rank" : "34|34",
  "reward_arenapoint" : 785
}, {
  "id" : 35,
  "rank" : "35|35",
  "reward_arenapoint" : 780
}, {
  "id" : 36,
  "rank" : "36|36",
  "reward_arenapoint" : 775
}, {
  "id" : 37,
  "rank" : "37|37",
  "reward_arenapoint" : 770
}, {
  "id" : 38,
  "rank" : "38|38",
  "reward_arenapoint" : 765
}, {
  "id" : 39,
  "rank" : "39|39",
  "reward_arenapoint" : 760
}, {
  "id" : 40,
  "rank" : "40|40",
  "reward_arenapoint" : 755
}, {
  "id" : 41,
  "rank" : "41|41",
  "reward_arenapoint" : 750
}, {
  "id" : 42,
  "rank" : "42|42",
  "reward_arenapoint" : 745
}, {
  "id" : 43,
  "rank" : "43|43",
  "reward_arenapoint" : 740
}, {
  "id" : 44,
  "rank" : "44|44",
  "reward_arenapoint" : 735
}, {
  "id" : 45,
  "rank" : "45|45",
  "reward_arenapoint" : 730
}, {
  "id" : 46,
  "rank" : "46|46",
  "reward_arenapoint" : 725
}, {
  "id" : 47,
  "rank" : "47|47",
  "reward_arenapoint" : 720
}, {
  "id" : 48,
  "rank" : "48|48",
  "reward_arenapoint" : 715
}, {
  "id" : 49,
  "rank" : "49|49",
  "reward_arenapoint" : 710
}, {
  "id" : 50,
  "rank" : "50|50",
  "reward_arenapoint" : 705
}, {
  "id" : 51,
  "rank" : "51|51",
  "reward_arenapoint" : 700
}, {
  "id" : 52,
  "rank" : "52|52",
  "reward_arenapoint" : 695
}, {
  "id" : 53,
  "rank" : "53|53",
  "reward_arenapoint" : 690
}, {
  "id" : 54,
  "rank" : "54|54",
  "reward_arenapoint" : 685
}, {
  "id" : 55,
  "rank" : "55|55",
  "reward_arenapoint" : 680
}, {
  "id" : 56,
  "rank" : "56|56",
  "reward_arenapoint" : 675
}, {
  "id" : 57,
  "rank" : "57|57",
  "reward_arenapoint" : 670
}, {
  "id" : 58,
  "rank" : "58|58",
  "reward_arenapoint" : 665
}, {
  "id" : 59,
  "rank" : "59|59",
  "reward_arenapoint" : 660
}, {
  "id" : 60,
  "rank" : "60|60",
  "reward_arenapoint" : 655
}, {
  "id" : 61,
  "rank" : "61|61",
  "reward_arenapoint" : 650
}, {
  "id" : 62,
  "rank" : "62|62",
  "reward_arenapoint" : 645
}, {
  "id" : 63,
  "rank" : "63|63",
  "reward_arenapoint" : 640
}, {
  "id" : 64,
  "rank" : "64|64",
  "reward_arenapoint" : 635
}, {
  "id" : 65,
  "rank" : "65|65",
  "reward_arenapoint" : 630
}, {
  "id" : 66,
  "rank" : "66|66",
  "reward_arenapoint" : 625
}, {
  "id" : 67,
  "rank" : "67|67",
  "reward_arenapoint" : 620
}, {
  "id" : 68,
  "rank" : "68|68",
  "reward_arenapoint" : 615
}, {
  "id" : 69,
  "rank" : "69|69",
  "reward_arenapoint" : 610
}, {
  "id" : 70,
  "rank" : "70|70",
  "reward_arenapoint" : 605
}, {
  "id" : 71,
  "rank" : "71|71",
  "reward_arenapoint" : 600
}, {
  "id" : 72,
  "rank" : "72|72",
  "reward_arenapoint" : 595
}, {
  "id" : 73,
  "rank" : "73|73",
  "reward_arenapoint" : 590
}, {
  "id" : 74,
  "rank" : "74|74",
  "reward_arenapoint" : 585
}, {
  "id" : 75,
  "rank" : "75|75",
  "reward_arenapoint" : 580
}, {
  "id" : 76,
  "rank" : "76|76",
  "reward_arenapoint" : 575
}, {
  "id" : 77,
  "rank" : "77|77",
  "reward_arenapoint" : 570
}, {
  "id" : 78,
  "rank" : "78|78",
  "reward_arenapoint" : 565
}, {
  "id" : 79,
  "rank" : "79|79",
  "reward_arenapoint" : 560
}, {
  "id" : 80,
  "rank" : "80|80",
  "reward_arenapoint" : 555
}, {
  "id" : 81,
  "rank" : "81|81",
  "reward_arenapoint" : 550
}, {
  "id" : 82,
  "rank" : "82|82",
  "reward_arenapoint" : 545
}, {
  "id" : 83,
  "rank" : "83|83",
  "reward_arenapoint" : 540
}, {
  "id" : 84,
  "rank" : "84|84",
  "reward_arenapoint" : 535
}, {
  "id" : 85,
  "rank" : "85|85",
  "reward_arenapoint" : 530
}, {
  "id" : 86,
  "rank" : "86|86",
  "reward_arenapoint" : 525
}, {
  "id" : 87,
  "rank" : "87|87",
  "reward_arenapoint" : 520
}, {
  "id" : 88,
  "rank" : "88|88",
  "reward_arenapoint" : 515
}, {
  "id" : 89,
  "rank" : "89|89",
  "reward_arenapoint" : 510
}, {
  "id" : 90,
  "rank" : "90|90",
  "reward_arenapoint" : 505
}, {
  "id" : 91,
  "rank" : "91|91",
  "reward_arenapoint" : 500
}, {
  "id" : 92,
  "rank" : "92|92",
  "reward_arenapoint" : 495
}, {
  "id" : 93,
  "rank" : "93|93",
  "reward_arenapoint" : 490
}, {
  "id" : 94,
  "rank" : "94|94",
  "reward_arenapoint" : 485
}, {
  "id" : 95,
  "rank" : "95|95",
  "reward_arenapoint" : 480
}, {
  "id" : 96,
  "rank" : "96|96",
  "reward_arenapoint" : 475
}, {
  "id" : 97,
  "rank" : "97|97",
  "reward_arenapoint" : 470
}, {
  "id" : 98,
  "rank" : "98|98",
  "reward_arenapoint" : 465
}, {
  "id" : 99,
  "rank" : "99|99",
  "reward_arenapoint" : 460
}, {
  "id" : 100,
  "rank" : "100|100",
  "reward_arenapoint" : 455
}, {
  "id" : 101,
  "rank" : "101|101",
  "reward_arenapoint" : 454
}, {
  "id" : 102,
  "rank" : "102|102",
  "reward_arenapoint" : 453
}, {
  "id" : 103,
  "rank" : "103|103",
  "reward_arenapoint" : 452
}, {
  "id" : 104,
  "rank" : "104|104",
  "reward_arenapoint" : 451
}, {
  "id" : 105,
  "rank" : "105|105",
  "reward_arenapoint" : 450
}, {
  "id" : 106,
  "rank" : "106|106",
  "reward_arenapoint" : 449
}, {
  "id" : 107,
  "rank" : "107|107",
  "reward_arenapoint" : 448
}, {
  "id" : 108,
  "rank" : "108|108",
  "reward_arenapoint" : 447
}, {
  "id" : 109,
  "rank" : "109|109",
  "reward_arenapoint" : 446
}, {
  "id" : 110,
  "rank" : "110|110",
  "reward_arenapoint" : 445
}, {
  "id" : 111,
  "rank" : "111|111",
  "reward_arenapoint" : 444
}, {
  "id" : 112,
  "rank" : "112|112",
  "reward_arenapoint" : 443
}, {
  "id" : 113,
  "rank" : "113|113",
  "reward_arenapoint" : 442
}, {
  "id" : 114,
  "rank" : "114|114",
  "reward_arenapoint" : 441
}, {
  "id" : 115,
  "rank" : "115|115",
  "reward_arenapoint" : 440
}, {
  "id" : 116,
  "rank" : "116|116",
  "reward_arenapoint" : 439
}, {
  "id" : 117,
  "rank" : "117|117",
  "reward_arenapoint" : 438
}, {
  "id" : 118,
  "rank" : "118|118",
  "reward_arenapoint" : 437
}, {
  "id" : 119,
  "rank" : "119|119",
  "reward_arenapoint" : 436
}, {
  "id" : 120,
  "rank" : "120|120",
  "reward_arenapoint" : 435
}, {
  "id" : 121,
  "rank" : "121|121",
  "reward_arenapoint" : 434
}, {
  "id" : 122,
  "rank" : "122|122",
  "reward_arenapoint" : 433
}, {
  "id" : 123,
  "rank" : "123|123",
  "reward_arenapoint" : 432
}, {
  "id" : 124,
  "rank" : "124|124",
  "reward_arenapoint" : 431
}, {
  "id" : 125,
  "rank" : "125|125",
  "reward_arenapoint" : 430
}, {
  "id" : 126,
  "rank" : "126|126",
  "reward_arenapoint" : 429
}, {
  "id" : 127,
  "rank" : "127|127",
  "reward_arenapoint" : 428
}, {
  "id" : 128,
  "rank" : "128|128",
  "reward_arenapoint" : 427
}, {
  "id" : 129,
  "rank" : "129|129",
  "reward_arenapoint" : 426
}, {
  "id" : 130,
  "rank" : "130|130",
  "reward_arenapoint" : 425
}, {
  "id" : 131,
  "rank" : "131|131",
  "reward_arenapoint" : 424
}, {
  "id" : 132,
  "rank" : "132|132",
  "reward_arenapoint" : 423
}, {
  "id" : 133,
  "rank" : "133|133",
  "reward_arenapoint" : 422
}, {
  "id" : 134,
  "rank" : "134|134",
  "reward_arenapoint" : 421
}, {
  "id" : 135,
  "rank" : "135|135",
  "reward_arenapoint" : 420
}, {
  "id" : 136,
  "rank" : "136|136",
  "reward_arenapoint" : 419
}, {
  "id" : 137,
  "rank" : "137|137",
  "reward_arenapoint" : 418
}, {
  "id" : 138,
  "rank" : "138|138",
  "reward_arenapoint" : 417
}, {
  "id" : 139,
  "rank" : "139|139",
  "reward_arenapoint" : 416
}, {
  "id" : 140,
  "rank" : "140|140",
  "reward_arenapoint" : 415
}, {
  "id" : 141,
  "rank" : "141|141",
  "reward_arenapoint" : 414
}, {
  "id" : 142,
  "rank" : "142|142",
  "reward_arenapoint" : 413
}, {
  "id" : 143,
  "rank" : "143|143",
  "reward_arenapoint" : 412
}, {
  "id" : 144,
  "rank" : "144|144",
  "reward_arenapoint" : 411
}, {
  "id" : 145,
  "rank" : "145|145",
  "reward_arenapoint" : 410
}, {
  "id" : 146,
  "rank" : "146|146",
  "reward_arenapoint" : 409
}, {
  "id" : 147,
  "rank" : "147|147",
  "reward_arenapoint" : 408
}, {
  "id" : 148,
  "rank" : "148|148",
  "reward_arenapoint" : 407
}, {
  "id" : 149,
  "rank" : "149|149",
  "reward_arenapoint" : 406
}, {
  "id" : 150,
  "rank" : "150|150",
  "reward_arenapoint" : 405
}, {
  "id" : 151,
  "rank" : "151|151",
  "reward_arenapoint" : 404
}, {
  "id" : 152,
  "rank" : "152|152",
  "reward_arenapoint" : 403
}, {
  "id" : 153,
  "rank" : "153|153",
  "reward_arenapoint" : 402
}, {
  "id" : 154,
  "rank" : "154|154",
  "reward_arenapoint" : 401
}, {
  "id" : 155,
  "rank" : "155|155",
  "reward_arenapoint" : 400
}, {
  "id" : 156,
  "rank" : "156|156",
  "reward_arenapoint" : 399
}, {
  "id" : 157,
  "rank" : "157|157",
  "reward_arenapoint" : 398
}, {
  "id" : 158,
  "rank" : "158|158",
  "reward_arenapoint" : 397
}, {
  "id" : 159,
  "rank" : "159|159",
  "reward_arenapoint" : 396
}, {
  "id" : 160,
  "rank" : "160|160",
  "reward_arenapoint" : 395
}, {
  "id" : 161,
  "rank" : "161|161",
  "reward_arenapoint" : 394
}, {
  "id" : 162,
  "rank" : "162|162",
  "reward_arenapoint" : 393
}, {
  "id" : 163,
  "rank" : "163|163",
  "reward_arenapoint" : 392
}, {
  "id" : 164,
  "rank" : "164|164",
  "reward_arenapoint" : 391
}, {
  "id" : 165,
  "rank" : "165|165",
  "reward_arenapoint" : 390
}, {
  "id" : 166,
  "rank" : "166|166",
  "reward_arenapoint" : 389
}, {
  "id" : 167,
  "rank" : "167|167",
  "reward_arenapoint" : 388
}, {
  "id" : 168,
  "rank" : "168|168",
  "reward_arenapoint" : 387
}, {
  "id" : 169,
  "rank" : "169|169",
  "reward_arenapoint" : 386
}, {
  "id" : 170,
  "rank" : "170|170",
  "reward_arenapoint" : 385
}, {
  "id" : 171,
  "rank" : "171|171",
  "reward_arenapoint" : 384
}, {
  "id" : 172,
  "rank" : "172|172",
  "reward_arenapoint" : 383
}, {
  "id" : 173,
  "rank" : "173|173",
  "reward_arenapoint" : 382
}, {
  "id" : 174,
  "rank" : "174|174",
  "reward_arenapoint" : 381
}, {
  "id" : 175,
  "rank" : "175|175",
  "reward_arenapoint" : 380
}, {
  "id" : 176,
  "rank" : "176|176",
  "reward_arenapoint" : 379
}, {
  "id" : 177,
  "rank" : "177|177",
  "reward_arenapoint" : 378
}, {
  "id" : 178,
  "rank" : "178|178",
  "reward_arenapoint" : 377
}, {
  "id" : 179,
  "rank" : "179|179",
  "reward_arenapoint" : 376
}, {
  "id" : 180,
  "rank" : "180|180",
  "reward_arenapoint" : 375
}, {
  "id" : 181,
  "rank" : "181|181",
  "reward_arenapoint" : 374
}, {
  "id" : 182,
  "rank" : "182|182",
  "reward_arenapoint" : 373
}, {
  "id" : 183,
  "rank" : "183|183",
  "reward_arenapoint" : 372
}, {
  "id" : 184,
  "rank" : "184|184",
  "reward_arenapoint" : 371
}, {
  "id" : 185,
  "rank" : "185|185",
  "reward_arenapoint" : 370
}, {
  "id" : 186,
  "rank" : "186|186",
  "reward_arenapoint" : 369
}, {
  "id" : 187,
  "rank" : "187|187",
  "reward_arenapoint" : 368
}, {
  "id" : 188,
  "rank" : "188|188",
  "reward_arenapoint" : 367
}, {
  "id" : 189,
  "rank" : "189|189",
  "reward_arenapoint" : 366
}, {
  "id" : 190,
  "rank" : "190|190",
  "reward_arenapoint" : 365
}, {
  "id" : 191,
  "rank" : "191|191",
  "reward_arenapoint" : 364
}, {
  "id" : 192,
  "rank" : "192|192",
  "reward_arenapoint" : 363
}, {
  "id" : 193,
  "rank" : "193|193",
  "reward_arenapoint" : 362
}, {
  "id" : 194,
  "rank" : "194|194",
  "reward_arenapoint" : 361
}, {
  "id" : 195,
  "rank" : "195|195",
  "reward_arenapoint" : 360
}, {
  "id" : 196,
  "rank" : "196|196",
  "reward_arenapoint" : 359
}, {
  "id" : 197,
  "rank" : "197|197",
  "reward_arenapoint" : 358
}, {
  "id" : 198,
  "rank" : "198|198",
  "reward_arenapoint" : 357
}, {
  "id" : 199,
  "rank" : "199|199",
  "reward_arenapoint" : 356
}, {
  "id" : 200,
  "rank" : "200|200",
  "reward_arenapoint" : 355
}, {
  "id" : 201,
  "rank" : "201|201",
  "reward_arenapoint" : 354
}, {
  "id" : 202,
  "rank" : "202|202",
  "reward_arenapoint" : 353
}, {
  "id" : 203,
  "rank" : "203|203",
  "reward_arenapoint" : 352
}, {
  "id" : 204,
  "rank" : "204|204",
  "reward_arenapoint" : 351
}, {
  "id" : 205,
  "rank" : "205|205",
  "reward_arenapoint" : 350
}, {
  "id" : 206,
  "rank" : "206|206",
  "reward_arenapoint" : 349
}, {
  "id" : 207,
  "rank" : "207|207",
  "reward_arenapoint" : 348
}, {
  "id" : 208,
  "rank" : "208|208",
  "reward_arenapoint" : 347
}, {
  "id" : 209,
  "rank" : "209|209",
  "reward_arenapoint" : 346
}, {
  "id" : 210,
  "rank" : "210|210",
  "reward_arenapoint" : 345
}, {
  "id" : 211,
  "rank" : "211|211",
  "reward_arenapoint" : 344
}, {
  "id" : 212,
  "rank" : "212|212",
  "reward_arenapoint" : 343
}, {
  "id" : 213,
  "rank" : "213|213",
  "reward_arenapoint" : 342
}, {
  "id" : 214,
  "rank" : "214|214",
  "reward_arenapoint" : 341
}, {
  "id" : 215,
  "rank" : "215|215",
  "reward_arenapoint" : 340
}, {
  "id" : 216,
  "rank" : "216|216",
  "reward_arenapoint" : 339
}, {
  "id" : 217,
  "rank" : "217|217",
  "reward_arenapoint" : 338
}, {
  "id" : 218,
  "rank" : "218|218",
  "reward_arenapoint" : 337
}, {
  "id" : 219,
  "rank" : "219|219",
  "reward_arenapoint" : 336
}, {
  "id" : 220,
  "rank" : "220|220",
  "reward_arenapoint" : 335
}, {
  "id" : 221,
  "rank" : "221|221",
  "reward_arenapoint" : 334
}, {
  "id" : 222,
  "rank" : "222|222",
  "reward_arenapoint" : 333
}, {
  "id" : 223,
  "rank" : "223|223",
  "reward_arenapoint" : 332
}, {
  "id" : 224,
  "rank" : "224|224",
  "reward_arenapoint" : 331
}, {
  "id" : 225,
  "rank" : "225|225",
  "reward_arenapoint" : 330
}, {
  "id" : 226,
  "rank" : "226|226",
  "reward_arenapoint" : 329
}, {
  "id" : 227,
  "rank" : "227|227",
  "reward_arenapoint" : 328
}, {
  "id" : 228,
  "rank" : "228|228",
  "reward_arenapoint" : 327
}, {
  "id" : 229,
  "rank" : "229|229",
  "reward_arenapoint" : 326
}, {
  "id" : 230,
  "rank" : "230|230",
  "reward_arenapoint" : 325
}, {
  "id" : 231,
  "rank" : "231|231",
  "reward_arenapoint" : 324
}, {
  "id" : 232,
  "rank" : "232|232",
  "reward_arenapoint" : 323
}, {
  "id" : 233,
  "rank" : "233|233",
  "reward_arenapoint" : 322
}, {
  "id" : 234,
  "rank" : "234|234",
  "reward_arenapoint" : 321
}, {
  "id" : 235,
  "rank" : "235|235",
  "reward_arenapoint" : 320
}, {
  "id" : 236,
  "rank" : "236|236",
  "reward_arenapoint" : 319
}, {
  "id" : 237,
  "rank" : "237|237",
  "reward_arenapoint" : 318
}, {
  "id" : 238,
  "rank" : "238|238",
  "reward_arenapoint" : 317
}, {
  "id" : 239,
  "rank" : "239|239",
  "reward_arenapoint" : 316
}, {
  "id" : 240,
  "rank" : "240|240",
  "reward_arenapoint" : 315
}, {
  "id" : 241,
  "rank" : "241|241",
  "reward_arenapoint" : 314
}, {
  "id" : 242,
  "rank" : "242|242",
  "reward_arenapoint" : 313
}, {
  "id" : 243,
  "rank" : "243|243",
  "reward_arenapoint" : 312
}, {
  "id" : 244,
  "rank" : "244|244",
  "reward_arenapoint" : 311
}, {
  "id" : 245,
  "rank" : "245|245",
  "reward_arenapoint" : 310
}, {
  "id" : 246,
  "rank" : "246|246",
  "reward_arenapoint" : 309
}, {
  "id" : 247,
  "rank" : "247|247",
  "reward_arenapoint" : 308
}, {
  "id" : 248,
  "rank" : "248|248",
  "reward_arenapoint" : 307
}, {
  "id" : 249,
  "rank" : "249|249",
  "reward_arenapoint" : 306
}, {
  "id" : 250,
  "rank" : "250|250",
  "reward_arenapoint" : 305
}, {
  "id" : 251,
  "rank" : "251|251",
  "reward_arenapoint" : 304
}, {
  "id" : 252,
  "rank" : "252|252",
  "reward_arenapoint" : 303
}, {
  "id" : 253,
  "rank" : "253|253",
  "reward_arenapoint" : 302
}, {
  "id" : 254,
  "rank" : "254|254",
  "reward_arenapoint" : 301
}, {
  "id" : 255,
  "rank" : "255|255",
  "reward_arenapoint" : 300
}, {
  "id" : 256,
  "rank" : "256|400",
  "reward_arenapoint" : 290
}, {
  "id" : 257,
  "rank" : "401|700",
  "reward_arenapoint" : 280
}, {
  "id" : 258,
  "rank" : "701|1000",
  "reward_arenapoint" : 270
}, {
  "id" : 259,
  "rank" : "1001|1500",
  "reward_arenapoint" : 250
}, {
  "id" : 260,
  "rank" : "1501|3000",
  "reward_arenapoint" : 230
}, {
  "id" : 261,
  "rank" : "3001|5000",
  "reward_arenapoint" : 200
}, {
  "id" : 262,
  "rank" : "5001|9999999",
  "reward_arenapoint" : 150
} ]