[ {
  "id" : 1,
  "rank" : "1|3",
  "item" : 5030,
  "grid1" : 0.9,
  "grid2" : 0.8,
  "grid3" : 0.7,
  "grid4" : 0.6,
  "grid5" : 0.5
}, {
  "id" : 2,
  "rank" : "4|10",
  "item" : 5031,
  "grid1" : 0.9,
  "grid2" : 0.8,
  "grid3" : 0.7,
  "grid4" : 0.6,
  "grid5" : 0.5
}, {
  "id" : 3,
  "rank" : "11|50",
  "item" : 5032,
  "grid1" : 0.9,
  "grid2" : 0.8,
  "grid3" : 0.7,
  "grid4" : 0.6,
  "grid5" : 0.5
}, {
  "id" : 4,
  "rank" : "51|100",
  "item" : 5033,
  "grid1" : 0.95,
  "grid2" : 0.9,
  "grid3" : 0.85,
  "grid4" : 0.8,
  "grid5" : 0.75
}, {
  "id" : 5,
  "rank" : "101|1000",
  "item" : 5034,
  "grid1" : 0.95,
  "grid2" : 0.9,
  "grid3" : 0.85,
  "grid4" : 0.8,
  "grid5" : 0.75
}, {
  "id" : 6,
  "rank" : "1001|5000",
  "item" : 5035,
  "grid1" : 0.975,
  "grid2" : 0.95,
  "grid3" : 0.925,
  "grid4" : 0.9,
  "grid5" : 0.875
}, {
  "id" : 7,
  "rank" : "5001|9999999",
  "item" : 5036,
  "grid1" : 0.975,
  "grid2" : 0.95,
  "grid3" : 0.925,
  "grid4" : 0.9,
  "grid5" : 0.875
} ]