[ {
  "id" : 1,
  "name" : "忍者屋",
  "icon" : "homeBtn01",
  "desc" : "招募忍者的小屋，十连抓必能抓到A级以上的忍者",
  "produce" : "<silver|2000>",
  "cd" : "60|5|1440",
  "upLevel" : "3|8|13|18|23|28|33|38|43|48",
  "upDesc" : "产出银币|周期时间",
  "initValue" : "5",
  "upValue" : "10",
  "funcCost" : "<silver|30000><gold|298><gold|2980>",
  "show" : 1
}, {
  "id" : 2,
  "name" : "忍术学校",
  "icon" : "homeBtn02",
  "desc" : "获得忍者资格的必经之路，可以修炼各种忍术",
  "produce" : "<silver|2000>",
  "cd" : "60|5",
  "upLevel" : "1|6|11|16|21|26|31|36|41|46",
  "upDesc" : "产出银币|周期时间",
  "initValue" : "5",
  "upValue" : "10",
  "funcCost" : "<silver|30000><gold|50>",
  "show" : 1
}, {
  "id" : 3,
  "name" : "拉面屋",
  "icon" : "homeBtn03",
  "desc" : "忍者世界最火爆的拉面屋，偶尔搞搞打劫也不错",
  "produce" : "<silver|2000>",
  "cd" : "60|5|1440",
  "give" : "<energy|50>",
  "time" : "12|18",
  "upLevel" : "5|10|15|20|25|30|35|40|45|50",
  "upDesc" : "产出银币|周期时间",
  "upValue" : "10",
  "show" : 1
}, {
  "id" : 4,
  "name" : "夺宝",
  "cd" : "5",
  "upLevel" : "1",
  "initValue" : "5",
  "funcCost" : "<gold|50>"
}, {
  "id" : 5,
  "name" : "通灵学院",
  "icon" : "homeBtn05",
  "desc" : "大蛇丸老师亲自传授六大通灵术流派",
  "produce" : "<silver|4000>",
  "cd" : "120|5",
  "upLevel" : "7|12|17|22|27|32|37|42|47|52",
  "upDesc" : "产出银币|周期时间",
  "initValue" : "1",
  "upValue" : "10",
  "funcCost" : "<gold|98><gold|298>",
  "show" : 1
}, {
  "id" : 6,
  "name" : "温泉",
  "icon" : "homeBtn06",
  "desc" : "想要升级快，每天泡温泉是不可少的",
  "produce" : "<silver|4000>",
  "cd" : "120|480|480",
  "upLevel" : "13|18|23|28|33|38|43|48|53|58",
  "upDesc" : "产出银币|周期时间",
  "initValue" : "4000|20000",
  "upValue" : "10",
  "funcCost" : "<silver|1000><gold|50>",
  "show" : 1
}, {
  "id" : 7,
  "name" : "竞技场",
  "icon" : "homeBtn07",
  "desc" : "忍者世界高手向往的殿堂，每天按排名发放奖励",
  "produce" : "<silver|15000>",
  "cd" : "480",
  "upLevel" : "24|29|34|39|44|49|54|59|64|69",
  "upDesc" : "产出银币|周期时间",
  "initValue" : "10",
  "upValue" : "10",
  "show" : 1
}, {
  "id" : 8,
  "name" : "实验室",
  "upLevel" : "4",
  "initValue" : "80",
  "funcCost" : "<gold|0><gold|5><gold|10><gold|30><gold|100><gold|200><gold|500>"
}, {
  "id" : 9,
  "name" : "上忍考试",
  "icon" : "homeBtn09",
  "desc" : "高级忍者的必修课，可获得大量稀有锻造材料",
  "produce" : "<silver|8000>",
  "cd" : "240",
  "upLevel" : "16|21|26|31|36|41|46|51|56|61",
  "upDesc" : "产出银币|周期时间",
  "initValue" : "100",
  "upValue" : "10",
  "show" : 1
}, {
  "id" : 10,
  "name" : "尾兽祭坛",
  "icon" : "homeBtn10",
  "desc" : "收集尾兽查克拉，将尾兽技注入到忍者体内",
  "produce" : "<silver|15000>",
  "cd" : "480",
  "upLevel" : "20|25|30|35|40|45|50|55|60|65",
  "upDesc" : "产出银币|周期时间",
  "upValue" : "10",
  "show" : 1
}, {
  "id" : 11,
  "name" : "悬赏任务",
  "cd" : "0|30",
  "upLevel" : "1",
  "initValue" : "15",
  "funcCost" : "<gold|50>"
}, {
  "id" : 12,
  "name" : "影忍堂",
  "icon" : "homeBtn12",
  "desc" : "组队向传说中的忍者发起挑战，将其招募至麾下",
  "produce" : "<silver|8000>",
  "cd" : "240",
  "upLevel" : "10|15|20|25|30|35|40|45|50|55",
  "upDesc" : "产出银币|周期时间",
  "initValue" : "10",
  "upValue" : "10",
  "funcCost" : "<gold|9>",
  "show" : 1
}, {
  "id" : 13,
  "name" : "尾兽之怒",
  "cd" : "0|2",
  "upLevel" : "20",
  "funcCost" : "<gold|20>"
} ]