[ {
  "type" : "1191",
  "reward" : "<5244|1>",
  "mark" : "ZB",
  "channel" : "000255",
  "name" : "九游忍者礼包"
}, {
  "type" : "1193",
  "reward" : "<5245|1>",
  "mark" : "ZC",
  "channel" : "000255",
  "name" : "九游装备礼包"
}, {
  "type" : "1195",
  "reward" : "<5246|1>",
  "mark" : "ZE",
  "channel" : "000255",
  "name" : "九游忍术成长礼包"
}, {
  "type" : "1197",
  "reward" : "<5247|1>",
  "mark" : "ZF",
  "channel" : "000255",
  "name" : "九游豪华礼包"
}, {
  "type" : "1199",
  "reward" : "<5248|1>",
  "mark" : "CL",
  "channel" : "000023",
  "name" : "360忍者礼包"
}, {
  "type" : "1311",
  "reward" : "<5249|1>",
  "mark" : "CM",
  "channel" : "000023",
  "name" : "360装备礼包"
}, {
  "type" : "1313",
  "reward" : "<5250|1>",
  "mark" : "CN",
  "channel" : "000023",
  "name" : "360忍术成长礼包"
}, {
  "type" : "1315",
  "reward" : "<5251|1>",
  "mark" : "CO",
  "channel" : "000023",
  "name" : "360豪华礼包"
}, {
  "type" : "1317",
  "reward" : "<5252|1>",
  "mark" : "AR",
  "channel" : "110000",
  "name" : "百度忍者礼包"
}, {
  "type" : "1319",
  "reward" : "<5253|1>",
  "mark" : "AS",
  "channel" : "110000",
  "name" : "百度装备礼包"
}, {
  "type" : "1331",
  "reward" : "<5254|1>",
  "mark" : "AT",
  "channel" : "110000",
  "name" : "百度忍术成长礼包"
}, {
  "type" : "1333",
  "reward" : "<5255|1>",
  "mark" : "AU",
  "channel" : "110000",
  "name" : "百度豪华礼包"
}, {
  "type" : "1335",
  "reward" : "<5256|1>",
  "mark" : "DL",
  "channel" : "000066",
  "name" : "小米忍者礼包"
}, {
  "type" : "1337",
  "reward" : "<5257|1>",
  "mark" : "DM",
  "channel" : "000066",
  "name" : "小米装备礼包"
}, {
  "type" : "1339",
  "reward" : "<5258|1>",
  "mark" : "DN",
  "channel" : "000066",
  "name" : "小米忍术成长礼包"
}, {
  "type" : "1351",
  "reward" : "<5259|1>",
  "mark" : "DO",
  "channel" : "000066",
  "name" : "小米豪华礼包"
}, {
  "type" : "1353",
  "reward" : "<5260|1>",
  "mark" : "BL",
  "channel" : "000116",
  "name" : "豌豆荚忍者礼包"
}, {
  "type" : "1355",
  "reward" : "<5261|1>",
  "mark" : "BM",
  "channel" : "000116",
  "name" : "豌豆荚装备礼包"
}, {
  "type" : "1357",
  "reward" : "<5262|1>",
  "mark" : "BN",
  "channel" : "000116",
  "name" : "豌豆荚忍术成长礼包"
}, {
  "type" : "1359",
  "reward" : "<5263|1>",
  "mark" : "BO",
  "channel" : "000116",
  "name" : "豌豆荚豪华礼包"
}, {
  "type" : "1371",
  "reward" : "<5264|1>",
  "mark" : "EL",
  "channel" : "000054",
  "name" : "华为忍者礼包"
}, {
  "type" : "1373",
  "reward" : "<5265|1>",
  "mark" : "EM",
  "channel" : "000054",
  "name" : "华为装备礼包"
}, {
  "type" : "1375",
  "reward" : "<5266|1>",
  "mark" : "EN",
  "channel" : "000054",
  "name" : "华为忍术成长礼包"
}, {
  "type" : "1377",
  "reward" : "<5267|1>",
  "mark" : "EO",
  "channel" : "000054",
  "name" : "华为豪华礼包"
}, {
  "type" : "1379",
  "reward" : "<5268|1>",
  "mark" : "FL",
  "channel" : "000016",
  "name" : "联想忍者礼包"
}, {
  "type" : "1391",
  "reward" : "<5269|1>",
  "mark" : "FM",
  "channel" : "000016",
  "name" : "联想装备礼包"
}, {
  "type" : "1393",
  "reward" : "<5270|1>",
  "mark" : "FN",
  "channel" : "000016",
  "name" : "联想忍术成长礼包"
}, {
  "type" : "1395",
  "reward" : "<5271|1>",
  "mark" : "FO",
  "channel" : "000016",
  "name" : "联想豪华礼包"
}, {
  "type" : "1397",
  "reward" : "<5272|1>",
  "mark" : "GL",
  "channel" : "000020",
  "name" : "OPPO忍者礼包"
}, {
  "type" : "1399",
  "reward" : "<5273|1>",
  "mark" : "GM",
  "channel" : "000020",
  "name" : "OPPO装备礼包"
}, {
  "type" : "1511",
  "reward" : "<5274|1>",
  "mark" : "GN",
  "channel" : "000020",
  "name" : "OPPO忍术成长礼包"
}, {
  "type" : "1513",
  "reward" : "<5275|1>",
  "mark" : "GO",
  "channel" : "000020",
  "name" : "OPPO豪华礼包"
}, {
  "type" : "1515",
  "reward" : "<5276|1>",
  "mark" : "HL",
  "channel" : "000286",
  "name" : "金立忍者礼包"
}, {
  "type" : "1517",
  "reward" : "<5277|1>",
  "mark" : "HM",
  "channel" : "000286",
  "name" : "金立装备礼包"
}, {
  "type" : "1519",
  "reward" : "<5278|1>",
  "mark" : "HN",
  "channel" : "000286",
  "name" : "金立忍术成长礼包"
}, {
  "type" : "1531",
  "reward" : "<5279|1>",
  "mark" : "HO",
  "channel" : "000286",
  "name" : "金立豪华礼包"
}, {
  "type" : "1533",
  "reward" : "<5280|1>",
  "mark" : "AAA",
  "name" : "微信尊享礼包"
}, {
  "type" : "1535",
  "reward" : "<5281|1>",
  "mark" : "AV",
  "channel" : "110000",
  "name" : "百度中忍礼包"
}, {
  "type" : "1537",
  "reward" : "<5282|1>",
  "mark" : "AW",
  "channel" : "110000",
  "name" : "百度上忍礼包"
}, {
  "type" : "1539",
  "reward" : "<5283|1>",
  "mark" : "CAA",
  "channel" : "000023",
  "name" : "360锻造礼包"
}, {
  "type" : "1551",
  "reward" : "<5284|1>",
  "mark" : "CAB",
  "channel" : "000023",
  "name" : "360进阶礼包"
}, {
  "type" : "1553",
  "reward" : "<5285|1>",
  "mark" : "CAC",
  "channel" : "000023",
  "name" : "360高阶忍具礼包"
}, {
  "type" : "1555",
  "reward" : "<5286|1>",
  "mark" : "CAD",
  "channel" : "000023",
  "name" : "360尾兽礼包"
}, {
  "type" : "1557",
  "reward" : "<5287|1>",
  "mark" : "CAE",
  "channel" : "000023",
  "name" : "360体力礼包"
}, {
  "type" : "1559",
  "reward" : "<5288|1>",
  "mark" : "ABE",
  "channel" : "110000",
  "name" : "百度【晓组】礼包"
}, {
  "type" : "1571",
  "reward" : "<5289|1>",
  "mark" : "ABD",
  "channel" : "110000",
  "name" : "百度【暗部】礼包"
}, {
  "type" : "1573",
  "reward" : "<5290|1>",
  "mark" : "ABB",
  "channel" : "110000",
  "name" : "百度【上忍护额】礼包"
}, {
  "type" : "1575",
  "reward" : "<5291|1>",
  "mark" : "ABA",
  "channel" : "110000",
  "name" : "百度【中忍护额】礼包"
}, {
  "type" : "1577",
  "reward" : "<5292|1>",
  "mark" : "ABC",
  "channel" : "110000",
  "name" : "百度【下忍护额】礼包"
}, {
  "type" : "1579",
  "reward" : "<5296|1>",
  "mark" : "ZAA",
  "channel" : "000255",
  "name" : "九游新春礼包"
}, {
  "type" : "1591",
  "reward" : "<5297|1>",
  "mark" : "CAF",
  "channel" : "000023",
  "name" : "360新春礼包"
}, {
  "type" : "1593",
  "reward" : "<5298|1>",
  "mark" : "IAA",
  "channel" : "000368",
  "name" : "vivo忍者礼包"
}, {
  "type" : "1595",
  "reward" : "<5299|1>",
  "mark" : "IAB",
  "channel" : "000368",
  "name" : "vivo装备礼包"
}, {
  "type" : "1597",
  "reward" : "<5300|1>",
  "mark" : "IAC",
  "channel" : "000368",
  "name" : "vivo忍术成长礼包"
}, {
  "type" : "1599",
  "reward" : "<5301|1>",
  "mark" : "IAD",
  "channel" : "000368",
  "name" : "vivo豪华礼包"
}, {
  "type" : "1711",
  "reward" : "<5302|1>",
  "mark" : "JAA",
  "channel" : "000005",
  "name" : "安智忍者礼包"
}, {
  "type" : "1713",
  "reward" : "<5303|1>",
  "mark" : "JAB",
  "channel" : "000005",
  "name" : "安智装备礼包"
}, {
  "type" : "1715",
  "reward" : "<5304|1>",
  "mark" : "JAC",
  "channel" : "000005",
  "name" : "安智忍术成长礼包"
}, {
  "type" : "1717",
  "reward" : "<5305|1>",
  "mark" : "JAD",
  "channel" : "000005",
  "name" : "安智豪华礼包"
}, {
  "type" : "1719",
  "reward" : "<5306|1>",
  "mark" : "KAA",
  "channel" : "000008",
  "name" : "木蚂蚁忍者礼包"
}, {
  "type" : "1731",
  "reward" : "<5307|1>",
  "mark" : "KAB",
  "channel" : "000008",
  "name" : "木蚂蚁装备礼包"
}, {
  "type" : "1733",
  "reward" : "<5308|1>",
  "mark" : "KAC",
  "channel" : "000008",
  "name" : "木蚂蚁忍术成长礼包"
}, {
  "type" : "1735",
  "reward" : "<5309|1>",
  "mark" : "KAD",
  "channel" : "000008",
  "name" : "木蚂蚁豪华礼包"
}, {
  "type" : "1737",
  "reward" : "<5310|1>",
  "mark" : "ABF",
  "channel" : "110000",
  "name" : "百度新春礼包"
}, {
  "type" : "1739",
  "reward" : "<5311|1>",
  "mark" : "DAA",
  "channel" : "000066",
  "name" : "小米新春礼包"
}, {
  "type" : "1751",
  "reward" : "<5315|1>",
  "mark" : "ZAB",
  "channel" : "000255",
  "name" : "九游镰鼬礼包"
}, {
  "type" : "1753",
  "reward" : "<5316|1>",
  "mark" : "ZAC",
  "channel" : "000255",
  "name" : "九游秘术礼包"
}, {
  "type" : "1755",
  "reward" : "<5317|1>",
  "mark" : "ZAD",
  "channel" : "000255",
  "name" : "九游猿魔礼包"
}, {
  "type" : "1757",
  "reward" : "<5318|1>",
  "mark" : "ZAE",
  "channel" : "000255",
  "name" : "九游疾风礼包"
}, {
  "type" : "1759",
  "reward" : "<5319|1>",
  "mark" : "ZAF",
  "channel" : "000255",
  "name" : "九游公会会长礼包"
}, {
  "type" : "1771",
  "reward" : "<5320|1>",
  "mark" : "ZAG",
  "channel" : "000255",
  "name" : "九游公会成员礼包"
}, {
  "type" : "1773",
  "reward" : "<5321|1>",
  "mark" : "CAF",
  "channel" : "000023",
  "name" : "360镰鼬礼包"
}, {
  "type" : "1775",
  "reward" : "<5322|1>",
  "mark" : "CAG",
  "channel" : "000023",
  "name" : "360秘术礼包"
}, {
  "type" : "1777",
  "reward" : "<5323|1>",
  "mark" : "CAH",
  "channel" : "000023",
  "name" : "360猿魔礼包"
}, {
  "type" : "1779",
  "reward" : "<5324|1>",
  "mark" : "CAI",
  "channel" : "000023",
  "name" : "360疾风礼包"
}, {
  "type" : "1791",
  "reward" : "<5325|1>",
  "mark" : "CAJ",
  "channel" : "000023",
  "name" : "360秘传礼包"
}, {
  "type" : "1793",
  "reward" : "<5326|1>",
  "mark" : "CAK",
  "channel" : "000023",
  "name" : "360咒印礼包"
}, {
  "type" : "1795",
  "reward" : "<5327|1>",
  "mark" : "CAL",
  "channel" : "000023",
  "name" : "360月光礼包"
}, {
  "type" : "1797",
  "reward" : "<5328|1>",
  "mark" : "CAM",
  "channel" : "000023",
  "name" : "360召唤礼包"
}, {
  "type" : "1799",
  "reward" : "<5329|1>",
  "mark" : "CAN",
  "channel" : "000023",
  "name" : "360月光疾风礼包"
}, {
  "type" : "1911",
  "reward" : "<5330|1>",
  "mark" : "CAO",
  "channel" : "000023",
  "name" : "360幻术礼包"
}, {
  "type" : "1913",
  "reward" : "<5331|1>",
  "mark" : "CAP",
  "channel" : "000023",
  "name" : "360怒鬼礼包"
}, {
  "type" : "1915",
  "reward" : "<5332|1>",
  "mark" : "ABG",
  "channel" : "110000",
  "name" : "百度镰鼬礼包"
}, {
  "type" : "1917",
  "reward" : "<5333|1>",
  "mark" : "ABH",
  "channel" : "110000",
  "name" : "百度秘术礼包"
}, {
  "type" : "1919",
  "reward" : "<5334|1>",
  "mark" : "ABI",
  "channel" : "110000",
  "name" : "百度猿魔礼包"
}, {
  "type" : "1931",
  "reward" : "<5335|1>",
  "mark" : "ABJ",
  "channel" : "110000",
  "name" : "百度疾风礼包"
}, {
  "type" : "1933",
  "reward" : "<5336|1>",
  "mark" : "ABK",
  "channel" : "110000",
  "name" : "百度秘传礼包"
}, {
  "type" : "1935",
  "reward" : "<5337|1>",
  "mark" : "ABL",
  "channel" : "110000",
  "name" : "百度咒印礼包"
}, {
  "type" : "1937",
  "reward" : "<5338|1>",
  "mark" : "ABM",
  "channel" : "110000",
  "name" : "百度月光礼包"
}, {
  "type" : "1939",
  "reward" : "<5339|1>",
  "mark" : "ABN",
  "channel" : "110000",
  "name" : "百度召唤礼包"
}, {
  "type" : "1951",
  "reward" : "<5340|1>",
  "mark" : "ABO",
  "channel" : "110000",
  "name" : "百度月光疾风礼包"
}, {
  "type" : "1953",
  "reward" : "<5341|1>",
  "mark" : "ABP",
  "channel" : "110000",
  "name" : "百度幻术礼包"
}, {
  "type" : "1955",
  "reward" : "<5342|1>",
  "mark" : "ABQ",
  "channel" : "110000",
  "name" : "百度怒鬼礼包"
}, {
  "type" : "1957",
  "reward" : "<5343|1>",
  "mark" : "DAB",
  "channel" : "000066",
  "name" : "小米镰鼬礼包"
}, {
  "type" : "1959",
  "reward" : "<5344|1>",
  "mark" : "DAC",
  "channel" : "000066",
  "name" : "小米秘术礼包"
}, {
  "type" : "1971",
  "reward" : "<5345|1>",
  "mark" : "DAD",
  "channel" : "000066",
  "name" : "小米猿魔礼包"
}, {
  "type" : "1973",
  "reward" : "<5346|1>",
  "mark" : "DAE",
  "channel" : "000066",
  "name" : "小米疾风礼包"
}, {
  "type" : "1975",
  "reward" : "<5347|1>",
  "mark" : "BAA",
  "channel" : "000116",
  "name" : "豌豆荚镰鼬礼包"
}, {
  "type" : "1977",
  "reward" : "<5348|1>",
  "mark" : "BAB",
  "channel" : "000116",
  "name" : "豌豆荚秘术礼包"
}, {
  "type" : "1979",
  "reward" : "<5349|1>",
  "mark" : "BAC",
  "channel" : "000116",
  "name" : "豌豆荚猿魔礼包"
}, {
  "type" : "1991",
  "reward" : "<5350|1>",
  "mark" : "BAD",
  "channel" : "000116",
  "name" : "豌豆荚疾风礼包"
}, {
  "type" : "1993",
  "reward" : "<5351|1>",
  "mark" : "EAA",
  "channel" : "000054",
  "name" : "华为镰鼬礼包"
}, {
  "type" : "1995",
  "reward" : "<5352|1>",
  "mark" : "EAB",
  "channel" : "000054",
  "name" : "华为秘术礼包"
}, {
  "type" : "1997",
  "reward" : "<5353|1>",
  "mark" : "EAC",
  "channel" : "000054",
  "name" : "华为猿魔礼包"
}, {
  "type" : "1999",
  "reward" : "<5354|1>",
  "mark" : "EAD",
  "channel" : "000054",
  "name" : "华为疾风礼包"
}, {
  "type" : "3111",
  "reward" : "<5355|1>",
  "mark" : "FAA",
  "channel" : "000016",
  "name" : "联想镰鼬礼包"
}, {
  "type" : "3113",
  "reward" : "<5356|1>",
  "mark" : "FAB",
  "channel" : "000016",
  "name" : "联想秘术礼包"
}, {
  "type" : "3115",
  "reward" : "<5357|1>",
  "mark" : "FAC",
  "channel" : "000016",
  "name" : "联想猿魔礼包"
}, {
  "type" : "3117",
  "reward" : "<5358|1>",
  "mark" : "FAD",
  "channel" : "000016",
  "name" : "联想疾风礼包"
}, {
  "type" : "3119",
  "reward" : "<5359|1>",
  "mark" : "GAA",
  "channel" : "000020",
  "name" : "OPPO镰鼬礼包"
}, {
  "type" : "3131",
  "reward" : "<5360|1>",
  "mark" : "GAB",
  "channel" : "000020",
  "name" : "OPPO秘术礼包"
}, {
  "type" : "3133",
  "reward" : "<5361|1>",
  "mark" : "GAC",
  "channel" : "000020",
  "name" : "OPPO猿魔礼包"
}, {
  "type" : "3135",
  "reward" : "<5362|1>",
  "mark" : "GAD",
  "channel" : "000020",
  "name" : "OPPO疾风礼包"
}, {
  "type" : "3137",
  "reward" : "<5363|1>",
  "mark" : "HAA",
  "channel" : "000286",
  "name" : "金立镰鼬礼包"
}, {
  "type" : "3139",
  "reward" : "<5364|1>",
  "mark" : "HAB",
  "channel" : "000286",
  "name" : "金立秘术礼包"
}, {
  "type" : "3151",
  "reward" : "<5365|1>",
  "mark" : "HAC",
  "channel" : "000286",
  "name" : "金立猿魔礼包"
}, {
  "type" : "3153",
  "reward" : "<5366|1>",
  "mark" : "HAD",
  "channel" : "000286",
  "name" : "金立疾风礼包"
}, {
  "type" : "3155",
  "reward" : "<5367|1>",
  "mark" : "AAB",
  "name" : "微信疾风礼包"
}, {
  "type" : "3157",
  "reward" : "<5368|1>",
  "mark" : "AAC",
  "name" : "九游论坛封印礼包"
}, {
  "type" : "3159",
  "reward" : "<5369|1>",
  "mark" : "AAD",
  "name" : "九游论坛咒印礼包"
}, {
  "type" : "3171",
  "reward" : "<5370|1>",
  "mark" : "AAE",
  "name" : "九游论坛血继礼包"
}, {
  "type" : "3173",
  "reward" : "<5371|1>",
  "mark" : "AAF",
  "name" : "九游论坛军粮丸礼包"
}, {
  "type" : "3175",
  "reward" : "<5372|1>",
  "mark" : "AAG",
  "name" : "百度贴吧苦无礼包"
}, {
  "type" : "3177",
  "reward" : "<5373|1>",
  "mark" : "AAH",
  "name" : "百度贴吧千本礼包"
}, {
  "type" : "3179",
  "reward" : "<5374|1>",
  "mark" : "AAI",
  "name" : "百度贴吧禁术礼包"
}, {
  "type" : "3191",
  "reward" : "<5375|1>",
  "mark" : "AAJ",
  "name" : "百度贴吧体术礼包"
}, {
  "type" : "3193",
  "reward" : "<5377|1>",
  "mark" : "IAE",
  "channel" : "000368",
  "name" : "vivo镰鼬礼包"
}, {
  "type" : "3195",
  "reward" : "<5378|1>",
  "mark" : "IAF",
  "channel" : "000368",
  "name" : "vivo秘术礼包"
}, {
  "type" : "3197",
  "reward" : "<5379|1>",
  "mark" : "IAG",
  "channel" : "000368",
  "name" : "vivo猿魔礼包"
}, {
  "type" : "3199",
  "reward" : "<5380|1>",
  "mark" : "IAH",
  "channel" : "000368",
  "name" : "vivo疾风礼包"
}, {
  "type" : "3311",
  "reward" : "<5390|1>",
  "mark" : "AAK",
  "name" : "忍者训练礼包"
}, {
  "type" : "3313",
  "reward" : "<5391|1>",
  "mark" : "AAL",
  "name" : "尊享礼包"
}, {
  "type" : "3315",
  "reward" : "<5392|1>",
  "mark" : "AAM",
  "name" : "超值礼包"
}, {
  "type" : "3317",
  "reward" : "<5393|1>",
  "mark" : "AAN",
  "name" : "土豪礼包"
} ]