[ {
  "type" : "1191",
  "reward" : "<5388|1>",
  "mark" : "AA",
  "channel" : "99902",
  "name" : "羁绊礼包"
}, {
  "type" : "1193",
  "reward" : "<5389|1>",
  "mark" : "AB",
  "channel" : "99902",
  "name" : "五星好评礼包"
}, {
  "type" : "1195",
  "reward" : "<5390|1>",
  "mark" : "AC",
  "channel" : "99902",
  "name" : "秘籍礼包"
}, {
  "type" : "1197",
  "reward" : "<5391|1>",
  "mark" : "AD",
  "channel" : "99902",
  "name" : "忍具礼包"
}, {
  "type" : "1199",
  "reward" : "<5392|1>",
  "mark" : "AE",
  "channel" : "99902",
  "name" : "尾兽礼包"
}, {
  "type" : "1311",
  "reward" : "<5393|1>",
  "mark" : "AF",
  "channel" : "99902",
  "name" : "IOS专属礼包"
}, {
  "type" : "1313",
  "reward" : "<5394|1>",
  "mark" : "AG",
  "channel" : "99902",
  "name" : "IOS忍者疾风礼包"
}, {
  "type" : "1315",
  "reward" : "<5395|1>",
  "mark" : "AH",
  "channel" : "99902",
  "name" : "IOS忍者卡片礼包"
}, {
  "type" : "1317",
  "reward" : "<5401|1>",
  "mark" : "AI",
  "channel" : "99902",
  "name" : "豪华忍者礼包"
}, {
  "type" : "1319",
  "reward" : "<5402|1>",
  "mark" : "AJ",
  "channel" : "99902",
  "name" : "忍者羁绊礼包"
}, {
  "type" : "1331",
  "reward" : "<5403|1>",
  "mark" : "AK",
  "channel" : "99902",
  "name" : "忍者高级材料礼包"
}, {
  "type" : "1333",
  "reward" : "<5404|1>",
  "mark" : "AL",
  "channel" : "99902",
  "name" : "忍者卡片礼包"
}, {
  "type" : "1335",
  "reward" : "<5405|1>",
  "mark" : "AM",
  "channel" : "99902",
  "name" : "忍者限量礼包"
}, {
  "type" : "1337",
  "reward" : "<5406|1>",
  "mark" : "AN",
  "channel" : "99902",
  "name" : "忍者钻石礼包"
}, {
  "type" : "1339",
  "reward" : "<5407|1>",
  "mark" : "AO",
  "channel" : "99902",
  "name" : "18183独家礼包"
}, {
  "type" : "1351",
  "reward" : "<5408|1>",
  "mark" : "AP",
  "channel" : "99902",
  "name" : "新浪独家礼包"
}, {
  "type" : "1353",
  "reward" : "<5409|1>",
  "mark" : "AQ",
  "channel" : "99902",
  "name" : "游久独家礼包"
}, {
  "type" : "1355",
  "reward" : "<5410|1>",
  "mark" : "AR",
  "channel" : "99902",
  "name" : "蚕豆网独家礼包"
}, {
  "type" : "1357",
  "reward" : "<5411|1>",
  "mark" : "AS",
  "channel" : "99902",
  "name" : "E蜗牛独家礼包"
}, {
  "type" : "1359",
  "reward" : "<5412|1>",
  "mark" : "AT",
  "channel" : "99902",
  "name" : "游戏多独家礼包"
}, {
  "type" : "1371",
  "reward" : "<5413|1>",
  "mark" : "AU",
  "channel" : "99902",
  "name" : "多玩独家礼包"
}, {
  "type" : "1373",
  "reward" : "<5414|1>",
  "mark" : "AV",
  "channel" : "99902",
  "name" : "忍者发财礼包"
}, {
  "type" : "1375",
  "reward" : "<5418|1>",
  "mark" : "AW",
  "channel" : "999051",
  "name" : "好评礼包"
}, {
  "type" : "1377",
  "reward" : "<5419|1>",
  "mark" : "AX",
  "channel" : "999051",
  "name" : "新版大礼包"
} ]