[ {
  "name" : "VERSION",
  "value" : "0.0.1"
}, {
  "name" : "CHANNEL",
  "value" : "1"
}, {
  "name" : "CRIT_RATE",
  "value" : "10"
}, {
  "name" : "CRIT_MULTIPLE",
  "value" : "1.5"
}, {
  "name" : "FRIENDS_MAX_NUM",
  "value" : "100"
}, {
  "name" : "INIT_ENERGY_NUM",
  "value" : "100"
}, {
  "name" : "BUY_ENERGY_NUM",
  "value" : "50"
}, {
  "name" : "BAG_EQP",
  "value" : "80|20|0|2"
}, {
  "name" : "BAG_ITEM",
  "value" : "80|20|0|2"
}, {
  "name" : "BAG_MATERIAL",
  "value" : "80|20|0|2"
}, {
  "name" : "ENERGY_INC",
  "value" : "5"
}, {
  "name" : "ENERGY_COST",
  "value" : "50|50|75|75|100|100|100|150|150|150|200"
}, {
  "name" : "AID_INC",
  "value" : "10|10|50|10"
}, {
  "name" : "SILVER_COST",
  "value" : "50|50|75|75|100|100|100|150|150|150|200"
}, {
  "name" : "BUY_SILVER_NUM",
  "value" : "50000"
}, {
  "name" : "OPEN_SLOT_PRICE",
  "value" : "10"
}, {
  "name" : "PER_LV_INC",
  "value" : "0.05"
}, {
  "name" : "FORCE_SILVER",
  "value" : "5000"
}, {
  "name" : "TAKE_NUM",
  "value" : "100"
}, {
  "name" : "TAKE_SILVER",
  "value" : "10"
}, {
  "name" : "MAX_QUALITY_LV",
  "value" : "5"
}, {
  "name" : "COST_MUTI",
  "value" : "1|2|3|4|5"
}, {
  "name" : "RS_COIN",
  "value" : "20"
}, {
  "name" : "RS_ROLE_LEVEL",
  "value" : "10"
}, {
  "name" : "FB_RESET_COST",
  "value" : "20|50|100|200|350|500"
}, {
  "name" : "FIRST_NORMAL_REC",
  "value" : "10"
}, {
  "name" : "FIRST_MID_REC",
  "value" : "18"
}, {
  "name" : "FUND_COST",
  "value" : "2000"
}, {
  "name" : "SECOND_MID_REC",
  "value" : "41"
}, {
  "name" : "FIRST_MID_REC_CD",
  "value" : "30"
}, {
  "name" : "PVP_COUNT_COST",
  "value" : "50|50|100|100|150"
}, {
  "name" : "PVP_INC",
  "value" : "10"
}, {
  "name" : "REFRESH_SHOPPING_COST",
  "value" : "1000|1000|1000|1000|1000|1000|1000|1000|1000|1000|5000|5000|5000|5000|5000|5000|5000|5000|5000|5000|10000|10000|10000|10000|10000|50000|50000|50000|50000|50000|100000"
}, {
  "name" : "OLD_SERVER_MAX",
  "value" : "30"
}, {
  "name" : "SKILL_STAR_UP_RATE",
  "value" : "0.04"
}, {
  "name" : "REFRESH_BLACK_COST",
  "value" : "10|10|10|10|10|10|10|10|10|10|30|30|30|30|30|30|30|30|30|30|100|100|100|100|100|300|300|300|300|300|500"
}, {
  "name" : "HIGH_VALUE_GOODS",
  "value" : "20"
}, {
  "name" : "SWEEP_ELITE_STAGE",
  "value" : "2"
}, {
  "name" : "SWEEP_COMMON_STAGE",
  "value" : "3"
}, {
  "name" : "ELITE_RESET_COST",
  "value" : "50|100|150|200|400|600"
}, {
  "name" : "PREFER_IS_OPEN_MONTHCARD",
  "value" : "1"
}, {
  "name" : "PREFER_IS_OPEN_GIFTCODE",
  "value" : "1"
}, {
  "name" : "TEAM_PAGE_IN_MAX_TEAMS",
  "value" : "7"
}, {
  "name" : "TEAM_JOIN_LEVEL",
  "value" : "15|100"
}, {
  "name" : "TEAM_NAME_LEN",
  "value" : "1|12"
}, {
  "name" : "TEAM_MAX_ANNOUNCE_LEN",
  "value" : "120"
}, {
  "name" : "TEAM_CREATE_COSTS",
  "value" : "500|1000000"
}, {
  "name" : "TEAM_CREATE_VILLAGE_LEVEL",
  "value" : "40"
}, {
  "name" : "TEAM_MAX_APPLY_TEAMS",
  "value" : "5"
}, {
  "name" : "TEAM_MAX_INTRO_LEN",
  "value" : "120"
}, {
  "name" : "FIRST_PAY_RESET",
  "value" : "8"
}, {
  "name" : "TEAM_DONATE_GOLD_CONV_WEALTH",
  "value" : "1|5|5"
}, {
  "name" : "REFRESH_SHOP_COST",
  "value" : "50|50|100|100|150"
}, {
  "name" : "REFRESH_SHOP_TIMES",
  "value" : "5"
}, {
  "name" : "REFRESH_NINJASHOP_COST",
  "value" : "50|50|100|100|150"
}, {
  "name" : "REFRESH_NINJASHOP_TIMES",
  "value" : "5"
}, {
  "name" : "REFRESH_ARENASHOP_COST",
  "value" : "50|50|100|100|150"
}, {
  "name" : "REFRESH_ARENASHOP_TIMES",
  "value" : "5"
}, {
  "name" : "WIN_ARENA_GET_POINT",
  "value" : "10"
}, {
  "name" : "LOSE_ARENA_GET_POINT",
  "value" : "2"
}, {
  "name" : "EXAM_SHOW_BOX",
  "value" : "5423|5422|5421"
}, {
  "name" : "SEND_NINJA_REWARD",
  "value" : "20|10"
} ]