[ {
  "day" : 1,
  "item" : "<5424|5>",
  "v2" : 1
}, {
  "day" : 2,
  "item" : "<40|1>"
}, {
  "day" : 3,
  "item" : "<5081|5>",
  "v2" : 1
}, {
  "day" : 4,
  "item" : "<gold|100>"
}, {
  "day" : 5,
  "item" : "<gold|100>"
}, {
  "day" : 6,
  "item" : "<5424|5>",
  "v2" : 1
}, {
  "day" : 7,
  "item" : "<5082|5>"
}, {
  "day" : 8,
  "item" : "<5425|5>",
  "v2" : 1
}, {
  "day" : 9,
  "item" : "<5082|5>"
}, {
  "day" : 10,
  "item" : "<5073|5>"
}, {
  "day" : 11,
  "item" : "<gold|120>"
}, {
  "day" : 12,
  "item" : "<gold|120>"
}, {
  "day" : 13,
  "item" : "<5425|5>",
  "v2" : 1
}, {
  "day" : 14,
  "item" : "<5055|1>"
}, {
  "day" : 15,
  "item" : "<5426|5>",
  "v2" : 1
}, {
  "day" : 16,
  "item" : "<5423|5>"
}, {
  "day" : 17,
  "item" : "<5995|5>",
  "v2" : 1
}, {
  "day" : 18,
  "item" : "<gold|140>"
}, {
  "day" : 19,
  "item" : "<gold|140>"
}, {
  "day" : 20,
  "item" : "<5426|5>",
  "v2" : 1
}, {
  "day" : 21,
  "item" : "<5083|5>"
}, {
  "day" : 22,
  "item" : "<5427|5>",
  "v2" : 1
}, {
  "day" : 23,
  "item" : "<5073|5>"
}, {
  "day" : 24,
  "item" : "<5995|10>",
  "v2" : 1
}, {
  "day" : 25,
  "item" : "<gold|160>"
}, {
  "day" : 26,
  "item" : "<gold|160>"
}, {
  "day" : 27,
  "item" : "<5427|5>",
  "v2" : 1
}, {
  "day" : 28,
  "item" : "<5423|5>"
} ]