[ {
  "id" : 1,
  "type" : "6010",
  "amount" : 1,
  "rate" : 3,
  "precious" : 1
}, {
  "id" : 2,
  "type" : "6009",
  "amount" : 1,
  "rate" : 9,
  "precious" : 1
}, {
  "id" : 3,
  "type" : "6008",
  "amount" : 1,
  "rate" : 60,
  "precious" : 1
}, {
  "id" : 4,
  "type" : "6007",
  "amount" : 1,
  "rate" : 180,
  "precious" : 1
}, {
  "id" : 5,
  "type" : "6006",
  "amount" : 1,
  "rate" : 600,
  "precious" : 1
}, {
  "id" : 6,
  "type" : "6005",
  "amount" : 1,
  "rate" : 3000,
  "precious" : 1
}, {
  "id" : 7,
  "type" : "6002",
  "amount" : 1,
  "rate" : 3600,
  "precious" : 1
}, {
  "id" : 8,
  "type" : "6001",
  "amount" : 1,
  "rate" : 4500,
  "precious" : 1
}, {
  "id" : 9,
  "type" : "6000",
  "amount" : 1,
  "rate" : 9500,
  "precious" : 1
}, {
  "id" : 10,
  "type" : "6003",
  "amount" : 1,
  "rate" : 9600,
  "precious" : 0
}, {
  "id" : 11,
  "type" : "6004",
  "amount" : 1,
  "rate" : 9700,
  "precious" : 0
}, {
  "id" : 12,
  "type" : "silver",
  "amount" : 100,
  "rate" : 9800,
  "precious" : 0
}, {
  "id" : 13,
  "type" : "silver",
  "amount" : 200,
  "rate" : 9900,
  "precious" : 0
}, {
  "id" : 14,
  "type" : "silver",
  "amount" : 300,
  "rate" : 10000,
  "precious" : 0
} ]