[ {
  "id" : 1,
  "item" : "<6003|1|4000>"
}, {
  "id" : 1,
  "item" : "<6004|1|8000>"
}, {
  "id" : 1,
  "item" : "<|0|10000>"
}, {
  "id" : 2,
  "item" : "<6003|1|3000>"
}, {
  "id" : 2,
  "item" : "<6004|1|6000>"
}, {
  "id" : 2,
  "item" : "<3015|1|8000>"
}, {
  "id" : 2,
  "item" : "<|0|10000>"
}, {
  "id" : 3,
  "item" : "<6003|1|3000>"
}, {
  "id" : 3,
  "item" : "<6004|2|6000>"
}, {
  "id" : 3,
  "item" : "<3010|1|8000>"
}, {
  "id" : 3,
  "item" : "<|0|10000>"
}, {
  "id" : 4,
  "item" : "<6003|1|3000>"
}, {
  "id" : 4,
  "item" : "<6004|2|6000>"
}, {
  "id" : 4,
  "item" : "<3000|1|8000>"
}, {
  "id" : 4,
  "item" : "<|0|10000>"
}, {
  "id" : 5,
  "item" : "<6003|1|3000>"
}, {
  "id" : 5,
  "item" : "<6004|2|6000>"
}, {
  "id" : 5,
  "item" : "<3005|1|8000>"
}, {
  "id" : 5,
  "item" : "<|0|10000>"
}, {
  "id" : 6,
  "item" : "<6003|1|3000>"
}, {
  "id" : 6,
  "item" : "<6004|2|6000>"
}, {
  "id" : 6,
  "item" : "<3020|1|8000>"
}, {
  "id" : 6,
  "item" : "<|0|10000>"
}, {
  "id" : 7,
  "item" : "<6003|1|3000>"
}, {
  "id" : 7,
  "item" : "<6004|2|6000>"
}, {
  "id" : 7,
  "item" : "<3025|1|8000>"
}, {
  "id" : 7,
  "item" : "<|0|10000>"
}, {
  "id" : 8,
  "item" : "<6003|1|3000>"
}, {
  "id" : 8,
  "item" : "<6004|2|6000>"
}, {
  "id" : 8,
  "item" : "<3030|1|8000>"
}, {
  "id" : 8,
  "item" : "<|0|10000>"
}, {
  "id" : 9,
  "item" : "<6003|1|3000>"
}, {
  "id" : 9,
  "item" : "<6004|2|6000>"
}, {
  "id" : 9,
  "item" : "<3035|1|8000>"
}, {
  "id" : 9,
  "item" : "<|0|10000>"
}, {
  "id" : 10,
  "item" : "<6000|1|4000>"
}, {
  "id" : 10,
  "item" : "<|0|10000>"
}, {
  "id" : 11,
  "item" : "<6005|1|2000>"
}, {
  "id" : 11,
  "item" : "<|0|10000>"
}, {
  "id" : 12,
  "item" : "<6003|2|5000>"
}, {
  "id" : 12,
  "item" : "<6001|1|6000>"
}, {
  "id" : 12,
  "item" : "<|0|10000>"
}, {
  "id" : 13,
  "item" : "<6001|1|1000>"
}, {
  "id" : 13,
  "item" : "<6005|1|2000>"
}, {
  "id" : 13,
  "item" : "<6002|1|2500>"
}, {
  "id" : 13,
  "item" : "<|0|10000>"
}, {
  "id" : 14,
  "item" : "<6001|1|1000>"
}, {
  "id" : 14,
  "item" : "<6005|1|2000>"
}, {
  "id" : 14,
  "item" : "<6007|1|2500>"
}, {
  "id" : 14,
  "item" : "<|0|10000>"
}, {
  "id" : 15,
  "item" : "<6003|2|2500>"
}, {
  "id" : 15,
  "item" : "<6004|2|5000>"
}, {
  "id" : 15,
  "item" : "<6006|1|6000>"
}, {
  "id" : 15,
  "item" : "<|0|10000>"
}, {
  "id" : 16,
  "item" : "<6001|1|1000>"
}, {
  "id" : 16,
  "item" : "<6005|1|2000>"
}, {
  "id" : 16,
  "item" : "<|0|10000>"
}, {
  "id" : 17,
  "item" : "<6001|1|1000>"
}, {
  "id" : 17,
  "item" : "<6005|1|2000>"
}, {
  "id" : 17,
  "item" : "<|0|10000>"
}, {
  "id" : 18,
  "item" : "<6001|1|1000>"
}, {
  "id" : 18,
  "item" : "<6005|1|2000>"
}, {
  "id" : 18,
  "item" : "<|0|10000>"
}, {
  "id" : 21,
  "item" : "<5041|2|1500>"
}, {
  "id" : 21,
  "item" : "<6104|2|2500>"
}, {
  "id" : 21,
  "item" : "<|0|10000>"
}, {
  "id" : 22,
  "item" : "<5042|2|1500>"
}, {
  "id" : 22,
  "item" : "<6108|2|2200>"
}, {
  "id" : 22,
  "item" : "<|0|10000>"
}, {
  "id" : 23,
  "item" : "<5043|2|1500>"
}, {
  "id" : 23,
  "item" : "<6109|2|2200>"
}, {
  "id" : 23,
  "item" : "<|0|10000>"
}, {
  "id" : 24,
  "item" : "<5044|2|1500>"
}, {
  "id" : 24,
  "item" : "<6110|2|2200>"
}, {
  "id" : 24,
  "item" : "<|0|10000>"
}, {
  "id" : 25,
  "item" : "<5045|2|1500>"
}, {
  "id" : 25,
  "item" : "<6111|2|2200>"
}, {
  "id" : 25,
  "item" : "<|0|10000>"
}, {
  "id" : 26,
  "item" : "<5046|2|1500>"
}, {
  "id" : 26,
  "item" : "<6112|2|2200>"
}, {
  "id" : 26,
  "item" : "<|0|10000>"
}, {
  "id" : 27,
  "item" : "<5047|2|1500>"
}, {
  "id" : 27,
  "item" : "<6113|2|2200>"
}, {
  "id" : 27,
  "item" : "<|0|10000>"
}, {
  "id" : 28,
  "item" : "<5048|1|3300>"
}, {
  "id" : 28,
  "item" : "<5048|2|6700>"
}, {
  "id" : 28,
  "item" : "<5048|3|10000>"
}, {
  "id" : 29,
  "item" : "<5049|1|3300>"
}, {
  "id" : 29,
  "item" : "<5049|2|6700>"
}, {
  "id" : 29,
  "item" : "<5049|3|10000>"
}, {
  "id" : 30,
  "item" : "<5041|2|3300>"
}, {
  "id" : 30,
  "item" : "<5042|2|6700>"
}, {
  "id" : 30,
  "item" : "<5043|2|10000>"
}, {
  "id" : 31,
  "item" : "<5044|2|3300>"
}, {
  "id" : 31,
  "item" : "<5045|2|6700>"
}, {
  "id" : 31,
  "item" : "<5046|2|10000>"
}, {
  "id" : 32,
  "item" : "<5047|2|3300>"
}, {
  "id" : 32,
  "item" : "<5048|2|6700>"
}, {
  "id" : 32,
  "item" : "<5049|2|10000>"
}, {
  "id" : 41,
  "item" : "<5041|3|3300>"
}, {
  "id" : 41,
  "item" : "<5041|2|6700>"
}, {
  "id" : 41,
  "item" : "<5041|1|10000>"
}, {
  "id" : 42,
  "item" : "<5042|3|3300>"
}, {
  "id" : 42,
  "item" : "<5042|2|6700>"
}, {
  "id" : 42,
  "item" : "<5042|1|10000>"
}, {
  "id" : 43,
  "item" : "<5043|3|3300>"
}, {
  "id" : 43,
  "item" : "<5043|2|6700>"
}, {
  "id" : 43,
  "item" : "<5043|1|10000>"
}, {
  "id" : 44,
  "item" : "<5044|3|3300>"
}, {
  "id" : 44,
  "item" : "<5044|2|6700>"
}, {
  "id" : 44,
  "item" : "<5044|1|10000>"
}, {
  "id" : 45,
  "item" : "<5045|3|3300>"
}, {
  "id" : 45,
  "item" : "<5045|2|6700>"
}, {
  "id" : 45,
  "item" : "<5045|1|10000>"
}, {
  "id" : 46,
  "item" : "<5046|3|3300>"
}, {
  "id" : 46,
  "item" : "<5046|2|6700>"
}, {
  "id" : 46,
  "item" : "<5046|3|3300>"
}, {
  "id" : 46,
  "item" : "<5046|2|6700>"
}, {
  "id" : 46,
  "item" : "<5046|1|10000>"
}, {
  "id" : 47,
  "item" : "<5047|3|3300>"
}, {
  "id" : 47,
  "item" : "<5047|2|6700>"
}, {
  "id" : 47,
  "item" : "<5047|1|10000>"
}, {
  "id" : 48,
  "item" : "<5048|3|3300>"
}, {
  "id" : 48,
  "item" : "<5048|2|6700>"
}, {
  "id" : 48,
  "item" : "<5048|1|10000>"
}, {
  "id" : 49,
  "item" : "<5049|3|3300>"
}, {
  "id" : 49,
  "item" : "<5049|2|6700>"
}, {
  "id" : 49,
  "item" : "<5049|1|10000>"
}, {
  "id" : 50,
  "item" : "<6012|1|5000>"
}, {
  "id" : 50,
  "item" : "<|0|10000>"
}, {
  "id" : 51,
  "item" : "<6013|1|5000>"
}, {
  "id" : 51,
  "item" : "<|0|10000>"
}, {
  "id" : 52,
  "item" : "<6014|1|5000>"
}, {
  "id" : 52,
  "item" : "<|0|10000>"
}, {
  "id" : 53,
  "item" : "<6015|1|5000>"
}, {
  "id" : 53,
  "item" : "<|0|10000>"
}, {
  "id" : 54,
  "item" : "<6016|1|5000>"
}, {
  "id" : 54,
  "item" : "<|0|10000>"
}, {
  "id" : 55,
  "item" : "<6017|1|5000>"
}, {
  "id" : 55,
  "item" : "<|0|10000>"
}, {
  "id" : 56,
  "item" : "<5065|1|5000>"
}, {
  "id" : 56,
  "item" : "<|0|10000>"
}, {
  "id" : 57,
  "item" : "<5065|1|1200>"
}, {
  "id" : 57,
  "item" : "<5061|1|4200>"
}, {
  "id" : 57,
  "item" : "<|0|10000>"
}, {
  "id" : 58,
  "item" : "<5065|1|1200>"
}, {
  "id" : 58,
  "item" : "<5061|2|4200>"
}, {
  "id" : 58,
  "item" : "<5062|1|4400>"
}, {
  "id" : 58,
  "item" : "<|0|10000>"
}, {
  "id" : 61,
  "item" : "<6003|5|2000>"
}, {
  "id" : 61,
  "item" : "<6004|5|4000>"
}, {
  "id" : 61,
  "item" : "<5081|2|8000>"
}, {
  "id" : 61,
  "item" : "<5091|1|10000>"
}, {
  "id" : 62,
  "item" : "<6012|1|2000>"
}, {
  "id" : 62,
  "item" : "<6013|1|4000>"
}, {
  "id" : 62,
  "item" : "<5081|2|8000>"
}, {
  "id" : 62,
  "item" : "<5092|1|8750>"
}, {
  "id" : 62,
  "item" : "<5091|1|10000>"
}, {
  "id" : 63,
  "item" : "<6012|2|2000>"
}, {
  "id" : 63,
  "item" : "<6013|2|4000>"
}, {
  "id" : 63,
  "item" : "<5081|2|8000>"
}, {
  "id" : 63,
  "item" : "<5092|1|8750>"
}, {
  "id" : 63,
  "item" : "<5091|1|10000>"
}, {
  "id" : 64,
  "item" : "<6012|2|2000>"
}, {
  "id" : 64,
  "item" : "<6013|2|4000>"
}, {
  "id" : 64,
  "item" : "<5081|2|8000>"
}, {
  "id" : 64,
  "item" : "<5092|1|8750>"
}, {
  "id" : 64,
  "item" : "<5091|1|10000>"
}, {
  "id" : 65,
  "item" : "<6014|1|2000>"
}, {
  "id" : 65,
  "item" : "<6015|1|4000>"
}, {
  "id" : 65,
  "item" : "<5081|2|8000>"
}, {
  "id" : 65,
  "item" : "<5092|1|8750>"
}, {
  "id" : 65,
  "item" : "<5091|1|10000>"
}, {
  "id" : 66,
  "item" : "<6014|2|3050>"
}, {
  "id" : 66,
  "item" : "<6015|2|5850>"
}, {
  "id" : 66,
  "item" : "<5082|1|8650>"
}, {
  "id" : 66,
  "item" : "<5092|1|9700>"
}, {
  "id" : 66,
  "item" : "<5093|1|10000>"
}, {
  "id" : 67,
  "item" : "<6014|2|3050>"
}, {
  "id" : 67,
  "item" : "<6015|2|5850>"
}, {
  "id" : 67,
  "item" : "<5082|1|8650>"
}, {
  "id" : 67,
  "item" : "<5092|1|9700>"
}, {
  "id" : 67,
  "item" : "<5093|1|10000>"
}, {
  "id" : 68,
  "item" : "<6016|1|3050>"
}, {
  "id" : 68,
  "item" : "<6017|1|5850>"
}, {
  "id" : 68,
  "item" : "<5083|1|8650>"
}, {
  "id" : 68,
  "item" : "<5092|1|9700>"
}, {
  "id" : 68,
  "item" : "<5093|1|10000>"
}, {
  "id" : 69,
  "item" : "<6016|2|3050>"
}, {
  "id" : 69,
  "item" : "<6017|2|5850>"
}, {
  "id" : 69,
  "item" : "<5083|1|8650>"
}, {
  "id" : 69,
  "item" : "<5092|1|9700>"
}, {
  "id" : 69,
  "item" : "<5093|1|10000>"
}, {
  "id" : 70,
  "item" : "<6016|2|3050>"
}, {
  "id" : 70,
  "item" : "<6017|2|5850>"
}, {
  "id" : 70,
  "item" : "<5084|1|8650>"
}, {
  "id" : 70,
  "item" : "<5092|1|9700>"
}, {
  "id" : 70,
  "item" : "<5093|1|10000>"
}, {
  "id" : 81,
  "item" : "<3000|1|500>"
}, {
  "id" : 81,
  "item" : "<3001|1|1000>"
}, {
  "id" : 81,
  "item" : "<3002|1|1500>"
}, {
  "id" : 81,
  "item" : "<3003|1|2000>"
}, {
  "id" : 81,
  "item" : "<3004|1|2500>"
}, {
  "id" : 81,
  "item" : "<3005|1|3000>"
}, {
  "id" : 81,
  "item" : "<3006|1|3500>"
}, {
  "id" : 81,
  "item" : "<3007|1|4000>"
}, {
  "id" : 81,
  "item" : "<3008|1|4500>"
}, {
  "id" : 81,
  "item" : "<3009|1|5000>"
}, {
  "id" : 81,
  "item" : "<3010|1|5500>"
}, {
  "id" : 81,
  "item" : "<3011|1|6000>"
}, {
  "id" : 81,
  "item" : "<3012|1|6500>"
}, {
  "id" : 81,
  "item" : "<3013|1|7000>"
}, {
  "id" : 81,
  "item" : "<3014|1|7500>"
}, {
  "id" : 81,
  "item" : "<3015|1|8000>"
}, {
  "id" : 81,
  "item" : "<3016|1|8500>"
}, {
  "id" : 81,
  "item" : "<3017|1|9000>"
}, {
  "id" : 81,
  "item" : "<3018|1|9500>"
}, {
  "id" : 81,
  "item" : "<3019|1|10000>"
}, {
  "id" : 82,
  "item" : "<3020|1|500>"
}, {
  "id" : 82,
  "item" : "<3021|1|1000>"
}, {
  "id" : 82,
  "item" : "<3022|1|1500>"
}, {
  "id" : 82,
  "item" : "<3023|1|2000>"
}, {
  "id" : 82,
  "item" : "<3024|1|2500>"
}, {
  "id" : 82,
  "item" : "<3025|1|3000>"
}, {
  "id" : 82,
  "item" : "<3026|1|3500>"
}, {
  "id" : 82,
  "item" : "<3027|1|4000>"
}, {
  "id" : 82,
  "item" : "<3028|1|4500>"
}, {
  "id" : 82,
  "item" : "<3029|1|5000>"
}, {
  "id" : 82,
  "item" : "<3030|1|5500>"
}, {
  "id" : 82,
  "item" : "<3031|1|6000>"
}, {
  "id" : 82,
  "item" : "<3032|1|6500>"
}, {
  "id" : 82,
  "item" : "<3033|1|7000>"
}, {
  "id" : 82,
  "item" : "<3034|1|7500>"
}, {
  "id" : 82,
  "item" : "<3035|1|8000>"
}, {
  "id" : 82,
  "item" : "<3036|1|8500>"
}, {
  "id" : 82,
  "item" : "<3037|1|9000>"
}, {
  "id" : 82,
  "item" : "<3038|1|9500>"
}, {
  "id" : 82,
  "item" : "<3039|1|10000>"
}, {
  "id" : 83,
  "item" : "<3040|1|500>"
}, {
  "id" : 83,
  "item" : "<3041|1|1000>"
}, {
  "id" : 83,
  "item" : "<3042|1|1500>"
}, {
  "id" : 83,
  "item" : "<3043|1|2000>"
}, {
  "id" : 83,
  "item" : "<3044|1|2500>"
}, {
  "id" : 83,
  "item" : "<3045|1|3000>"
}, {
  "id" : 83,
  "item" : "<3046|1|3500>"
}, {
  "id" : 83,
  "item" : "<3047|1|4000>"
}, {
  "id" : 83,
  "item" : "<3048|1|4500>"
}, {
  "id" : 83,
  "item" : "<3049|1|5000>"
}, {
  "id" : 83,
  "item" : "<3050|1|5500>"
}, {
  "id" : 83,
  "item" : "<3051|1|6000>"
}, {
  "id" : 83,
  "item" : "<3052|1|6500>"
}, {
  "id" : 83,
  "item" : "<3053|1|7000>"
}, {
  "id" : 83,
  "item" : "<3054|1|7500>"
}, {
  "id" : 83,
  "item" : "<3055|1|8000>"
}, {
  "id" : 83,
  "item" : "<3056|1|8500>"
}, {
  "id" : 83,
  "item" : "<3057|1|9000>"
}, {
  "id" : 83,
  "item" : "<3058|1|9500>"
}, {
  "id" : 83,
  "item" : "<3059|1|10000>"
}, {
  "id" : 84,
  "item" : "<3060|1|500>"
}, {
  "id" : 84,
  "item" : "<3061|1|1000>"
}, {
  "id" : 84,
  "item" : "<3062|1|1500>"
}, {
  "id" : 84,
  "item" : "<3063|1|2000>"
}, {
  "id" : 84,
  "item" : "<3064|1|2500>"
}, {
  "id" : 84,
  "item" : "<3065|1|3000>"
}, {
  "id" : 84,
  "item" : "<3066|1|3500>"
}, {
  "id" : 84,
  "item" : "<3067|1|4000>"
}, {
  "id" : 84,
  "item" : "<3068|1|4500>"
}, {
  "id" : 84,
  "item" : "<3069|1|5000>"
}, {
  "id" : 84,
  "item" : "<3070|1|5500>"
}, {
  "id" : 84,
  "item" : "<3071|1|6000>"
}, {
  "id" : 84,
  "item" : "<3072|1|6500>"
}, {
  "id" : 84,
  "item" : "<3073|1|7000>"
}, {
  "id" : 84,
  "item" : "<3074|1|7500>"
}, {
  "id" : 84,
  "item" : "<3075|1|8000>"
}, {
  "id" : 84,
  "item" : "<3076|1|8500>"
}, {
  "id" : 84,
  "item" : "<3077|1|9000>"
}, {
  "id" : 84,
  "item" : "<3078|1|9500>"
}, {
  "id" : 84,
  "item" : "<3079|1|10000>"
}, {
  "id" : 85,
  "item" : "<3080|1|500>"
}, {
  "id" : 85,
  "item" : "<3081|1|1000>"
}, {
  "id" : 85,
  "item" : "<3082|1|1500>"
}, {
  "id" : 85,
  "item" : "<3083|1|2000>"
}, {
  "id" : 85,
  "item" : "<3084|1|2500>"
}, {
  "id" : 85,
  "item" : "<3085|1|3000>"
}, {
  "id" : 85,
  "item" : "<3086|1|3500>"
}, {
  "id" : 85,
  "item" : "<3087|1|4000>"
}, {
  "id" : 85,
  "item" : "<3088|1|4500>"
}, {
  "id" : 85,
  "item" : "<3089|1|5000>"
}, {
  "id" : 85,
  "item" : "<3090|1|5500>"
}, {
  "id" : 85,
  "item" : "<3091|1|6000>"
}, {
  "id" : 85,
  "item" : "<3092|1|6500>"
}, {
  "id" : 85,
  "item" : "<3093|1|7000>"
}, {
  "id" : 85,
  "item" : "<3094|1|7500>"
}, {
  "id" : 85,
  "item" : "<3095|1|8000>"
}, {
  "id" : 85,
  "item" : "<3096|1|8500>"
}, {
  "id" : 85,
  "item" : "<3097|1|9000>"
}, {
  "id" : 85,
  "item" : "<3098|1|9500>"
}, {
  "id" : 85,
  "item" : "<3099|1|10000>"
}, {
  "id" : 86,
  "item" : "<3100|1|500>"
}, {
  "id" : 86,
  "item" : "<3101|1|1000>"
}, {
  "id" : 86,
  "item" : "<3102|1|1500>"
}, {
  "id" : 86,
  "item" : "<3103|1|2000>"
}, {
  "id" : 86,
  "item" : "<3104|1|2500>"
}, {
  "id" : 86,
  "item" : "<3105|1|3000>"
}, {
  "id" : 86,
  "item" : "<3106|1|3500>"
}, {
  "id" : 86,
  "item" : "<3107|1|4000>"
}, {
  "id" : 86,
  "item" : "<3108|1|4500>"
}, {
  "id" : 86,
  "item" : "<3109|1|5000>"
}, {
  "id" : 86,
  "item" : "<3110|1|5500>"
}, {
  "id" : 86,
  "item" : "<3111|1|6000>"
}, {
  "id" : 86,
  "item" : "<3112|1|6500>"
}, {
  "id" : 86,
  "item" : "<3113|1|7000>"
}, {
  "id" : 86,
  "item" : "<3114|1|7500>"
}, {
  "id" : 86,
  "item" : "<3115|1|8000>"
}, {
  "id" : 86,
  "item" : "<3116|1|8500>"
}, {
  "id" : 86,
  "item" : "<3117|1|9000>"
}, {
  "id" : 86,
  "item" : "<3118|1|9500>"
}, {
  "id" : 86,
  "item" : "<3119|1|10000>"
}, {
  "id" : 91,
  "item" : "<6102|1|500>"
}, {
  "id" : 91,
  "item" : "<6103|1|1000>"
}, {
  "id" : 91,
  "item" : "<6104|1|1500>"
}, {
  "id" : 91,
  "item" : "<6105|1|2000>"
}, {
  "id" : 91,
  "item" : "<6142|1|2500>"
}, {
  "id" : 91,
  "item" : "<6144|1|3000>"
}, {
  "id" : 91,
  "item" : "<6145|1|3500>"
}, {
  "id" : 91,
  "item" : "<6146|1|4000>"
}, {
  "id" : 91,
  "item" : "<6147|1|4500>"
}, {
  "id" : 91,
  "item" : "<6149|1|5000>"
}, {
  "id" : 91,
  "item" : "<6150|1|5500>"
}, {
  "id" : 91,
  "item" : "<6151|1|6000>"
}, {
  "id" : 91,
  "item" : "<6152|1|6500>"
}, {
  "id" : 91,
  "item" : "<6153|1|7000>"
}, {
  "id" : 91,
  "item" : "<6154|1|7500>"
}, {
  "id" : 91,
  "item" : "<6155|1|8000>"
}, {
  "id" : 91,
  "item" : "<6156|1|8500>"
}, {
  "id" : 91,
  "item" : "<6157|1|9000>"
}, {
  "id" : 91,
  "item" : "<6158|1|9500>"
}, {
  "id" : 91,
  "item" : "<6159|1|10000>"
}, {
  "id" : 92,
  "item" : "<6106|1|416>"
}, {
  "id" : 92,
  "item" : "<6107|1|833>"
}, {
  "id" : 92,
  "item" : "<6108|1|1250>"
}, {
  "id" : 92,
  "item" : "<6109|1|1667>"
}, {
  "id" : 92,
  "item" : "<6110|1|2084>"
}, {
  "id" : 92,
  "item" : "<6111|1|2501>"
}, {
  "id" : 92,
  "item" : "<6112|1|2918>"
}, {
  "id" : 92,
  "item" : "<6113|1|3335>"
}, {
  "id" : 92,
  "item" : "<6114|1|3752>"
}, {
  "id" : 92,
  "item" : "<6115|1|4169>"
}, {
  "id" : 92,
  "item" : "<6116|1|4586>"
}, {
  "id" : 92,
  "item" : "<6160|1|5003>"
}, {
  "id" : 92,
  "item" : "<6161|1|5420>"
}, {
  "id" : 92,
  "item" : "<6162|1|5837>"
}, {
  "id" : 92,
  "item" : "<6163|1|6254>"
}, {
  "id" : 92,
  "item" : "<6164|1|6671>"
}, {
  "id" : 92,
  "item" : "<6165|1|7088>"
}, {
  "id" : 92,
  "item" : "<6166|1|7505>"
}, {
  "id" : 92,
  "item" : "<6167|1|7922>"
}, {
  "id" : 92,
  "item" : "<6168|1|8339>"
}, {
  "id" : 92,
  "item" : "<6169|1|8756>"
}, {
  "id" : 92,
  "item" : "<6170|1|9173>"
}, {
  "id" : 92,
  "item" : "<6171|1|9590>"
}, {
  "id" : 92,
  "item" : "<6172|1|10000>"
}, {
  "id" : 93,
  "item" : "<6117|1|400>"
}, {
  "id" : 93,
  "item" : "<6118|1|800>"
}, {
  "id" : 93,
  "item" : "<6119|1|1200>"
}, {
  "id" : 93,
  "item" : "<6120|1|1600>"
}, {
  "id" : 93,
  "item" : "<6121|1|2000>"
}, {
  "id" : 93,
  "item" : "<6122|1|2400>"
}, {
  "id" : 93,
  "item" : "<6173|1|2800>"
}, {
  "id" : 93,
  "item" : "<6174|1|3200>"
}, {
  "id" : 93,
  "item" : "<6175|1|3600>"
}, {
  "id" : 93,
  "item" : "<6176|1|4000>"
}, {
  "id" : 93,
  "item" : "<6177|1|4400>"
}, {
  "id" : 93,
  "item" : "<6178|1|4800>"
}, {
  "id" : 93,
  "item" : "<6179|1|5200>"
}, {
  "id" : 93,
  "item" : "<6180|1|5600>"
}, {
  "id" : 93,
  "item" : "<6181|1|6000>"
}, {
  "id" : 93,
  "item" : "<6182|1|6400>"
}, {
  "id" : 93,
  "item" : "<6183|1|6800>"
}, {
  "id" : 93,
  "item" : "<6184|1|7200>"
}, {
  "id" : 93,
  "item" : "<6185|1|7600>"
}, {
  "id" : 93,
  "item" : "<6186|1|8000>"
}, {
  "id" : 93,
  "item" : "<6187|1|8400>"
}, {
  "id" : 93,
  "item" : "<6188|1|8800>"
}, {
  "id" : 93,
  "item" : "<6189|1|9200>"
}, {
  "id" : 93,
  "item" : "<6190|1|9600>"
}, {
  "id" : 93,
  "item" : "<6191|1|10000>"
}, {
  "id" : 100,
  "item" : "<6100|1|5000>"
}, {
  "id" : 100,
  "item" : "<|0|10000>"
}, {
  "id" : 101,
  "item" : "<6101|1|1000>"
}, {
  "id" : 101,
  "item" : "<|0|10000>"
}, {
  "id" : 102,
  "item" : "<6102|1|1000>"
}, {
  "id" : 102,
  "item" : "<|0|10000>"
}, {
  "id" : 103,
  "item" : "<6103|1|1000>"
}, {
  "id" : 103,
  "item" : "<|0|10000>"
}, {
  "id" : 104,
  "item" : "<6104|1|1000>"
}, {
  "id" : 104,
  "item" : "<|0|10000>"
}, {
  "id" : 105,
  "item" : "<6105|1|1000>"
}, {
  "id" : 105,
  "item" : "<|0|10000>"
}, {
  "id" : 106,
  "item" : "<6106|1|500>"
}, {
  "id" : 106,
  "item" : "<|0|10000>"
}, {
  "id" : 107,
  "item" : "<6107|1|500>"
}, {
  "id" : 107,
  "item" : "<|0|10000>"
}, {
  "id" : 108,
  "item" : "<6108|1|500>"
}, {
  "id" : 108,
  "item" : "<|0|10000>"
}, {
  "id" : 109,
  "item" : "<6109|1|500>"
}, {
  "id" : 109,
  "item" : "<|0|10000>"
}, {
  "id" : 110,
  "item" : "<6110|1|500>"
}, {
  "id" : 110,
  "item" : "<|0|10000>"
}, {
  "id" : 111,
  "item" : "<6111|1|500>"
}, {
  "id" : 111,
  "item" : "<|0|10000>"
}, {
  "id" : 112,
  "item" : "<6112|1|500>"
}, {
  "id" : 112,
  "item" : "<|0|10000>"
}, {
  "id" : 113,
  "item" : "<6113|1|500>"
}, {
  "id" : 113,
  "item" : "<|0|10000>"
}, {
  "id" : 114,
  "item" : "<6114|1|500>"
}, {
  "id" : 114,
  "item" : "<|0|10000>"
}, {
  "id" : 115,
  "item" : "<6115|1|500>"
}, {
  "id" : 115,
  "item" : "<|0|10000>"
}, {
  "id" : 116,
  "item" : "<6116|1|500>"
}, {
  "id" : 116,
  "item" : "<|0|10000>"
}, {
  "id" : 117,
  "item" : "<6117|1|320>"
}, {
  "id" : 117,
  "item" : "<|0|10000>"
}, {
  "id" : 118,
  "item" : "<6118|1|320>"
}, {
  "id" : 118,
  "item" : "<|0|10000>"
}, {
  "id" : 119,
  "item" : "<6119|1|320>"
}, {
  "id" : 119,
  "item" : "<|0|10000>"
}, {
  "id" : 120,
  "item" : "<6120|1|320>"
}, {
  "id" : 120,
  "item" : "<|0|10000>"
}, {
  "id" : 121,
  "item" : "<6121|1|320>"
}, {
  "id" : 121,
  "item" : "<|0|10000>"
}, {
  "id" : 122,
  "item" : "<6122|1|320>"
}, {
  "id" : 122,
  "item" : "<|0|10000>"
}, {
  "id" : 150,
  "item" : "<1|1|600>"
}, {
  "id" : 150,
  "item" : "<2|1|1200>"
}, {
  "id" : 150,
  "item" : "<3|1|1800>"
}, {
  "id" : 150,
  "item" : "<4|1|2400>"
}, {
  "id" : 150,
  "item" : "<5|1|3000>"
}, {
  "id" : 150,
  "item" : "<6|1|3600>"
}, {
  "id" : 150,
  "item" : "<7|1|4200>"
}, {
  "id" : 150,
  "item" : "<8|1|4800>"
}, {
  "id" : 150,
  "item" : "<9|1|5400>"
}, {
  "id" : 150,
  "item" : "<10|1|6000>"
}, {
  "id" : 150,
  "item" : "<11|1|6600>"
}, {
  "id" : 150,
  "item" : "<12|1|7200>"
}, {
  "id" : 150,
  "item" : "<13|1|7900>"
}, {
  "id" : 150,
  "item" : "<14|1|8600>"
}, {
  "id" : 150,
  "item" : "<15|1|9300>"
}, {
  "id" : 150,
  "item" : "<16|1|10000>"
}, {
  "id" : 151,
  "item" : "<17|1|600>"
}, {
  "id" : 151,
  "item" : "<18|1|1200>"
}, {
  "id" : 151,
  "item" : "<19|1|1800>"
}, {
  "id" : 151,
  "item" : "<20|1|2400>"
}, {
  "id" : 151,
  "item" : "<21|1|3000>"
}, {
  "id" : 151,
  "item" : "<22|1|3600>"
}, {
  "id" : 151,
  "item" : "<23|1|4200>"
}, {
  "id" : 151,
  "item" : "<24|1|4800>"
}, {
  "id" : 151,
  "item" : "<25|1|5400>"
}, {
  "id" : 151,
  "item" : "<26|1|6000>"
}, {
  "id" : 151,
  "item" : "<27|1|6600>"
}, {
  "id" : 151,
  "item" : "<28|1|7200>"
}, {
  "id" : 151,
  "item" : "<29|1|7900>"
}, {
  "id" : 151,
  "item" : "<30|1|8600>"
}, {
  "id" : 151,
  "item" : "<31|1|9300>"
}, {
  "id" : 151,
  "item" : "<32|1|10000>"
}, {
  "id" : 152,
  "item" : "<33|1|500>"
}, {
  "id" : 152,
  "item" : "<34|1|1000>"
}, {
  "id" : 152,
  "item" : "<35|1|1500>"
}, {
  "id" : 152,
  "item" : "<36|1|2000>"
}, {
  "id" : 152,
  "item" : "<37|1|2500>"
}, {
  "id" : 152,
  "item" : "<38|1|3000>"
}, {
  "id" : 152,
  "item" : "<39|1|3500>"
}, {
  "id" : 152,
  "item" : "<40|1|4000>"
}, {
  "id" : 152,
  "item" : "<41|1|4500>"
}, {
  "id" : 152,
  "item" : "<42|1|5000>"
}, {
  "id" : 152,
  "item" : "<43|1|5500>"
}, {
  "id" : 152,
  "item" : "<44|1|6000>"
}, {
  "id" : 152,
  "item" : "<45|1|6500>"
}, {
  "id" : 152,
  "item" : "<46|1|7000>"
}, {
  "id" : 152,
  "item" : "<47|1|7500>"
}, {
  "id" : 152,
  "item" : "<48|1|8000>"
}, {
  "id" : 152,
  "item" : "<49|1|8500>"
}, {
  "id" : 152,
  "item" : "<50|1|9000>"
}, {
  "id" : 152,
  "item" : "<51|1|9500>"
}, {
  "id" : 152,
  "item" : "<52|1|10000>"
}, {
  "id" : 153,
  "item" : "<53|1|416>"
}, {
  "id" : 153,
  "item" : "<54|1|832>"
}, {
  "id" : 153,
  "item" : "<55|1|1248>"
}, {
  "id" : 153,
  "item" : "<56|1|1664>"
}, {
  "id" : 153,
  "item" : "<57|1|2080>"
}, {
  "id" : 153,
  "item" : "<58|1|2496>"
}, {
  "id" : 153,
  "item" : "<59|1|2912>"
}, {
  "id" : 153,
  "item" : "<60|1|3328>"
}, {
  "id" : 153,
  "item" : "<61|1|3744>"
}, {
  "id" : 153,
  "item" : "<62|1|4160>"
}, {
  "id" : 153,
  "item" : "<63|1|4576>"
}, {
  "id" : 153,
  "item" : "<64|1|4992>"
}, {
  "id" : 153,
  "item" : "<65|1|5408>"
}, {
  "id" : 153,
  "item" : "<66|1|5824>"
}, {
  "id" : 153,
  "item" : "<67|1|6240>"
}, {
  "id" : 153,
  "item" : "<68|1|6656>"
}, {
  "id" : 153,
  "item" : "<69|1|7072>"
}, {
  "id" : 153,
  "item" : "<70|1|7488>"
}, {
  "id" : 153,
  "item" : "<71|1|7904>"
}, {
  "id" : 153,
  "item" : "<72|1|8320>"
}, {
  "id" : 153,
  "item" : "<73|1|8736>"
}, {
  "id" : 153,
  "item" : "<74|1|9152>"
}, {
  "id" : 153,
  "item" : "<75|1|9568>"
}, {
  "id" : 153,
  "item" : "<76|1|10000>"
}, {
  "id" : 154,
  "item" : "<77|1|454>"
}, {
  "id" : 154,
  "item" : "<78|1|908>"
}, {
  "id" : 154,
  "item" : "<79|1|1362>"
}, {
  "id" : 154,
  "item" : "<80|1|1816>"
}, {
  "id" : 154,
  "item" : "<81|1|2270>"
}, {
  "id" : 154,
  "item" : "<82|1|2724>"
}, {
  "id" : 154,
  "item" : "<83|1|3178>"
}, {
  "id" : 154,
  "item" : "<84|1|3632>"
}, {
  "id" : 154,
  "item" : "<85|1|4086>"
}, {
  "id" : 154,
  "item" : "<86|1|4540>"
}, {
  "id" : 154,
  "item" : "<87|1|4994>"
}, {
  "id" : 154,
  "item" : "<88|1|5448>"
}, {
  "id" : 154,
  "item" : "<89|1|5902>"
}, {
  "id" : 154,
  "item" : "<90|1|6356>"
}, {
  "id" : 154,
  "item" : "<91|1|6810>"
}, {
  "id" : 154,
  "item" : "<92|1|7264>"
}, {
  "id" : 154,
  "item" : "<93|1|7718>"
}, {
  "id" : 154,
  "item" : "<94|1|8172>"
}, {
  "id" : 154,
  "item" : "<95|1|8626>"
}, {
  "id" : 154,
  "item" : "<96|1|9080>"
}, {
  "id" : 154,
  "item" : "<97|1|9534>"
}, {
  "id" : 154,
  "item" : "<98|1|10000>"
}, {
  "id" : 155,
  "item" : "<99|1|1111>"
}, {
  "id" : 155,
  "item" : "<100|1|2222>"
}, {
  "id" : 155,
  "item" : "<101|1|3333>"
}, {
  "id" : 155,
  "item" : "<102|1|4444>"
}, {
  "id" : 155,
  "item" : "<103|1|5555>"
}, {
  "id" : 155,
  "item" : "<104|1|6666>"
}, {
  "id" : 155,
  "item" : "<105|1|7777>"
}, {
  "id" : 155,
  "item" : "<106|1|8888>"
}, {
  "id" : 155,
  "item" : "<107|1|10000>"
}, {
  "id" : 156,
  "item" : "<1|1|192>"
}, {
  "id" : 156,
  "item" : "<2|1|384>"
}, {
  "id" : 156,
  "item" : "<3|1|576>"
}, {
  "id" : 156,
  "item" : "<4|1|768>"
}, {
  "id" : 156,
  "item" : "<5|1|960>"
}, {
  "id" : 156,
  "item" : "<6|1|1152>"
}, {
  "id" : 156,
  "item" : "<7|1|1344>"
}, {
  "id" : 156,
  "item" : "<8|1|1536>"
}, {
  "id" : 156,
  "item" : "<9|1|1728>"
}, {
  "id" : 156,
  "item" : "<10|1|1920>"
}, {
  "id" : 156,
  "item" : "<11|1|2112>"
}, {
  "id" : 156,
  "item" : "<12|1|2304>"
}, {
  "id" : 156,
  "item" : "<13|1|2496>"
}, {
  "id" : 156,
  "item" : "<14|1|2688>"
}, {
  "id" : 156,
  "item" : "<15|1|2880>"
}, {
  "id" : 156,
  "item" : "<16|1|3072>"
}, {
  "id" : 156,
  "item" : "<17|1|3264>"
}, {
  "id" : 156,
  "item" : "<18|1|3456>"
}, {
  "id" : 156,
  "item" : "<19|1|3648>"
}, {
  "id" : 156,
  "item" : "<20|1|3840>"
}, {
  "id" : 156,
  "item" : "<21|1|4032>"
}, {
  "id" : 156,
  "item" : "<22|1|4224>"
}, {
  "id" : 156,
  "item" : "<23|1|4416>"
}, {
  "id" : 156,
  "item" : "<24|1|4608>"
}, {
  "id" : 156,
  "item" : "<25|1|4800>"
}, {
  "id" : 156,
  "item" : "<26|1|4992>"
}, {
  "id" : 156,
  "item" : "<27|1|5184>"
}, {
  "id" : 156,
  "item" : "<28|1|5376>"
}, {
  "id" : 156,
  "item" : "<29|1|5568>"
}, {
  "id" : 156,
  "item" : "<30|1|5760>"
}, {
  "id" : 156,
  "item" : "<31|1|5952>"
}, {
  "id" : 156,
  "item" : "<32|1|6144>"
}, {
  "id" : 156,
  "item" : "<33|1|6336>"
}, {
  "id" : 156,
  "item" : "<34|1|6528>"
}, {
  "id" : 156,
  "item" : "<35|1|6720>"
}, {
  "id" : 156,
  "item" : "<36|1|6912>"
}, {
  "id" : 156,
  "item" : "<37|1|7104>"
}, {
  "id" : 156,
  "item" : "<38|1|7296>"
}, {
  "id" : 156,
  "item" : "<39|1|7488>"
}, {
  "id" : 156,
  "item" : "<40|1|7680>"
}, {
  "id" : 156,
  "item" : "<41|1|7872>"
}, {
  "id" : 156,
  "item" : "<42|1|8064>"
}, {
  "id" : 156,
  "item" : "<43|1|8256>"
}, {
  "id" : 156,
  "item" : "<44|1|8448>"
}, {
  "id" : 156,
  "item" : "<45|1|8640>"
}, {
  "id" : 156,
  "item" : "<46|1|8832>"
}, {
  "id" : 156,
  "item" : "<47|1|9024>"
}, {
  "id" : 156,
  "item" : "<48|1|9216>"
}, {
  "id" : 156,
  "item" : "<49|1|9408>"
}, {
  "id" : 156,
  "item" : "<50|1|9600>"
}, {
  "id" : 156,
  "item" : "<51|1|9800>"
}, {
  "id" : 156,
  "item" : "<52|1|10000>"
}, {
  "id" : 160,
  "item" : "<5041|5|1111>"
}, {
  "id" : 160,
  "item" : "<5042|5|2222>"
}, {
  "id" : 160,
  "item" : "<5043|5|3333>"
}, {
  "id" : 160,
  "item" : "<5044|5|4444>"
}, {
  "id" : 160,
  "item" : "<5045|5|5555>"
}, {
  "id" : 160,
  "item" : "<5046|5|6666>"
}, {
  "id" : 160,
  "item" : "<5047|5|7777>"
}, {
  "id" : 160,
  "item" : "<5048|5|8888>"
}, {
  "id" : 160,
  "item" : "<5049|5|10000>"
}, {
  "id" : 161,
  "item" : "<gold|50|352>"
}, {
  "id" : 161,
  "item" : "<5071|1|7382>"
}, {
  "id" : 161,
  "item" : "<5072|1|9139>"
}, {
  "id" : 161,
  "item" : "<6011|2|9578>"
}, {
  "id" : 161,
  "item" : "<5061|5|9859>"
}, {
  "id" : 161,
  "item" : "<5062|5|10000>"
}, {
  "id" : 162,
  "item" : "<gold|200|359>"
}, {
  "id" : 162,
  "item" : "<5072|1|7536>"
}, {
  "id" : 162,
  "item" : "<5073|1|8971>"
}, {
  "id" : 162,
  "item" : "<6011|10|9330>"
}, {
  "id" : 162,
  "item" : "<5062|5|9904>"
}, {
  "id" : 162,
  "item" : "<5063|5|10000>"
}, {
  "id" : 163,
  "item" : "<gold|500|883>"
}, {
  "id" : 163,
  "item" : "<5073|1|7956>"
}, {
  "id" : 163,
  "item" : "<6123|1|8428>"
}, {
  "id" : 163,
  "item" : "<6124|1|8900>"
}, {
  "id" : 163,
  "item" : "<6011|25|9607>"
}, {
  "id" : 163,
  "item" : "<5064|5|10000>"
}, {
  "id" : 164,
  "item" : "<5293|1|1206>"
}, {
  "id" : 164,
  "item" : "<5294|1|1508>"
}, {
  "id" : 164,
  "item" : "<energy|20|4523>"
}, {
  "id" : 164,
  "item" : "<5081|10|6031>"
}, {
  "id" : 164,
  "item" : "<5082|5|6634>"
}, {
  "id" : 164,
  "item" : "<5098|1|7840>"
}, {
  "id" : 164,
  "item" : "<5054|1|7920>"
}, {
  "id" : 164,
  "item" : "<5053|1|10000>"
}, {
  "id" : 165,
  "item" : "<gold|50|575>"
}, {
  "id" : 165,
  "item" : "<5082|5|1151>"
}, {
  "id" : 165,
  "item" : "<5081|10|2590>"
}, {
  "id" : 165,
  "item" : "<5073|1|3166>"
}, {
  "id" : 165,
  "item" : "<5071|5|5469>"
}, {
  "id" : 165,
  "item" : "<5093|1|6576>"
}, {
  "id" : 165,
  "item" : "<5053|1|8561>"
}, {
  "id" : 165,
  "item" : "<6011|2|10000>"
}, {
  "id" : 166,
  "item" : "<gold|300|813>"
}, {
  "id" : 166,
  "item" : "<gold|150|2439>"
}, {
  "id" : 166,
  "item" : "<5083|5|4390>"
}, {
  "id" : 166,
  "item" : "<5084|2|5610>"
}, {
  "id" : 166,
  "item" : "<5062|5|7561>"
}, {
  "id" : 166,
  "item" : "<5054|1|8211>"
}, {
  "id" : 166,
  "item" : "<5073|5|9187>"
}, {
  "id" : 166,
  "item" : "<6011|15|10000>"
}, {
  "id" : 167,
  "item" : "<6123|1|5000>"
}, {
  "id" : 167,
  "item" : "<6124|1|10000>"
}, {
  "id" : 168,
  "item" : "<5062|1|750>"
}, {
  "id" : 168,
  "item" : "<4087|1|1500>"
}, {
  "id" : 168,
  "item" : "<5072|1|3000>"
}, {
  "id" : 168,
  "item" : "<6106|1|4500>"
}, {
  "id" : 168,
  "item" : "<|0|10000>"
}, {
  "id" : 169,
  "item" : "<5062|1|750>"
}, {
  "id" : 169,
  "item" : "<4103|1|1500>"
}, {
  "id" : 169,
  "item" : "<5072|1|3000>"
}, {
  "id" : 169,
  "item" : "<6106|1|4500>"
}, {
  "id" : 169,
  "item" : "<|0|10000>"
}, {
  "id" : 170,
  "item" : "<5062|1|750>"
}, {
  "id" : 170,
  "item" : "<4103|1|1500>"
}, {
  "id" : 170,
  "item" : "<5072|1|3000>"
}, {
  "id" : 170,
  "item" : "<6107|1|4500>"
}, {
  "id" : 170,
  "item" : "<|0|10000>"
}, {
  "id" : 171,
  "item" : "<5062|1|750>"
}, {
  "id" : 171,
  "item" : "<4108|1|1500>"
}, {
  "id" : 171,
  "item" : "<5072|1|3000>"
}, {
  "id" : 171,
  "item" : "<6107|1|4500>"
}, {
  "id" : 171,
  "item" : "<|0|10000>"
}, {
  "id" : 172,
  "item" : "<5062|1|750>"
}, {
  "id" : 172,
  "item" : "<4108|1|1500>"
}, {
  "id" : 172,
  "item" : "<5072|1|3000>"
}, {
  "id" : 172,
  "item" : "<6108|1|4500>"
}, {
  "id" : 172,
  "item" : "<|0|10000>"
}, {
  "id" : 173,
  "item" : "<5062|1|750>"
}, {
  "id" : 173,
  "item" : "<4126|1|1500>"
}, {
  "id" : 173,
  "item" : "<5072|1|3000>"
}, {
  "id" : 173,
  "item" : "<6108|1|4500>"
}, {
  "id" : 173,
  "item" : "<|0|10000>"
}, {
  "id" : 174,
  "item" : "<5062|1|750>"
}, {
  "id" : 174,
  "item" : "<4129|1|1500>"
}, {
  "id" : 174,
  "item" : "<5072|1|3000>"
}, {
  "id" : 174,
  "item" : "<6108|1|4500>"
}, {
  "id" : 174,
  "item" : "<|0|10000>"
}, {
  "id" : 175,
  "item" : "<5062|1|750>"
}, {
  "id" : 175,
  "item" : "<4129|1|1500>"
}, {
  "id" : 175,
  "item" : "<5072|1|3000>"
}, {
  "id" : 175,
  "item" : "<6109|1|4500>"
}, {
  "id" : 175,
  "item" : "<|0|10000>"
}, {
  "id" : 176,
  "item" : "<5062|1|750>"
}, {
  "id" : 176,
  "item" : "<4134|1|1500>"
}, {
  "id" : 176,
  "item" : "<5072|1|3000>"
}, {
  "id" : 176,
  "item" : "<6109|1|4500>"
}, {
  "id" : 176,
  "item" : "<|0|10000>"
}, {
  "id" : 177,
  "item" : "<5062|1|750>"
}, {
  "id" : 177,
  "item" : "<4139|1|1500>"
}, {
  "id" : 177,
  "item" : "<5072|1|3000>"
}, {
  "id" : 177,
  "item" : "<6110|1|4500>"
}, {
  "id" : 177,
  "item" : "<|0|10000>"
}, {
  "id" : 178,
  "item" : "<5062|1|750>"
}, {
  "id" : 178,
  "item" : "<4139|1|1500>"
}, {
  "id" : 178,
  "item" : "<5072|1|3000>"
}, {
  "id" : 178,
  "item" : "<6110|1|4500>"
}, {
  "id" : 178,
  "item" : "<|0|10000>"
}, {
  "id" : 179,
  "item" : "<5062|1|750>"
}, {
  "id" : 179,
  "item" : "<4141|1|1500>"
}, {
  "id" : 179,
  "item" : "<5072|1|3000>"
}, {
  "id" : 179,
  "item" : "<6110|1|4500>"
}, {
  "id" : 179,
  "item" : "<|0|10000>"
}, {
  "id" : 180,
  "item" : "<5062|1|750>"
}, {
  "id" : 180,
  "item" : "<4141|1|1500>"
}, {
  "id" : 180,
  "item" : "<5072|1|3000>"
}, {
  "id" : 180,
  "item" : "<6110|1|4500>"
}, {
  "id" : 180,
  "item" : "<|0|10000>"
}, {
  "id" : 181,
  "item" : "<5062|1|750>"
}, {
  "id" : 181,
  "item" : "<4141|1|1500>"
}, {
  "id" : 181,
  "item" : "<5072|1|3000>"
}, {
  "id" : 181,
  "item" : "<6111|1|4500>"
}, {
  "id" : 181,
  "item" : "<|0|10000>"
}, {
  "id" : 182,
  "item" : "<5062|1|750>"
}, {
  "id" : 182,
  "item" : "<4148|1|1500>"
}, {
  "id" : 182,
  "item" : "<5072|1|3000>"
}, {
  "id" : 182,
  "item" : "<6111|1|4500>"
}, {
  "id" : 182,
  "item" : "<|0|10000>"
}, {
  "id" : 183,
  "item" : "<5062|1|750>"
}, {
  "id" : 183,
  "item" : "<4150|1|1500>"
}, {
  "id" : 183,
  "item" : "<5072|1|3000>"
}, {
  "id" : 183,
  "item" : "<6111|1|4500>"
}, {
  "id" : 183,
  "item" : "<|0|10000>"
}, {
  "id" : 184,
  "item" : "<5062|1|750>"
}, {
  "id" : 184,
  "item" : "<4150|1|1500>"
}, {
  "id" : 184,
  "item" : "<5072|1|3000>"
}, {
  "id" : 184,
  "item" : "<6112|1|4500>"
}, {
  "id" : 184,
  "item" : "<|0|10000>"
}, {
  "id" : 185,
  "item" : "<5062|1|750>"
}, {
  "id" : 185,
  "item" : "<4151|1|1500>"
}, {
  "id" : 185,
  "item" : "<5072|1|3000>"
}, {
  "id" : 185,
  "item" : "<6112|1|4500>"
}, {
  "id" : 185,
  "item" : "<|0|10000>"
}, {
  "id" : 186,
  "item" : "<5062|1|750>"
}, {
  "id" : 186,
  "item" : "<4151|1|1500>"
}, {
  "id" : 186,
  "item" : "<5072|1|3000>"
}, {
  "id" : 186,
  "item" : "<6113|1|4500>"
}, {
  "id" : 186,
  "item" : "<|0|10000>"
}, {
  "id" : 187,
  "item" : "<5062|1|750>"
}, {
  "id" : 187,
  "item" : "<4156|1|1500>"
}, {
  "id" : 187,
  "item" : "<5072|1|3000>"
}, {
  "id" : 187,
  "item" : "<6113|1|4500>"
}, {
  "id" : 187,
  "item" : "<|0|10000>"
}, {
  "id" : 188,
  "item" : "<5062|1|750>"
}, {
  "id" : 188,
  "item" : "<4161|1|1500>"
}, {
  "id" : 188,
  "item" : "<5072|1|3000>"
}, {
  "id" : 188,
  "item" : "<6114|1|4500>"
}, {
  "id" : 188,
  "item" : "<|0|10000>"
}, {
  "id" : 189,
  "item" : "<5062|1|750>"
}, {
  "id" : 189,
  "item" : "<4166|1|1500>"
}, {
  "id" : 189,
  "item" : "<5072|1|3000>"
}, {
  "id" : 189,
  "item" : "<6115|1|4500>"
}, {
  "id" : 189,
  "item" : "<|0|10000>"
}, {
  "id" : 190,
  "item" : "<5062|1|750>"
}, {
  "id" : 190,
  "item" : "<4170|1|1500>"
}, {
  "id" : 190,
  "item" : "<5072|1|3000>"
}, {
  "id" : 190,
  "item" : "<6116|1|4500>"
}, {
  "id" : 190,
  "item" : "<|0|10000>"
}, {
  "id" : 191,
  "item" : "<5062|1|750>"
}, {
  "id" : 191,
  "item" : "<4170|1|1500>"
}, {
  "id" : 191,
  "item" : "<5072|1|3000>"
}, {
  "id" : 191,
  "item" : "<6116|1|4500>"
}, {
  "id" : 191,
  "item" : "<|0|10000>"
}, {
  "id" : 192,
  "item" : "<5062|1|500>"
}, {
  "id" : 192,
  "item" : "<5063|1|1000>"
}, {
  "id" : 192,
  "item" : "<4001|1|1500>"
}, {
  "id" : 192,
  "item" : "<5072|1|3000>"
}, {
  "id" : 192,
  "item" : "<5073|1|4500>"
}, {
  "id" : 192,
  "item" : "<6117|1|5500>"
}, {
  "id" : 192,
  "item" : "<|0|10000>"
}, {
  "id" : 193,
  "item" : "<5062|1|500>"
}, {
  "id" : 193,
  "item" : "<5063|1|1000>"
}, {
  "id" : 193,
  "item" : "<4025|1|1500>"
}, {
  "id" : 193,
  "item" : "<5072|1|3000>"
}, {
  "id" : 193,
  "item" : "<5073|1|4500>"
}, {
  "id" : 193,
  "item" : "<6117|1|5500>"
}, {
  "id" : 193,
  "item" : "<|0|10000>"
}, {
  "id" : 194,
  "item" : "<5062|1|500>"
}, {
  "id" : 194,
  "item" : "<5063|1|1000>"
}, {
  "id" : 194,
  "item" : "<4025|1|1500>"
}, {
  "id" : 194,
  "item" : "<5072|1|3000>"
}, {
  "id" : 194,
  "item" : "<5073|1|4500>"
}, {
  "id" : 194,
  "item" : "<6117|1|5500>"
}, {
  "id" : 194,
  "item" : "<|0|10000>"
}, {
  "id" : 195,
  "item" : "<5062|1|500>"
}, {
  "id" : 195,
  "item" : "<5063|1|1000>"
}, {
  "id" : 195,
  "item" : "<4043|1|1500>"
}, {
  "id" : 195,
  "item" : "<5072|1|3000>"
}, {
  "id" : 195,
  "item" : "<5073|1|4500>"
}, {
  "id" : 195,
  "item" : "<6117|1|5500>"
}, {
  "id" : 195,
  "item" : "<|0|10000>"
}, {
  "id" : 196,
  "item" : "<5062|1|500>"
}, {
  "id" : 196,
  "item" : "<5063|1|1000>"
}, {
  "id" : 196,
  "item" : "<4043|1|1500>"
}, {
  "id" : 196,
  "item" : "<5072|1|3000>"
}, {
  "id" : 196,
  "item" : "<5073|1|4500>"
}, {
  "id" : 196,
  "item" : "<6117|1|5500>"
}, {
  "id" : 196,
  "item" : "<|0|10000>"
}, {
  "id" : 197,
  "item" : "<5062|1|500>"
}, {
  "id" : 197,
  "item" : "<5063|1|1000>"
}, {
  "id" : 197,
  "item" : "<4043|1|1500>"
}, {
  "id" : 197,
  "item" : "<5072|1|3000>"
}, {
  "id" : 197,
  "item" : "<5073|1|4500>"
}, {
  "id" : 197,
  "item" : "<6118|1|5500>"
}, {
  "id" : 197,
  "item" : "<|0|10000>"
}, {
  "id" : 198,
  "item" : "<5062|1|500>"
}, {
  "id" : 198,
  "item" : "<5063|1|1000>"
}, {
  "id" : 198,
  "item" : "<4045|1|1500>"
}, {
  "id" : 198,
  "item" : "<5072|1|3000>"
}, {
  "id" : 198,
  "item" : "<5073|1|4500>"
}, {
  "id" : 198,
  "item" : "<6118|1|5500>"
}, {
  "id" : 198,
  "item" : "<|0|10000>"
}, {
  "id" : 199,
  "item" : "<5062|1|500>"
}, {
  "id" : 199,
  "item" : "<5063|1|1000>"
}, {
  "id" : 199,
  "item" : "<4091|1|1500>"
}, {
  "id" : 199,
  "item" : "<5072|1|3000>"
}, {
  "id" : 199,
  "item" : "<5073|1|4500>"
}, {
  "id" : 199,
  "item" : "<6118|1|5500>"
}, {
  "id" : 199,
  "item" : "<|0|10000>"
}, {
  "id" : 200,
  "item" : "<5062|1|500>"
}, {
  "id" : 200,
  "item" : "<5063|1|1000>"
}, {
  "id" : 200,
  "item" : "<4091|1|1500>"
}, {
  "id" : 200,
  "item" : "<5072|1|3000>"
}, {
  "id" : 200,
  "item" : "<5073|1|4500>"
}, {
  "id" : 200,
  "item" : "<6118|1|5500>"
}, {
  "id" : 200,
  "item" : "<|0|10000>"
}, {
  "id" : 201,
  "item" : "<5062|1|500>"
}, {
  "id" : 201,
  "item" : "<5063|1|1000>"
}, {
  "id" : 201,
  "item" : "<4091|1|1500>"
}, {
  "id" : 201,
  "item" : "<5072|1|3000>"
}, {
  "id" : 201,
  "item" : "<5073|1|4500>"
}, {
  "id" : 201,
  "item" : "<6119|1|5500>"
}, {
  "id" : 201,
  "item" : "<|0|10000>"
}, {
  "id" : 202,
  "item" : "<5062|1|500>"
}, {
  "id" : 202,
  "item" : "<5063|1|1000>"
}, {
  "id" : 202,
  "item" : "<4091|1|1500>"
}, {
  "id" : 202,
  "item" : "<5072|1|3000>"
}, {
  "id" : 202,
  "item" : "<5073|1|4500>"
}, {
  "id" : 202,
  "item" : "<6119|1|5500>"
}, {
  "id" : 202,
  "item" : "<|0|10000>"
}, {
  "id" : 203,
  "item" : "<5062|1|500>"
}, {
  "id" : 203,
  "item" : "<5063|1|1000>"
}, {
  "id" : 203,
  "item" : "<4100|1|1500>"
}, {
  "id" : 203,
  "item" : "<5072|1|3000>"
}, {
  "id" : 203,
  "item" : "<5073|1|4500>"
}, {
  "id" : 203,
  "item" : "<6119|1|5500>"
}, {
  "id" : 203,
  "item" : "<|0|10000>"
}, {
  "id" : 204,
  "item" : "<5062|1|500>"
}, {
  "id" : 204,
  "item" : "<5063|1|1000>"
}, {
  "id" : 204,
  "item" : "<4100|1|1500>"
}, {
  "id" : 204,
  "item" : "<5072|1|3000>"
}, {
  "id" : 204,
  "item" : "<5073|1|4500>"
}, {
  "id" : 204,
  "item" : "<6119|1|5500>"
}, {
  "id" : 204,
  "item" : "<|0|10000>"
}, {
  "id" : 205,
  "item" : "<5062|1|500>"
}, {
  "id" : 205,
  "item" : "<5063|1|1000>"
}, {
  "id" : 205,
  "item" : "<4109|1|1500>"
}, {
  "id" : 205,
  "item" : "<5072|1|3000>"
}, {
  "id" : 205,
  "item" : "<5073|1|4500>"
}, {
  "id" : 205,
  "item" : "<6119|1|5500>"
}, {
  "id" : 205,
  "item" : "<|0|10000>"
}, {
  "id" : 206,
  "item" : "<5062|1|500>"
}, {
  "id" : 206,
  "item" : "<5063|1|1000>"
}, {
  "id" : 206,
  "item" : "<4109|1|1500>"
}, {
  "id" : 206,
  "item" : "<5072|1|3000>"
}, {
  "id" : 206,
  "item" : "<5073|1|4500>"
}, {
  "id" : 206,
  "item" : "<6119|1|5500>"
}, {
  "id" : 206,
  "item" : "<|0|10000>"
}, {
  "id" : 207,
  "item" : "<5062|1|500>"
}, {
  "id" : 207,
  "item" : "<5063|1|1000>"
}, {
  "id" : 207,
  "item" : "<4109|1|1500>"
}, {
  "id" : 207,
  "item" : "<5072|1|3000>"
}, {
  "id" : 207,
  "item" : "<5073|1|4500>"
}, {
  "id" : 207,
  "item" : "<6120|1|5500>"
}, {
  "id" : 207,
  "item" : "<|0|10000>"
}, {
  "id" : 208,
  "item" : "<5062|1|500>"
}, {
  "id" : 208,
  "item" : "<5063|1|1000>"
}, {
  "id" : 208,
  "item" : "<4128|1|1500>"
}, {
  "id" : 208,
  "item" : "<5072|1|3000>"
}, {
  "id" : 208,
  "item" : "<5073|1|4500>"
}, {
  "id" : 208,
  "item" : "<6120|1|5500>"
}, {
  "id" : 208,
  "item" : "<|0|10000>"
}, {
  "id" : 209,
  "item" : "<5062|1|500>"
}, {
  "id" : 209,
  "item" : "<5063|1|1000>"
}, {
  "id" : 209,
  "item" : "<4128|1|1500>"
}, {
  "id" : 209,
  "item" : "<5072|1|3000>"
}, {
  "id" : 209,
  "item" : "<5073|1|4500>"
}, {
  "id" : 209,
  "item" : "<6120|1|5500>"
}, {
  "id" : 209,
  "item" : "<|0|10000>"
}, {
  "id" : 210,
  "item" : "<5062|1|500>"
}, {
  "id" : 210,
  "item" : "<5063|1|1000>"
}, {
  "id" : 210,
  "item" : "<4130|1|1500>"
}, {
  "id" : 210,
  "item" : "<5072|1|3000>"
}, {
  "id" : 210,
  "item" : "<5073|1|4500>"
}, {
  "id" : 210,
  "item" : "<6120|1|5500>"
}, {
  "id" : 210,
  "item" : "<|0|10000>"
}, {
  "id" : 211,
  "item" : "<5062|1|500>"
}, {
  "id" : 211,
  "item" : "<5063|1|1000>"
}, {
  "id" : 211,
  "item" : "<4130|1|1500>"
}, {
  "id" : 211,
  "item" : "<5072|1|3000>"
}, {
  "id" : 211,
  "item" : "<5073|1|4500>"
}, {
  "id" : 211,
  "item" : "<6120|1|5500>"
}, {
  "id" : 211,
  "item" : "<|0|10000>"
}, {
  "id" : 212,
  "item" : "<5062|1|500>"
}, {
  "id" : 212,
  "item" : "<5063|1|1000>"
}, {
  "id" : 212,
  "item" : "<4130|1|1500>"
}, {
  "id" : 212,
  "item" : "<5072|1|3000>"
}, {
  "id" : 212,
  "item" : "<5073|1|4500>"
}, {
  "id" : 212,
  "item" : "<6121|1|5500>"
}, {
  "id" : 212,
  "item" : "<|0|10000>"
}, {
  "id" : 213,
  "item" : "<5062|1|500>"
}, {
  "id" : 213,
  "item" : "<5063|1|1000>"
}, {
  "id" : 213,
  "item" : "<4147|1|1500>"
}, {
  "id" : 213,
  "item" : "<5072|1|3000>"
}, {
  "id" : 213,
  "item" : "<5073|1|4500>"
}, {
  "id" : 213,
  "item" : "<6121|1|5500>"
}, {
  "id" : 213,
  "item" : "<|0|10000>"
}, {
  "id" : 214,
  "item" : "<5062|1|500>"
}, {
  "id" : 214,
  "item" : "<5063|1|1000>"
}, {
  "id" : 214,
  "item" : "<4155|1|1500>"
}, {
  "id" : 214,
  "item" : "<5072|1|3000>"
}, {
  "id" : 214,
  "item" : "<5073|1|4500>"
}, {
  "id" : 214,
  "item" : "<6121|1|5500>"
}, {
  "id" : 214,
  "item" : "<|0|10000>"
}, {
  "id" : 215,
  "item" : "<5062|1|500>"
}, {
  "id" : 215,
  "item" : "<5063|1|1000>"
}, {
  "id" : 215,
  "item" : "<4155|1|1500>"
}, {
  "id" : 215,
  "item" : "<5072|1|3000>"
}, {
  "id" : 215,
  "item" : "<5073|1|4500>"
}, {
  "id" : 215,
  "item" : "<6121|1|5500>"
}, {
  "id" : 215,
  "item" : "<|0|10000>"
}, {
  "id" : 216,
  "item" : "<5062|1|500>"
}, {
  "id" : 216,
  "item" : "<5063|1|1000>"
}, {
  "id" : 216,
  "item" : "<4155|1|1500>"
}, {
  "id" : 216,
  "item" : "<5072|1|3000>"
}, {
  "id" : 216,
  "item" : "<5073|1|4500>"
}, {
  "id" : 216,
  "item" : "<6122|1|5500>"
}, {
  "id" : 216,
  "item" : "<|0|10000>"
}, {
  "id" : 217,
  "item" : "<5062|1|500>"
}, {
  "id" : 217,
  "item" : "<5063|1|1000>"
}, {
  "id" : 217,
  "item" : "<4165|1|1500>"
}, {
  "id" : 217,
  "item" : "<5072|1|3000>"
}, {
  "id" : 217,
  "item" : "<5073|1|4500>"
}, {
  "id" : 217,
  "item" : "<6122|1|5500>"
}, {
  "id" : 217,
  "item" : "<|0|10000>"
}, {
  "id" : 218,
  "item" : "<5062|1|500>"
}, {
  "id" : 218,
  "item" : "<5063|1|1000>"
}, {
  "id" : 218,
  "item" : "<4169|1|1500>"
}, {
  "id" : 218,
  "item" : "<5072|1|3000>"
}, {
  "id" : 218,
  "item" : "<5073|1|4500>"
}, {
  "id" : 218,
  "item" : "<6122|1|5500>"
}, {
  "id" : 218,
  "item" : "<|0|10000>"
}, {
  "id" : 219,
  "item" : "<5062|1|500>"
}, {
  "id" : 219,
  "item" : "<5063|1|1000>"
}, {
  "id" : 219,
  "item" : "<4169|1|1500>"
}, {
  "id" : 219,
  "item" : "<5072|1|3000>"
}, {
  "id" : 219,
  "item" : "<5073|1|4500>"
}, {
  "id" : 219,
  "item" : "<6122|1|5500>"
}, {
  "id" : 219,
  "item" : "<|0|10000>"
}, {
  "id" : 220,
  "item" : "<5062|1|380>"
}, {
  "id" : 220,
  "item" : "<5063|1|760>"
}, {
  "id" : 220,
  "item" : "<5064|1|1140>"
}, {
  "id" : 220,
  "item" : "<4149|1|1520>"
}, {
  "id" : 220,
  "item" : "<5072|1|3020>"
}, {
  "id" : 220,
  "item" : "<5073|1|4520>"
}, {
  "id" : 220,
  "item" : "<5074|1|5020>"
}, {
  "id" : 220,
  "item" : "<6123|1|5520>"
}, {
  "id" : 220,
  "item" : "<|0|10000>"
}, {
  "id" : 221,
  "item" : "<5062|1|380>"
}, {
  "id" : 221,
  "item" : "<5063|1|760>"
}, {
  "id" : 221,
  "item" : "<5064|1|1140>"
}, {
  "id" : 221,
  "item" : "<4154|1|1520>"
}, {
  "id" : 221,
  "item" : "<5072|1|3020>"
}, {
  "id" : 221,
  "item" : "<5073|1|4520>"
}, {
  "id" : 221,
  "item" : "<5074|1|5020>"
}, {
  "id" : 221,
  "item" : "<6123|1|5520>"
}, {
  "id" : 221,
  "item" : "<|0|10000>"
}, {
  "id" : 222,
  "item" : "<5062|1|380>"
}, {
  "id" : 222,
  "item" : "<5063|1|760>"
}, {
  "id" : 222,
  "item" : "<5064|1|1140>"
}, {
  "id" : 222,
  "item" : "<4154|1|1520>"
}, {
  "id" : 222,
  "item" : "<5072|1|3020>"
}, {
  "id" : 222,
  "item" : "<5073|1|4520>"
}, {
  "id" : 222,
  "item" : "<5074|1|5020>"
}, {
  "id" : 222,
  "item" : "<6123|1|5520>"
}, {
  "id" : 222,
  "item" : "<|0|10000>"
}, {
  "id" : 223,
  "item" : "<5062|1|380>"
}, {
  "id" : 223,
  "item" : "<5063|1|760>"
}, {
  "id" : 223,
  "item" : "<5064|1|1140>"
}, {
  "id" : 223,
  "item" : "<4160|1|1520>"
}, {
  "id" : 223,
  "item" : "<5072|1|3020>"
}, {
  "id" : 223,
  "item" : "<5073|1|4520>"
}, {
  "id" : 223,
  "item" : "<5074|1|5020>"
}, {
  "id" : 223,
  "item" : "<6123|1|5520>"
}, {
  "id" : 223,
  "item" : "<|0|10000>"
}, {
  "id" : 224,
  "item" : "<5062|1|380>"
}, {
  "id" : 224,
  "item" : "<5063|1|760>"
}, {
  "id" : 224,
  "item" : "<5064|1|1140>"
}, {
  "id" : 224,
  "item" : "<4160|1|1520>"
}, {
  "id" : 224,
  "item" : "<5072|1|3020>"
}, {
  "id" : 224,
  "item" : "<5073|1|4520>"
}, {
  "id" : 224,
  "item" : "<5074|1|5020>"
}, {
  "id" : 224,
  "item" : "<6124|1|5520>"
}, {
  "id" : 224,
  "item" : "<|0|10000>"
}, {
  "id" : 225,
  "item" : "<5062|1|380>"
}, {
  "id" : 225,
  "item" : "<5063|1|760>"
}, {
  "id" : 225,
  "item" : "<5064|1|1140>"
}, {
  "id" : 225,
  "item" : "<4164|1|1520>"
}, {
  "id" : 225,
  "item" : "<5072|1|3020>"
}, {
  "id" : 225,
  "item" : "<5073|1|4520>"
}, {
  "id" : 225,
  "item" : "<5074|1|5020>"
}, {
  "id" : 225,
  "item" : "<6124|1|5520>"
}, {
  "id" : 225,
  "item" : "<|0|10000>"
}, {
  "id" : 226,
  "item" : "<5062|1|380>"
}, {
  "id" : 226,
  "item" : "<5063|1|760>"
}, {
  "id" : 226,
  "item" : "<5064|1|1140>"
}, {
  "id" : 226,
  "item" : "<4164|1|1520>"
}, {
  "id" : 226,
  "item" : "<5072|1|3020>"
}, {
  "id" : 226,
  "item" : "<5073|1|4520>"
}, {
  "id" : 226,
  "item" : "<5074|1|5020>"
}, {
  "id" : 226,
  "item" : "<6124|1|5520>"
}, {
  "id" : 226,
  "item" : "<|0|10000>"
}, {
  "id" : 227,
  "item" : "<5062|1|380>"
}, {
  "id" : 227,
  "item" : "<5063|1|760>"
}, {
  "id" : 227,
  "item" : "<5064|1|1140>"
}, {
  "id" : 227,
  "item" : "<4168|1|1520>"
}, {
  "id" : 227,
  "item" : "<5072|1|3020>"
}, {
  "id" : 227,
  "item" : "<5073|1|4520>"
}, {
  "id" : 227,
  "item" : "<5074|1|5020>"
}, {
  "id" : 227,
  "item" : "<6124|1|5520>"
}, {
  "id" : 227,
  "item" : "<|0|10000>"
}, {
  "id" : 228,
  "item" : "<5062|1|380>"
}, {
  "id" : 228,
  "item" : "<5063|1|760>"
}, {
  "id" : 228,
  "item" : "<5064|1|1140>"
}, {
  "id" : 228,
  "item" : "<4168|1|1520>"
}, {
  "id" : 228,
  "item" : "<5072|1|3020>"
}, {
  "id" : 228,
  "item" : "<5073|1|4520>"
}, {
  "id" : 228,
  "item" : "<5074|1|5020>"
}, {
  "id" : 228,
  "item" : "<6124|1|5520>"
}, {
  "id" : 228,
  "item" : "<|0|10000>"
}, {
  "id" : 229,
  "item" : "<5293|1|1749>"
}, {
  "id" : 229,
  "item" : "<5294|1|2186>"
}, {
  "id" : 229,
  "item" : "<energy|20|6559>"
}, {
  "id" : 229,
  "item" : "<5082|5|7434>"
}, {
  "id" : 229,
  "item" : "<gold|50|9183>"
}, {
  "id" : 229,
  "item" : "<6011|5|9533>"
}, {
  "id" : 229,
  "item" : "<5054|1|9650>"
}, {
  "id" : 229,
  "item" : "<5062|5|10000>"
}, {
  "id" : 230,
  "item" : "<gold|50|6000>"
}, {
  "id" : 230,
  "item" : "<gold|100|8000>"
}, {
  "id" : 230,
  "item" : "<gold|150|9000>"
}, {
  "id" : 230,
  "item" : "<gold|300|9500>"
}, {
  "id" : 230,
  "item" : "<gold|500|9900>"
}, {
  "id" : 230,
  "item" : "<gold|1000|10000>"
}, {
  "id" : 231,
  "item" : "<6011|5|500>"
}, {
  "id" : 231,
  "item" : "<6011|10|3500>"
}, {
  "id" : 231,
  "item" : "<6011|15|7500>"
}, {
  "id" : 231,
  "item" : "<6011|30|9500>"
}, {
  "id" : 231,
  "item" : "<6011|50|9900>"
}, {
  "id" : 231,
  "item" : "<6011|100|9990>"
}, {
  "id" : 231,
  "item" : "<6011|500|10000>"
}, {
  "id" : 232,
  "item" : "<gold|41|2000>"
}, {
  "id" : 232,
  "item" : "<gold|888|2100>"
}, {
  "id" : 232,
  "item" : "<6011|10|3100>"
}, {
  "id" : 232,
  "item" : "<5082|4|3800>"
}, {
  "id" : 232,
  "item" : "<5083|4|5300>"
}, {
  "id" : 232,
  "item" : "<5084|1|6000>"
}, {
  "id" : 232,
  "item" : "<5073|1|8000>"
}, {
  "id" : 232,
  "item" : "<5063|1|10000>"
}, {
  "id" : 233,
  "item" : "<5081|10|2000>"
}, {
  "id" : 233,
  "item" : "<5082|5|4000>"
}, {
  "id" : 233,
  "item" : "<5082|10|7000>"
}, {
  "id" : 233,
  "item" : "<5083|5|9000>"
}, {
  "id" : 233,
  "item" : "<5083|10|9500>"
}, {
  "id" : 233,
  "item" : "<5084|5|9900>"
}, {
  "id" : 233,
  "item" : "<5084|10|10000>"
}, {
  "id" : 234,
  "item" : "<6027|1|2495>"
}, {
  "id" : 234,
  "item" : "<gold|200|4495>"
}, {
  "id" : 234,
  "item" : "<5294|2|7795>"
}, {
  "id" : 234,
  "item" : "<6011|5|9995>"
}, {
  "id" : 234,
  "item" : "<5074|5|10000>"
}, {
  "id" : 235,
  "item" : "<5293|1|1749>"
}, {
  "id" : 235,
  "item" : "<5294|1|3319>"
}, {
  "id" : 235,
  "item" : "<energy|50|5974>"
}, {
  "id" : 235,
  "item" : "<5084|5|6107>"
}, {
  "id" : 235,
  "item" : "<gold|50|8762>"
}, {
  "id" : 235,
  "item" : "<6011|5|9293>"
}, {
  "id" : 235,
  "item" : "<5054|1|9470>"
}, {
  "id" : 235,
  "item" : "<5062|5|10000>"
}, {
  "id" : 236,
  "item" : "<5313|1|1471>"
}, {
  "id" : 236,
  "item" : "<5073|2|2206>"
}, {
  "id" : 236,
  "item" : "<energy|50|5147>"
}, {
  "id" : 236,
  "item" : "<gold|50|8088>"
}, {
  "id" : 236,
  "item" : "<6011|5|8676>"
}, {
  "id" : 236,
  "item" : "<5053|1|9411>"
}, {
  "id" : 236,
  "item" : "<5062|5|10000>"
}, {
  "id" : 237,
  "item" : "<5313|1|1000>"
}, {
  "id" : 237,
  "item" : "<5073|2|4000>"
}, {
  "id" : 237,
  "item" : "<energy|50|4500>"
}, {
  "id" : 237,
  "item" : "<gold|50|5500>"
}, {
  "id" : 237,
  "item" : "<6011|5|6500>"
}, {
  "id" : 237,
  "item" : "<5053|1|9500>"
}, {
  "id" : 237,
  "item" : "<5062|5|10000>"
}, {
  "id" : 238,
  "item" : "<5313|1|1000>"
}, {
  "id" : 238,
  "item" : "<5073|2|4000>"
}, {
  "id" : 238,
  "item" : "<energy|50|4500>"
}, {
  "id" : 238,
  "item" : "<gold|50|5500>"
}, {
  "id" : 238,
  "item" : "<6011|5|6500>"
}, {
  "id" : 238,
  "item" : "<5053|1|9500>"
}, {
  "id" : 238,
  "item" : "<5062|5|10000>"
}, {
  "id" : 239,
  "item" : "<5995|1|1000>"
}, {
  "id" : 239,
  "item" : "<5073|2|4000>"
}, {
  "id" : 239,
  "item" : "<energy|50|4500>"
}, {
  "id" : 239,
  "item" : "<gold|50|5500>"
}, {
  "id" : 239,
  "item" : "<6011|5|6500>"
}, {
  "id" : 239,
  "item" : "<5053|1|9500>"
}, {
  "id" : 239,
  "item" : "<5062|5|10000>"
}, {
  "id" : 243,
  "item" : "<33|1|75>"
}, {
  "id" : 243,
  "item" : "<34|1|150>"
}, {
  "id" : 243,
  "item" : "<35|1|225>"
}, {
  "id" : 243,
  "item" : "<36|1|300>"
}, {
  "id" : 243,
  "item" : "<37|1|375>"
}, {
  "id" : 243,
  "item" : "<38|1|450>"
}, {
  "id" : 243,
  "item" : "<39|1|525>"
}, {
  "id" : 243,
  "item" : "<40|1|600>"
}, {
  "id" : 243,
  "item" : "<41|1|675>"
}, {
  "id" : 243,
  "item" : "<42|1|750>"
}, {
  "id" : 243,
  "item" : "<43|1|825>"
}, {
  "id" : 243,
  "item" : "<44|1|900>"
}, {
  "id" : 243,
  "item" : "<45|1|975>"
}, {
  "id" : 243,
  "item" : "<46|1|1050>"
}, {
  "id" : 243,
  "item" : "<47|1|1125>"
}, {
  "id" : 243,
  "item" : "<48|1|1200>"
}, {
  "id" : 243,
  "item" : "<49|1|1275>"
}, {
  "id" : 243,
  "item" : "<50|1|1350>"
}, {
  "id" : 243,
  "item" : "<51|1|1425>"
}, {
  "id" : 243,
  "item" : "<52|1|1500>"
}, {
  "id" : 243,
  "item" : "<17|1|1700>"
}, {
  "id" : 243,
  "item" : "<18|1|1900>"
}, {
  "id" : 243,
  "item" : "<19|1|2100>"
}, {
  "id" : 243,
  "item" : "<20|1|2300>"
}, {
  "id" : 243,
  "item" : "<21|1|2500>"
}, {
  "id" : 243,
  "item" : "<22|1|2700>"
}, {
  "id" : 243,
  "item" : "<23|1|2900>"
}, {
  "id" : 243,
  "item" : "<24|1|3100>"
}, {
  "id" : 243,
  "item" : "<25|1|3300>"
}, {
  "id" : 243,
  "item" : "<26|1|3500>"
}, {
  "id" : 243,
  "item" : "<27|1|3700>"
}, {
  "id" : 243,
  "item" : "<28|1|3900>"
}, {
  "id" : 243,
  "item" : "<29|1|4100>"
}, {
  "id" : 243,
  "item" : "<30|1|4300>"
}, {
  "id" : 243,
  "item" : "<31|1|4500>"
}, {
  "id" : 243,
  "item" : "<32|1|4700>"
}, {
  "id" : 243,
  "item" : "<3040|1|4750>"
}, {
  "id" : 243,
  "item" : "<3041|1|4800>"
}, {
  "id" : 243,
  "item" : "<3042|1|4850>"
}, {
  "id" : 243,
  "item" : "<3043|1|4900>"
}, {
  "id" : 243,
  "item" : "<3044|1|4950>"
}, {
  "id" : 243,
  "item" : "<3045|1|5000>"
}, {
  "id" : 243,
  "item" : "<3046|1|5050>"
}, {
  "id" : 243,
  "item" : "<3047|1|5100>"
}, {
  "id" : 243,
  "item" : "<3048|1|5150>"
}, {
  "id" : 243,
  "item" : "<3049|1|5200>"
}, {
  "id" : 243,
  "item" : "<3050|1|5250>"
}, {
  "id" : 243,
  "item" : "<3051|1|5300>"
}, {
  "id" : 243,
  "item" : "<3052|1|5350>"
}, {
  "id" : 243,
  "item" : "<3053|1|5400>"
}, {
  "id" : 243,
  "item" : "<3054|1|5450>"
}, {
  "id" : 243,
  "item" : "<3055|1|5500>"
}, {
  "id" : 243,
  "item" : "<3056|1|5550>"
}, {
  "id" : 243,
  "item" : "<3057|1|5600>"
}, {
  "id" : 243,
  "item" : "<3058|1|5650>"
}, {
  "id" : 243,
  "item" : "<3059|1|5700>"
}, {
  "id" : 243,
  "item" : "<6000|1|6200>"
}, {
  "id" : 243,
  "item" : "<6005|1|6700>"
}, {
  "id" : 243,
  "item" : "<6000|1|7200>"
}, {
  "id" : 243,
  "item" : "<6005|1|7700>"
}, {
  "id" : 243,
  "item" : "<6003|1|8200>"
}, {
  "id" : 243,
  "item" : "<6004|1|8700>"
}, {
  "id" : 243,
  "item" : "<6012|1|9350>"
}, {
  "id" : 243,
  "item" : "<6013|1|10000>"
}, {
  "id" : 244,
  "item" : "<53|1|40>"
}, {
  "id" : 244,
  "item" : "<54|1|80>"
}, {
  "id" : 244,
  "item" : "<55|1|120>"
}, {
  "id" : 244,
  "item" : "<56|1|160>"
}, {
  "id" : 244,
  "item" : "<57|1|200>"
}, {
  "id" : 244,
  "item" : "<58|1|240>"
}, {
  "id" : 244,
  "item" : "<59|1|280>"
}, {
  "id" : 244,
  "item" : "<60|1|320>"
}, {
  "id" : 244,
  "item" : "<61|1|360>"
}, {
  "id" : 244,
  "item" : "<62|1|400>"
}, {
  "id" : 244,
  "item" : "<63|1|440>"
}, {
  "id" : 244,
  "item" : "<64|1|480>"
}, {
  "id" : 244,
  "item" : "<65|1|520>"
}, {
  "id" : 244,
  "item" : "<66|1|560>"
}, {
  "id" : 244,
  "item" : "<67|1|600>"
}, {
  "id" : 244,
  "item" : "<68|1|640>"
}, {
  "id" : 244,
  "item" : "<69|1|680>"
}, {
  "id" : 244,
  "item" : "<70|1|720>"
}, {
  "id" : 244,
  "item" : "<71|1|760>"
}, {
  "id" : 244,
  "item" : "<72|1|800>"
}, {
  "id" : 244,
  "item" : "<73|1|840>"
}, {
  "id" : 244,
  "item" : "<74|1|880>"
}, {
  "id" : 244,
  "item" : "<75|1|920>"
}, {
  "id" : 244,
  "item" : "<76|1|960>"
}, {
  "id" : 244,
  "item" : "<6117|1|1008>"
}, {
  "id" : 244,
  "item" : "<6118|1|1056>"
}, {
  "id" : 244,
  "item" : "<6119|1|1104>"
}, {
  "id" : 244,
  "item" : "<6120|1|1152>"
}, {
  "id" : 244,
  "item" : "<6121|1|1200>"
}, {
  "id" : 244,
  "item" : "<6122|1|1248>"
}, {
  "id" : 244,
  "item" : "<6173|1|1296>"
}, {
  "id" : 244,
  "item" : "<6174|1|1344>"
}, {
  "id" : 244,
  "item" : "<6175|1|1392>"
}, {
  "id" : 244,
  "item" : "<6176|1|1440>"
}, {
  "id" : 244,
  "item" : "<6177|1|1488>"
}, {
  "id" : 244,
  "item" : "<6178|1|1536>"
}, {
  "id" : 244,
  "item" : "<6179|1|1584>"
}, {
  "id" : 244,
  "item" : "<6180|1|1632>"
}, {
  "id" : 244,
  "item" : "<6181|1|1680>"
}, {
  "id" : 244,
  "item" : "<6182|1|1728>"
}, {
  "id" : 244,
  "item" : "<6183|1|1776>"
}, {
  "id" : 244,
  "item" : "<6184|1|1824>"
}, {
  "id" : 244,
  "item" : "<6185|1|1872>"
}, {
  "id" : 244,
  "item" : "<6186|1|1920>"
}, {
  "id" : 244,
  "item" : "<6187|1|1968>"
}, {
  "id" : 244,
  "item" : "<6188|1|2016>"
}, {
  "id" : 244,
  "item" : "<6189|1|2064>"
}, {
  "id" : 244,
  "item" : "<6190|1|2112>"
}, {
  "id" : 244,
  "item" : "<6191|1|2160>"
}, {
  "id" : 244,
  "item" : "<3060|1|2210>"
}, {
  "id" : 244,
  "item" : "<3061|1|2260>"
}, {
  "id" : 244,
  "item" : "<3062|1|2310>"
}, {
  "id" : 244,
  "item" : "<3063|1|2360>"
}, {
  "id" : 244,
  "item" : "<3064|1|2410>"
}, {
  "id" : 244,
  "item" : "<3065|1|2460>"
}, {
  "id" : 244,
  "item" : "<3066|1|2510>"
}, {
  "id" : 244,
  "item" : "<3067|1|2560>"
}, {
  "id" : 244,
  "item" : "<3068|1|2610>"
}, {
  "id" : 244,
  "item" : "<3069|1|2660>"
}, {
  "id" : 244,
  "item" : "<3070|1|2710>"
}, {
  "id" : 244,
  "item" : "<3071|1|2760>"
}, {
  "id" : 244,
  "item" : "<3072|1|2810>"
}, {
  "id" : 244,
  "item" : "<3073|1|2860>"
}, {
  "id" : 244,
  "item" : "<3074|1|2910>"
}, {
  "id" : 244,
  "item" : "<3075|1|2960>"
}, {
  "id" : 244,
  "item" : "<3076|1|3010>"
}, {
  "id" : 244,
  "item" : "<3077|1|3060>"
}, {
  "id" : 244,
  "item" : "<3078|1|3110>"
}, {
  "id" : 244,
  "item" : "<3079|1|3160>"
}, {
  "id" : 244,
  "item" : "<6000|1|3410>"
}, {
  "id" : 244,
  "item" : "<6001|1|3660>"
}, {
  "id" : 244,
  "item" : "<6005|1|3910>"
}, {
  "id" : 244,
  "item" : "<6006|1|4160>"
}, {
  "id" : 244,
  "item" : "<6007|1|4410>"
}, {
  "id" : 244,
  "item" : "<5995|1|4650>"
}, {
  "id" : 244,
  "item" : "<5996|1|4850>"
}, {
  "id" : 244,
  "item" : "<5997|1|5050>"
}, {
  "id" : 244,
  "item" : "<5998|1|5250>"
}, {
  "id" : 244,
  "item" : "<5999|1|5450>"
}, {
  "id" : 244,
  "item" : "<5062|1|5740>"
}, {
  "id" : 244,
  "item" : "<5063|1|5840>"
}, {
  "id" : 244,
  "item" : "<5064|1|5890>"
}, {
  "id" : 244,
  "item" : "<5081|1|6190>"
}, {
  "id" : 244,
  "item" : "<5082|1|6490>"
}, {
  "id" : 244,
  "item" : "<5083|1|6790>"
}, {
  "id" : 244,
  "item" : "<5084|1|7090>"
}, {
  "id" : 244,
  "item" : "<6012|1|7390>"
}, {
  "id" : 244,
  "item" : "<6013|1|7690>"
}, {
  "id" : 244,
  "item" : "<6014|1|7990>"
}, {
  "id" : 244,
  "item" : "<6015|1|8290>"
}, {
  "id" : 244,
  "item" : "<6016|1|8590>"
}, {
  "id" : 244,
  "item" : "<6017|1|8890>"
}, {
  "id" : 244,
  "item" : "<6003|1|9190>"
}, {
  "id" : 244,
  "item" : "<6004|1|9490>"
}, {
  "id" : 244,
  "item" : "<gold|10|9750>"
}, {
  "id" : 244,
  "item" : "<gold|20|9850>"
}, {
  "id" : 244,
  "item" : "<gold|30|9950>"
}, {
  "id" : 244,
  "item" : "<gold|50|9980>"
}, {
  "id" : 244,
  "item" : "<gold|100|10000>"
}, {
  "id" : 245,
  "item" : "<53|1|25>"
}, {
  "id" : 245,
  "item" : "<54|1|50>"
}, {
  "id" : 245,
  "item" : "<55|1|75>"
}, {
  "id" : 245,
  "item" : "<56|1|100>"
}, {
  "id" : 245,
  "item" : "<57|1|125>"
}, {
  "id" : 245,
  "item" : "<58|1|150>"
}, {
  "id" : 245,
  "item" : "<59|1|175>"
}, {
  "id" : 245,
  "item" : "<60|1|200>"
}, {
  "id" : 245,
  "item" : "<61|1|225>"
}, {
  "id" : 245,
  "item" : "<62|1|250>"
}, {
  "id" : 245,
  "item" : "<63|1|275>"
}, {
  "id" : 245,
  "item" : "<64|1|300>"
}, {
  "id" : 245,
  "item" : "<65|1|325>"
}, {
  "id" : 245,
  "item" : "<66|1|350>"
}, {
  "id" : 245,
  "item" : "<67|1|375>"
}, {
  "id" : 245,
  "item" : "<68|1|400>"
}, {
  "id" : 245,
  "item" : "<69|1|425>"
}, {
  "id" : 245,
  "item" : "<70|1|450>"
}, {
  "id" : 245,
  "item" : "<71|1|475>"
}, {
  "id" : 245,
  "item" : "<72|1|500>"
}, {
  "id" : 245,
  "item" : "<73|1|525>"
}, {
  "id" : 245,
  "item" : "<74|1|550>"
}, {
  "id" : 245,
  "item" : "<75|1|575>"
}, {
  "id" : 245,
  "item" : "<76|1|600>"
}, {
  "id" : 245,
  "item" : "<77|1|603>"
}, {
  "id" : 245,
  "item" : "<78|1|606>"
}, {
  "id" : 245,
  "item" : "<79|1|609>"
}, {
  "id" : 245,
  "item" : "<80|1|612>"
}, {
  "id" : 245,
  "item" : "<81|1|615>"
}, {
  "id" : 245,
  "item" : "<82|1|618>"
}, {
  "id" : 245,
  "item" : "<83|1|621>"
}, {
  "id" : 245,
  "item" : "<84|1|624>"
}, {
  "id" : 245,
  "item" : "<85|1|627>"
}, {
  "id" : 245,
  "item" : "<86|1|630>"
}, {
  "id" : 245,
  "item" : "<87|1|633>"
}, {
  "id" : 245,
  "item" : "<88|1|636>"
}, {
  "id" : 245,
  "item" : "<89|1|639>"
}, {
  "id" : 245,
  "item" : "<90|1|642>"
}, {
  "id" : 245,
  "item" : "<91|1|645>"
}, {
  "id" : 245,
  "item" : "<92|1|648>"
}, {
  "id" : 245,
  "item" : "<93|1|651>"
}, {
  "id" : 245,
  "item" : "<94|1|654>"
}, {
  "id" : 245,
  "item" : "<95|1|657>"
}, {
  "id" : 245,
  "item" : "<96|1|660>"
}, {
  "id" : 245,
  "item" : "<97|1|663>"
}, {
  "id" : 245,
  "item" : "<98|1|666>"
}, {
  "id" : 245,
  "item" : "<5081|1|770>"
}, {
  "id" : 245,
  "item" : "<5082|1|874>"
}, {
  "id" : 245,
  "item" : "<5083|1|978>"
}, {
  "id" : 245,
  "item" : "<5084|1|1082>"
}, {
  "id" : 245,
  "item" : "<6117|1|1130>"
}, {
  "id" : 245,
  "item" : "<6118|1|1190>"
}, {
  "id" : 245,
  "item" : "<6119|1|1250>"
}, {
  "id" : 245,
  "item" : "<6120|1|1310>"
}, {
  "id" : 245,
  "item" : "<6121|1|1370>"
}, {
  "id" : 245,
  "item" : "<6122|1|1430>"
}, {
  "id" : 245,
  "item" : "<6173|1|1490>"
}, {
  "id" : 245,
  "item" : "<6174|1|1550>"
}, {
  "id" : 245,
  "item" : "<6175|1|1610>"
}, {
  "id" : 245,
  "item" : "<6176|1|1670>"
}, {
  "id" : 245,
  "item" : "<6177|1|1730>"
}, {
  "id" : 245,
  "item" : "<6178|1|1790>"
}, {
  "id" : 245,
  "item" : "<6179|1|1850>"
}, {
  "id" : 245,
  "item" : "<6180|1|1910>"
}, {
  "id" : 245,
  "item" : "<6181|1|1970>"
}, {
  "id" : 245,
  "item" : "<6182|1|2030>"
}, {
  "id" : 245,
  "item" : "<6183|1|2090>"
}, {
  "id" : 245,
  "item" : "<6184|1|2150>"
}, {
  "id" : 245,
  "item" : "<6185|1|2210>"
}, {
  "id" : 245,
  "item" : "<6186|1|2270>"
}, {
  "id" : 245,
  "item" : "<6187|1|2330>"
}, {
  "id" : 245,
  "item" : "<6188|1|2390>"
}, {
  "id" : 245,
  "item" : "<6189|1|2450>"
}, {
  "id" : 245,
  "item" : "<6190|1|2510>"
}, {
  "id" : 245,
  "item" : "<6191|1|2570>"
}, {
  "id" : 245,
  "item" : "<6123|1|2600>"
}, {
  "id" : 245,
  "item" : "<6124|1|2750>"
}, {
  "id" : 245,
  "item" : "<3060|1|2800>"
}, {
  "id" : 245,
  "item" : "<3061|1|2840>"
}, {
  "id" : 245,
  "item" : "<3062|1|2880>"
}, {
  "id" : 245,
  "item" : "<3064|1|2920>"
}, {
  "id" : 245,
  "item" : "<3065|1|2960>"
}, {
  "id" : 245,
  "item" : "<3066|1|3000>"
}, {
  "id" : 245,
  "item" : "<3068|1|3040>"
}, {
  "id" : 245,
  "item" : "<3069|1|3080>"
}, {
  "id" : 245,
  "item" : "<3070|1|3120>"
}, {
  "id" : 245,
  "item" : "<3072|1|3160>"
}, {
  "id" : 245,
  "item" : "<3073|1|3200>"
}, {
  "id" : 245,
  "item" : "<3074|1|3240>"
}, {
  "id" : 245,
  "item" : "<3076|1|3280>"
}, {
  "id" : 245,
  "item" : "<3077|1|3320>"
}, {
  "id" : 245,
  "item" : "<3078|1|3360>"
}, {
  "id" : 245,
  "item" : "<5427|1|3470>"
}, {
  "id" : 245,
  "item" : "<5426|1|3580>"
}, {
  "id" : 245,
  "item" : "<5425|1|3690>"
}, {
  "id" : 245,
  "item" : "<5424|1|3800>"
}, {
  "id" : 245,
  "item" : "<3080|1|3810>"
}, {
  "id" : 245,
  "item" : "<3081|1|3820>"
}, {
  "id" : 245,
  "item" : "<3082|1|3830>"
}, {
  "id" : 245,
  "item" : "<3083|1|3840>"
}, {
  "id" : 245,
  "item" : "<3084|1|3850>"
}, {
  "id" : 245,
  "item" : "<3085|1|3860>"
}, {
  "id" : 245,
  "item" : "<3086|1|3870>"
}, {
  "id" : 245,
  "item" : "<3087|1|3880>"
}, {
  "id" : 245,
  "item" : "<3088|1|3890>"
}, {
  "id" : 245,
  "item" : "<3089|1|3900>"
}, {
  "id" : 245,
  "item" : "<3090|1|3910>"
}, {
  "id" : 245,
  "item" : "<3091|1|3920>"
}, {
  "id" : 245,
  "item" : "<3092|1|3930>"
}, {
  "id" : 245,
  "item" : "<3093|1|3940>"
}, {
  "id" : 245,
  "item" : "<3094|1|3950>"
}, {
  "id" : 245,
  "item" : "<3095|1|3960>"
}, {
  "id" : 245,
  "item" : "<3096|1|3970>"
}, {
  "id" : 245,
  "item" : "<3097|1|3980>"
}, {
  "id" : 245,
  "item" : "<3098|1|3990>"
}, {
  "id" : 245,
  "item" : "<3099|1|4000>"
}, {
  "id" : 245,
  "item" : "<6000|1|4110>"
}, {
  "id" : 245,
  "item" : "<6001|1|4250>"
}, {
  "id" : 245,
  "item" : "<6005|1|4500>"
}, {
  "id" : 245,
  "item" : "<6006|1|4750>"
}, {
  "id" : 245,
  "item" : "<6007|1|5000>"
}, {
  "id" : 245,
  "item" : "<6002|1|5250>"
}, {
  "id" : 245,
  "item" : "<6007|1|5500>"
}, {
  "id" : 245,
  "item" : "<6008|1|5750>"
}, {
  "id" : 245,
  "item" : "<6002|1|5810>"
}, {
  "id" : 245,
  "item" : "<6009|1|5870>"
}, {
  "id" : 245,
  "item" : "<6010|1|5930>"
}, {
  "id" : 245,
  "item" : "<5995|1|6130>"
}, {
  "id" : 245,
  "item" : "<5996|1|6330>"
}, {
  "id" : 245,
  "item" : "<5997|1|6530>"
}, {
  "id" : 245,
  "item" : "<5998|1|6730>"
}, {
  "id" : 245,
  "item" : "<5999|1|6930>"
}, {
  "id" : 245,
  "item" : "<5062|1|7260>"
}, {
  "id" : 245,
  "item" : "<5063|1|7320>"
}, {
  "id" : 245,
  "item" : "<5064|1|7350>"
}, {
  "id" : 245,
  "item" : "<5081|1|7550>"
}, {
  "id" : 245,
  "item" : "<5082|1|7680>"
}, {
  "id" : 245,
  "item" : "<5083|1|7810>"
}, {
  "id" : 245,
  "item" : "<5084|1|7940>"
}, {
  "id" : 245,
  "item" : "<6012|1|8040>"
}, {
  "id" : 245,
  "item" : "<6013|1|8140>"
}, {
  "id" : 245,
  "item" : "<6014|1|8240>"
}, {
  "id" : 245,
  "item" : "<6015|1|8340>"
}, {
  "id" : 245,
  "item" : "<6016|1|8440>"
}, {
  "id" : 245,
  "item" : "<6017|1|8540>"
}, {
  "id" : 245,
  "item" : "<6003|1|8840>"
}, {
  "id" : 245,
  "item" : "<6004|1|9140>"
}, {
  "id" : 245,
  "item" : "<gold|10|9400>"
}, {
  "id" : 245,
  "item" : "<gold|30|9650>"
}, {
  "id" : 245,
  "item" : "<gold|50|9750>"
}, {
  "id" : 245,
  "item" : "<gold|100|9850>"
}, {
  "id" : 245,
  "item" : "<gold|100|9950>"
}, {
  "id" : 245,
  "item" : "<5427|10|9975>"
}, {
  "id" : 245,
  "item" : "<gold|200|10000>"
}, {
  "id" : 250,
  "item" : "<5421|1|10000>"
}, {
  "id" : 251,
  "item" : "<5422|1|10000>"
}, {
  "id" : 252,
  "item" : "<5423|1|10000>"
}, {
  "id" : 253,
  "item" : "<6000|1|500>"
}, {
  "id" : 253,
  "item" : "<6001|1|700>"
}, {
  "id" : 253,
  "item" : "<6002|1|750>"
}, {
  "id" : 253,
  "item" : "<6003|1|2650>"
}, {
  "id" : 253,
  "item" : "<6004|1|3650>"
}, {
  "id" : 253,
  "item" : "<6005|1|3800>"
}, {
  "id" : 253,
  "item" : "<6006|1|3850>"
}, {
  "id" : 253,
  "item" : "<6007|1|3875>"
}, {
  "id" : 253,
  "item" : "<6012|1|4600>"
}, {
  "id" : 253,
  "item" : "<6013|1|5400>"
}, {
  "id" : 253,
  "item" : "<6014|1|6200>"
}, {
  "id" : 253,
  "item" : "<6015|1|7000>"
}, {
  "id" : 253,
  "item" : "<5995|1|7100>"
}, {
  "id" : 253,
  "item" : "<5996|1|7200>"
}, {
  "id" : 253,
  "item" : "<5997|1|7300>"
}, {
  "id" : 253,
  "item" : "<5998|1|7400>"
}, {
  "id" : 253,
  "item" : "<5999|1|7500>"
}, {
  "id" : 253,
  "item" : "<5424|1|8500>"
}, {
  "id" : 253,
  "item" : "<5425|1|9500>"
}, {
  "id" : 253,
  "item" : "<5426|1|10000>"
} ]