[ {
  "id" : 1002,
  "exportJson" : "spell",
  "timeline" : "spell",
  "stages" : 5,
  "cir" : 1,
  "noMoveY" : 0,
  "noScaleX" : 1
}, {
  "id" : 1004,
  "exportJson" : "liuxingquan",
  "timeline" : "liuxingquan",
  "stages" : 25,
  "cir" : 1,
  "noMoveY" : 0,
  "noScaleX" : 1
}, {
  "id" : 1005,
  "exportJson" : "icebox",
  "timeline" : "icebox0",
  "stages" : 25,
  "cir" : 1,
  "noMoveY" : 0,
  "noScaleX" : 1
}, {
  "id" : 1006,
  "exportJson" : "icebox",
  "timeline" : "icebox1",
  "stages" : 25,
  "cir" : -1,
  "noMoveY" : 0,
  "noScaleX" : 1
}, {
  "id" : 1007,
  "exportJson" : "icebox",
  "timeline" : "icebox2",
  "stages" : 25,
  "cir" : 1,
  "noMoveY" : 0,
  "noScaleX" : 1
}, {
  "id" : 1009,
  "exportJson" : "bubble",
  "timeline" : "bubble",
  "stages" : 25,
  "cir" : -1,
  "noMoveY" : 0,
  "noScaleX" : 1
}, {
  "id" : 1010,
  "exportJson" : "luoxuanwan",
  "timeline" : "luoxuanwan",
  "stages" : 25,
  "cir" : 1,
  "noMoveY" : 0,
  "noScaleX" : 1
}, {
  "id" : 1012,
  "exportJson" : "bang",
  "timeline" : "bang",
  "stages" : 25,
  "cir" : 1,
  "noMoveY" : 0,
  "noScaleX" : 1
}, {
  "id" : 1013,
  "exportJson" : "yun",
  "timeline" : "yun",
  "stages" : 25,
  "cir" : 1,
  "noMoveY" : 0,
  "noScaleX" : 1
}, {
  "id" : 1014,
  "exportJson" : "yun",
  "timeline" : "yun_2fenshen",
  "stages" : 25,
  "cir" : 1,
  "noMoveY" : 0,
  "noScaleX" : 1
}, {
  "id" : 1015,
  "exportJson" : "mainAction",
  "timeline" : "luoxuanwan_fenshen1",
  "stages" : 20,
  "cir" : 1,
  "noMoveY" : 0,
  "noScaleX" : 1,
  "replaceRole" : -1
}, {
  "id" : 1016,
  "exportJson" : "mainAction",
  "timeline" : "luoxuanwan_fenshen2",
  "stages" : 20,
  "cir" : 1,
  "noMoveY" : 0,
  "noScaleX" : 1,
  "replaceRole" : -1
}, {
  "id" : 1017,
  "exportJson" : "hamawentai",
  "timeline" : "hamawentai_jump",
  "stages" : 8,
  "cir" : 1,
  "noMoveY" : 0,
  "noScaleX" : 1
}, {
  "id" : 1018,
  "exportJson" : "benpaoqilang",
  "timeline" : "benpaoqilang",
  "stages" : 15,
  "cir" : -1,
  "noMoveY" : 0,
  "noScaleX" : 1
}, {
  "id" : 1019,
  "exportJson" : "juqi1",
  "timeline" : "juqi1",
  "stages" : 25,
  "cir" : 1,
  "noMoveY" : 0,
  "noScaleX" : 1
}, {
  "id" : 1020,
  "exportJson" : "juqi2",
  "timeline" : "juqi2",
  "stages" : 25,
  "cir" : 1,
  "noMoveY" : 0,
  "noScaleX" : 1
}, {
  "id" : 1021,
  "exportJson" : "juqi3",
  "timeline" : "juqi3",
  "stages" : 25,
  "cir" : 1,
  "noMoveY" : 0,
  "noScaleX" : 1
}, {
  "id" : 1022,
  "exportJson" : "shanguang",
  "timeline" : "shanguang",
  "stages" : 25,
  "cir" : 1,
  "noMoveY" : 0,
  "noScaleX" : 1
}, {
  "id" : 1023,
  "exportJson" : "dilie",
  "timeline" : "dilie",
  "stages" : 30,
  "cir" : 1,
  "noMoveY" : 0,
  "noScaleX" : 1
}, {
  "id" : 1024,
  "exportJson" : "hamaji",
  "timeline" : "hamaji",
  "stages" : 25,
  "cir" : 1,
  "noMoveY" : 0,
  "noScaleX" : 1
}, {
  "id" : 1025,
  "exportJson" : "jiaxue",
  "timeline" : "jiaxue",
  "stages" : 8,
  "cir" : 1,
  "noMoveY" : 0,
  "noScaleX" : 1
}, {
  "id" : 1026,
  "exportJson" : "xuli",
  "timeline" : "xuli",
  "stages" : 25,
  "cir" : 1,
  "noMoveY" : 0,
  "noScaleX" : 1
}, {
  "id" : 1027,
  "exportJson" : "juquan",
  "timeline" : "juquan_ready",
  "stages" : 25,
  "cir" : 1,
  "noMoveY" : 0,
  "noScaleX" : 1
}, {
  "id" : 1028,
  "exportJson" : "juquan",
  "timeline" : "juquan_hit",
  "stages" : 25,
  "cir" : 1,
  "noMoveY" : 0,
  "noScaleX" : 1
}, {
  "id" : 1029,
  "exportJson" : "shunyi",
  "timeline" : "shunyi_youshang",
  "stages" : 25,
  "cir" : 1,
  "noMoveY" : 0,
  "noScaleX" : 1
}, {
  "id" : 1030,
  "exportJson" : "baiyan",
  "timeline" : "baiyan",
  "stages" : 3,
  "cir" : 1,
  "noMoveY" : 0,
  "noScaleX" : 0
}, {
  "id" : 1031,
  "exportJson" : "baguabaiyan",
  "timeline" : "baguabaiyan",
  "stages" : 5,
  "cir" : -1,
  "noMoveY" : 1,
  "noScaleX" : 1
}, {
  "id" : 1032,
  "exportJson" : "baguakongzhang",
  "timeline" : "baguakongzhang",
  "stages" : 25,
  "cir" : 1,
  "noMoveY" : 0,
  "noScaleX" : 1
}, {
  "id" : 1033,
  "exportJson" : "baguafengyin",
  "timeline" : "baguafengyin",
  "stages" : 22,
  "cir" : -1,
  "noMoveY" : 0,
  "noScaleX" : 1
}, {
  "id" : 1034,
  "exportJson" : "shoulijian",
  "timeline" : "shoulijian",
  "stages" : 25,
  "cir" : 1,
  "noMoveY" : 0,
  "noScaleX" : 1
}, {
  "id" : 1035,
  "exportJson" : "shuangshenglong",
  "timeline" : "shuangshenglong",
  "stages" : 8,
  "cir" : 1,
  "noMoveY" : 0,
  "noScaleX" : 1
}, {
  "id" : 1036,
  "exportJson" : "shunyi",
  "timeline" : "shunyi_shang",
  "stages" : 25,
  "cir" : 1,
  "noMoveY" : 0,
  "noScaleX" : 1
}, {
  "id" : 1037,
  "exportJson" : "dixian",
  "timeline" : "dixian",
  "stages" : 8,
  "cir" : 1,
  "noMoveY" : 0,
  "noScaleX" : 1
}, {
  "id" : 1038,
  "exportJson" : "qixuan",
  "timeline" : "qixuan",
  "stages" : 25,
  "cir" : 1,
  "noMoveY" : 0,
  "noScaleX" : 1
}, {
  "id" : 1039,
  "exportJson" : "mainAction",
  "timeline" : "bianda1",
  "stages" : 9,
  "cir" : 1,
  "noMoveY" : 0,
  "noScaleX" : 1,
  "replaceRole" : -1
}, {
  "id" : 1040,
  "exportJson" : "mainAction",
  "timeline" : "bianda2",
  "stages" : 9,
  "cir" : 1,
  "noMoveY" : 0,
  "noScaleX" : 1,
  "replaceRole" : -1
}, {
  "id" : 1045,
  "exportJson" : "qizhu",
  "timeline" : "qizhu",
  "stages" : 25,
  "cir" : 1,
  "noMoveY" : 0,
  "noScaleX" : 1
}, {
  "id" : 1046,
  "exportJson" : "bamen",
  "timeline" : "bamen",
  "stages" : 20,
  "cir" : 1,
  "noMoveY" : 0,
  "noScaleX" : 1
}, {
  "id" : 1047,
  "exportJson" : "bamendunjia",
  "timeline" : "bamendunjia",
  "stages" : 8,
  "cir" : 1,
  "noMoveY" : 0,
  "noScaleX" : 0
}, {
  "id" : 1048,
  "exportJson" : "biaolianhua",
  "timeline" : "biaolianhua",
  "stages" : 25,
  "cir" : 1,
  "noMoveY" : 0,
  "noScaleX" : 1
}, {
  "id" : 1049,
  "exportJson" : "juqi4",
  "timeline" : "juqi4",
  "stages" : 5,
  "cir" : 1,
  "noMoveY" : 0,
  "noScaleX" : 1
}, {
  "id" : 1050,
  "exportJson" : "baguazhen",
  "timeline" : "baguazhen",
  "stages" : 22,
  "cir" : -1,
  "noMoveY" : 0,
  "noScaleX" : 1
}, {
  "id" : 1051,
  "exportJson" : "chentu",
  "timeline" : "chentu",
  "stages" : 30,
  "cir" : 1,
  "noMoveY" : 0,
  "noScaleX" : 1
}, {
  "id" : 1052,
  "exportJson" : "bagua64",
  "timeline" : "bagua64_s",
  "stages" : 25,
  "cir" : 1,
  "noMoveY" : 0,
  "noScaleX" : 1
}, {
  "id" : 1053,
  "exportJson" : "bagua64",
  "timeline" : "bagua64_l",
  "stages" : 26,
  "cir" : 1,
  "noMoveY" : 0,
  "noScaleX" : 1
}, {
  "id" : 1054,
  "exportJson" : "tuliubi",
  "timeline" : "tuliubi",
  "stages" : 30,
  "cir" : 1,
  "noMoveY" : 0,
  "noScaleX" : 1
}, {
  "id" : 1055,
  "exportJson" : "yiweishouhe",
  "timeline" : "yiweishouhe",
  "stages" : 25,
  "cir" : 1,
  "noMoveY" : 0,
  "noScaleX" : 1
}, {
  "id" : 1056,
  "exportJson" : "longjuanfeng",
  "timeline" : "longjuanfeng2",
  "stages" : 25,
  "cir" : 1,
  "noMoveY" : 0,
  "noScaleX" : 1
}, {
  "id" : 1057,
  "exportJson" : "jinghua",
  "timeline" : "jinghua",
  "stages" : 25,
  "cir" : 1,
  "noMoveY" : 0,
  "noScaleX" : 1
}, {
  "id" : 1058,
  "exportJson" : "bubble",
  "timeline" : "duwu",
  "stages" : 25,
  "cir" : 1,
  "noMoveY" : 0,
  "noScaleX" : 1
}, {
  "id" : 1059,
  "exportJson" : "dapubu",
  "timeline" : "dapubu",
  "stages" : 25,
  "cir" : 1,
  "noMoveY" : 0,
  "noScaleX" : 1
}, {
  "id" : 1060,
  "exportJson" : "baguabaiyan",
  "timeline" : "baguabaiyan_ready",
  "stages" : 25,
  "cir" : -1,
  "noMoveY" : 0,
  "noScaleX" : 1
}, {
  "id" : 1061,
  "exportJson" : "wuyinshu",
  "timeline" : "wuyinshu_ready",
  "stages" : 25,
  "cir" : 1,
  "noMoveY" : 0,
  "noScaleX" : 1
}, {
  "id" : 1062,
  "exportJson" : "wuyinshu",
  "timeline" : "wuyinshu",
  "stages" : 25,
  "cir" : -1,
  "noMoveY" : 0,
  "noScaleX" : 1
}, {
  "id" : 1063,
  "exportJson" : "shandian",
  "timeline" : "shandian",
  "stages" : 25,
  "cir" : 1,
  "noMoveY" : 0,
  "noScaleX" : 1
}, {
  "id" : 1064,
  "exportJson" : "qilang",
  "timeline" : "qilang",
  "stages" : 30,
  "cir" : 1,
  "noMoveY" : 0,
  "noScaleX" : 1
}, {
  "id" : 1065,
  "exportJson" : "sanchongmen",
  "timeline" : "sanchongmen_ready",
  "stages" : 20,
  "cir" : 1,
  "noMoveY" : 0,
  "noScaleX" : 1
}, {
  "id" : 1066,
  "exportJson" : "sanchongmen",
  "timeline" : "sanchongmen",
  "stages" : 20,
  "cir" : -1,
  "noMoveY" : 1,
  "noScaleX" : 1
}, {
  "id" : 1067,
  "exportJson" : "shigumai",
  "timeline" : "shigumai",
  "stages" : 8,
  "cir" : 1,
  "noMoveY" : 0,
  "noScaleX" : 1
}, {
  "id" : 1068,
  "exportJson" : "shigumai",
  "timeline" : "gudun",
  "stages" : 20,
  "cir" : -1,
  "noMoveY" : 0,
  "noScaleX" : 1
}, {
  "id" : 1069,
  "exportJson" : "zhenfu",
  "timeline" : "zhenfu",
  "stages" : 20,
  "cir" : -1,
  "noMoveY" : 0,
  "noScaleX" : 1
}, {
  "id" : 1070,
  "exportJson" : "mojingbingjing",
  "timeline" : "mojingbingjing",
  "stages" : 25,
  "cir" : 1,
  "noMoveY" : 0,
  "noScaleX" : 1
}, {
  "id" : 1071,
  "exportJson" : "mainAction",
  "timeline" : "mojing_fenshen1",
  "stages" : 20,
  "cir" : 1,
  "noMoveY" : 0,
  "noScaleX" : 1,
  "replaceRole" : -1
}, {
  "id" : 1072,
  "exportJson" : "mainAction",
  "timeline" : "mojing_fenshen2",
  "stages" : 21,
  "cir" : 1,
  "noMoveY" : 0,
  "noScaleX" : 1,
  "replaceRole" : -1
}, {
  "id" : 1073,
  "exportJson" : "mainAction",
  "timeline" : "mojing_fenshen3",
  "stages" : 22,
  "cir" : 1,
  "noMoveY" : 0,
  "noScaleX" : 1,
  "replaceRole" : -1
}, {
  "id" : 1074,
  "exportJson" : "mainAction",
  "timeline" : "mojing_fenshen4",
  "stages" : 23,
  "cir" : 1,
  "noMoveY" : 0,
  "noScaleX" : 1,
  "replaceRole" : -1
}, {
  "id" : 1075,
  "exportJson" : "mainAction",
  "timeline" : "mojing_fenshen5",
  "stages" : 24,
  "cir" : 1,
  "noMoveY" : 0,
  "noScaleX" : 1,
  "replaceRole" : -1
}, {
  "id" : 1076,
  "exportJson" : "tiexianhua",
  "timeline" : "tiexianhua",
  "stages" : 25,
  "cir" : 1,
  "noMoveY" : 0,
  "noScaleX" : 1
}, {
  "id" : 1077,
  "exportJson" : "tiexianhua",
  "timeline" : "tiexianhua_beijing",
  "stages" : 5,
  "cir" : 1,
  "noMoveY" : 0,
  "noScaleX" : 1
}, {
  "id" : 1078,
  "exportJson" : "chentu",
  "timeline" : "chentu2",
  "stages" : 25,
  "cir" : 1,
  "noMoveY" : 0,
  "noScaleX" : 1
}, {
  "id" : 1079,
  "exportJson" : "juqi5",
  "timeline" : "juqi5",
  "stages" : 25,
  "cir" : 1,
  "noMoveY" : 0,
  "noScaleX" : 1
}, {
  "id" : 1080,
  "exportJson" : "huituzhuansheng",
  "timeline" : "huituzhuansheng",
  "stages" : 23,
  "cir" : 1,
  "noMoveY" : 0,
  "noScaleX" : 1
}, {
  "id" : 1081,
  "exportJson" : "qianniao",
  "timeline" : "qianniao_run",
  "stages" : 25,
  "cir" : 1,
  "noMoveY" : 0,
  "noScaleX" : 1
}, {
  "id" : 1082,
  "exportJson" : "qianniao",
  "timeline" : "qianniao_hit",
  "stages" : 25,
  "cir" : 1,
  "noMoveY" : 0,
  "noScaleX" : 1
}, {
  "id" : 1083,
  "exportJson" : "qianniao",
  "timeline" : "qianniao_effectB",
  "stages" : 25,
  "cir" : 1,
  "noMoveY" : 0,
  "noScaleX" : 1
}, {
  "id" : 1084,
  "exportJson" : "dianji",
  "timeline" : "dianji",
  "stages" : 25,
  "cir" : 1,
  "noMoveY" : 0,
  "noScaleX" : 1
}, {
  "id" : 1085,
  "exportJson" : "juqi6",
  "timeline" : "juqi6",
  "stages" : 25,
  "cir" : 1,
  "noMoveY" : 0,
  "noScaleX" : 1
}, {
  "id" : 1086,
  "exportJson" : "kuileishu",
  "timeline" : "kuileishu",
  "stages" : 8,
  "cir" : 1,
  "noMoveY" : 0,
  "noScaleX" : 1
}, {
  "id" : 1087,
  "exportJson" : "lianzhan",
  "timeline" : "lianzhan",
  "stages" : 25,
  "cir" : 1,
  "noMoveY" : 0,
  "noScaleX" : 1
}, {
  "id" : 1088,
  "exportJson" : "jianxue",
  "timeline" : "jianxue",
  "stages" : 25,
  "cir" : 1,
  "noMoveY" : 0,
  "noScaleX" : 1
}, {
  "id" : 1089,
  "exportJson" : "hengxiangguangzhu",
  "timeline" : "hengxiangguangzhu",
  "stages" : 5,
  "cir" : 1,
  "noMoveY" : 0,
  "noScaleX" : 1
}, {
  "id" : 1090,
  "exportJson" : "wanshe",
  "timeline" : "wanshe",
  "stages" : 8,
  "cir" : 1,
  "noMoveY" : 0,
  "noScaleX" : 1
}, {
  "id" : 1091,
  "exportJson" : "yinbaoniantu",
  "timeline" : "niantu",
  "stages" : 30,
  "cir" : 1,
  "noMoveY" : 0,
  "noScaleX" : 1
}, {
  "id" : 1092,
  "exportJson" : "yinbaoniantu",
  "timeline" : "baozha",
  "stages" : 30,
  "cir" : 1,
  "noMoveY" : 0,
  "noScaleX" : 1
}, {
  "id" : 1093,
  "exportJson" : "zibao",
  "timeline" : "zibao",
  "stages" : 25,
  "cir" : 1,
  "noMoveY" : 0,
  "noScaleX" : 1
}, {
  "id" : 1094,
  "exportJson" : "shuilaoshu",
  "timeline" : "shuilaoshu_ready",
  "stages" : 22,
  "cir" : 1,
  "noMoveY" : 1,
  "noScaleX" : 1
}, {
  "id" : 1095,
  "exportJson" : "shuilaoshu",
  "timeline" : "shuilaoshu",
  "stages" : 22,
  "cir" : -1,
  "noMoveY" : 1,
  "noScaleX" : 1
}, {
  "id" : 1096,
  "exportJson" : "baozi",
  "timeline" : "baozi_ready",
  "stages" : 20,
  "cir" : 1,
  "noMoveY" : 1,
  "noScaleX" : 1
}, {
  "id" : 1097,
  "exportJson" : "baozi",
  "timeline" : "baozi",
  "stages" : 20,
  "cir" : -1,
  "noMoveY" : 1,
  "noScaleX" : 1
}, {
  "id" : 1098,
  "exportJson" : "baozi",
  "timeline" : "baozi_fantan",
  "stages" : 20,
  "cir" : 1,
  "noMoveY" : 1,
  "noScaleX" : 1
}, {
  "id" : 1099,
  "exportJson" : "baiyan",
  "timeline" : "wanhuatong",
  "stages" : 5,
  "cir" : 1,
  "noMoveY" : 0,
  "noScaleX" : 0
}, {
  "id" : 1100,
  "exportJson" : "yixienaji",
  "timeline" : "yixienaji",
  "stages" : 8,
  "cir" : 1,
  "noMoveY" : 0,
  "noScaleX" : 1
}, {
  "id" : 1101,
  "exportJson" : "leiqie",
  "timeline" : "leiqie_ready",
  "stages" : 25,
  "cir" : 1,
  "noMoveY" : 1,
  "noScaleX" : 1
}, {
  "id" : 1102,
  "exportJson" : "leiqie",
  "timeline" : "leiqie",
  "stages" : 25,
  "cir" : 1,
  "noMoveY" : 1,
  "noScaleX" : 1,
  "hitMov" : "beiji2"
}, {
  "id" : 1103,
  "exportJson" : "baiyan",
  "timeline" : "feibiao",
  "stages" : 5,
  "cir" : 1,
  "noMoveY" : 0,
  "noScaleX" : 0
}, {
  "id" : 1104,
  "exportJson" : "baozha",
  "timeline" : "baozha",
  "stages" : 25,
  "cir" : 1,
  "noMoveY" : 0,
  "noScaleX" : 1
}, {
  "id" : 1105,
  "exportJson" : "shuijiaodan",
  "timeline" : "shuijiaodan",
  "stages" : 8,
  "cir" : 1,
  "noMoveY" : 0,
  "noScaleX" : 1
}, {
  "id" : 1106,
  "exportJson" : "qianzhizhenyu",
  "timeline" : "qianzhizhenyu_upper",
  "stages" : 25,
  "cir" : 1,
  "noMoveX" : 2,
  "noMoveY" : 2,
  "noScaleX" : 1
}, {
  "id" : 1107,
  "exportJson" : "qianzhizhenyu",
  "timeline" : "qianzhizhenyu_beiji",
  "stages" : 25,
  "cir" : 1,
  "noMoveY" : 0,
  "noScaleX" : 1
}, {
  "id" : 1108,
  "exportJson" : "leiqie",
  "timeline" : "leiqie_hit",
  "stages" : 25,
  "cir" : 1,
  "noMoveY" : 1,
  "noScaleX" : 1
}, {
  "id" : 1109,
  "exportJson" : "bubble",
  "timeline" : "huifu",
  "stages" : 25,
  "cir" : -1,
  "noMoveY" : 0,
  "noScaleX" : 1
}, {
  "id" : 1110,
  "exportJson" : "bawei",
  "timeline" : "bawei",
  "stages" : 24,
  "cir" : 1,
  "noMoveY" : 0,
  "noScaleX" : 1
}, {
  "id" : 1111,
  "exportJson" : "kuoyu",
  "timeline" : "kuoyu",
  "stages" : 25,
  "cir" : 1,
  "noMoveY" : 0,
  "noScaleX" : 1
}, {
  "id" : 1112,
  "exportJson" : "baiyan",
  "timeline" : "sangouyu",
  "stages" : 5,
  "cir" : 1,
  "noMoveY" : 0,
  "noScaleX" : 0
}, {
  "id" : 1113,
  "exportJson" : "baiyan",
  "timeline" : "sanjiao",
  "stages" : 5,
  "cir" : 1,
  "noMoveY" : 0,
  "noScaleX" : 0
}, {
  "id" : 1114,
  "exportJson" : "yuedu",
  "timeline" : "yuedu",
  "stages" : 5,
  "cir" : 1,
  "noMoveY" : 0,
  "noScaleX" : 1
}, {
  "id" : 1115,
  "exportJson" : "tianzhao",
  "timeline" : "tianzhao",
  "stages" : 25,
  "cir" : 1,
  "noMoveY" : 0,
  "noScaleX" : 1
}, {
  "id" : 1116,
  "exportJson" : "shiguifengjin",
  "timeline" : "shiguifengjin",
  "stages" : 5,
  "cir" : 1,
  "noMoveY" : 0,
  "noScaleX" : 1
}, {
  "id" : 1117,
  "exportJson" : "shiguifengjin",
  "timeline" : "shiguifengjin_beiji",
  "stages" : 25,
  "cir" : 1,
  "noMoveY" : 0,
  "noScaleX" : 1
}, {
  "id" : 1118,
  "exportJson" : "shiguifengjin",
  "timeline" : "shiguifengjin_dot",
  "stages" : 20,
  "cir" : -1,
  "noMoveY" : 0,
  "noScaleX" : 1
}, {
  "id" : 1119,
  "exportJson" : "juqi7",
  "timeline" : "juqi7",
  "stages" : 25,
  "cir" : 1,
  "noMoveY" : 0,
  "noScaleX" : 1
}, {
  "id" : 1120,
  "exportJson" : "dibaotianxing",
  "timeline" : "dibaotianxing",
  "stages" : 25,
  "cir" : 1,
  "noMoveY" : 0,
  "noScaleX" : 1
}, {
  "id" : 1121,
  "exportJson" : "qianzhizhenyu",
  "timeline" : "qianzhizhenyu_lower",
  "stages" : 6,
  "cir" : 1,
  "noMoveX" : 2,
  "noMoveY" : 2,
  "noScaleX" : 1
}, {
  "id" : 1122,
  "exportJson" : "xuanyun",
  "timeline" : "xuanyun",
  "stages" : 25,
  "cir" : -1,
  "noMoveY" : 0,
  "noScaleX" : 1
}, {
  "id" : 1123,
  "exportJson" : "xuanyun",
  "timeline" : "gouyu",
  "stages" : 25,
  "cir" : -1,
  "noMoveY" : 0,
  "noScaleX" : 1
}, {
  "id" : 1124,
  "exportJson" : "jiuweizhili",
  "timeline" : "jiuweizhili",
  "stages" : 25,
  "cir" : 1,
  "noMoveY" : 0,
  "noScaleX" : 1
}, {
  "id" : 1125,
  "exportJson" : "hengxiangguangzhu",
  "timeline" : "zongxiangguangzhu",
  "stages" : 5,
  "cir" : 1,
  "noMoveY" : 0,
  "noScaleX" : 1
}, {
  "id" : 1126,
  "exportJson" : "bawei",
  "timeline" : "bawei2",
  "stages" : 24,
  "cir" : 1,
  "noMoveY" : 0,
  "noScaleX" : 1
}, {
  "id" : 1127,
  "exportJson" : "bawei",
  "timeline" : "bawei3",
  "stages" : 24,
  "cir" : 1,
  "noMoveY" : 0,
  "noScaleX" : 1
}, {
  "id" : 1128,
  "exportJson" : "bawei",
  "timeline" : "bawei4",
  "stages" : 24,
  "cir" : 1,
  "noMoveY" : 0,
  "noScaleX" : 1
}, {
  "id" : 1129,
  "exportJson" : "baozha2",
  "timeline" : "baozha2",
  "stages" : 30,
  "cir" : 1,
  "noMoveY" : 0,
  "noScaleX" : 1
}, {
  "id" : 1130,
  "exportJson" : "yiweishouhe",
  "timeline" : "yiwei2",
  "stages" : 25,
  "cir" : 1,
  "noMoveY" : 0,
  "noScaleX" : 1
}, {
  "id" : 1131,
  "exportJson" : "yiweishouhe",
  "timeline" : "yiwei3",
  "stages" : 25,
  "cir" : 1,
  "noMoveY" : 0,
  "noScaleX" : 1
}, {
  "id" : 1132,
  "exportJson" : "yiweishouhe",
  "timeline" : "yiwei4",
  "stages" : 25,
  "cir" : 1,
  "noMoveY" : 0,
  "noScaleX" : 1
}, {
  "id" : 1133,
  "exportJson" : "erwei",
  "timeline" : "erwei",
  "stages" : 25,
  "cir" : 1,
  "noMoveY" : 0,
  "noScaleX" : 1
}, {
  "id" : 1134,
  "exportJson" : "erwei",
  "timeline" : "erwei2",
  "stages" : 25,
  "cir" : 1,
  "noMoveY" : 0,
  "noScaleX" : 1
}, {
  "id" : 1135,
  "exportJson" : "qianniao",
  "timeline" : "qianniao_erwei",
  "stages" : 30,
  "cir" : 1,
  "noMoveY" : 0,
  "noScaleX" : 1
}, {
  "id" : 1136,
  "exportJson" : "erwei",
  "timeline" : "erwei3",
  "stages" : 25,
  "cir" : 1,
  "noMoveY" : 0,
  "noScaleX" : 1
}, {
  "id" : 1137,
  "exportJson" : "erwei",
  "timeline" : "erwei4",
  "stages" : 25,
  "cir" : 1,
  "noMoveY" : 0,
  "noScaleX" : 1
}, {
  "id" : 1138,
  "exportJson" : "sanwei",
  "timeline" : "sanwei1",
  "stages" : 25,
  "cir" : 1,
  "noMoveY" : 0,
  "noScaleX" : 1
}, {
  "id" : 1139,
  "exportJson" : "sanwei",
  "timeline" : "sanwei2",
  "stages" : 25,
  "cir" : 1,
  "noMoveY" : 0,
  "noScaleX" : 1
}, {
  "id" : 1140,
  "exportJson" : "sanwei",
  "timeline" : "sanwei3",
  "stages" : 25,
  "cir" : 1,
  "noMoveY" : 0,
  "noScaleX" : 1
}, {
  "id" : 1141,
  "exportJson" : "sanwei",
  "timeline" : "sanwei4",
  "stages" : 25,
  "cir" : 1,
  "noMoveY" : 0,
  "noScaleX" : 1
}, {
  "id" : 1142,
  "exportJson" : "chudian",
  "timeline" : "chudian",
  "stages" : 26,
  "cir" : 1,
  "noMoveY" : 0,
  "noScaleX" : 1
}, {
  "id" : 1143,
  "exportJson" : "siwei",
  "timeline" : "siwei1",
  "stages" : 25,
  "cir" : 1,
  "noMoveY" : 0,
  "noScaleX" : 1
}, {
  "id" : 1144,
  "exportJson" : "juqi8",
  "timeline" : "juqi8",
  "stages" : 30,
  "cir" : 1,
  "noMoveY" : 0,
  "noScaleX" : 1
}, {
  "id" : 1145,
  "exportJson" : "huozhu",
  "timeline" : "huozhu",
  "stages" : 28,
  "cir" : 1,
  "noMoveY" : 0,
  "noScaleX" : 1
}, {
  "id" : 1146,
  "exportJson" : "siwei",
  "timeline" : "siwei2",
  "stages" : 25,
  "cir" : 1,
  "noMoveY" : 0,
  "noScaleX" : 1
}, {
  "id" : 1147,
  "exportJson" : "siwei",
  "timeline" : "siwei3",
  "stages" : 25,
  "cir" : 1,
  "noMoveY" : 0,
  "noScaleX" : 1
}, {
  "id" : 1148,
  "exportJson" : "siwei",
  "timeline" : "siwei4",
  "stages" : 25,
  "cir" : 1,
  "noMoveY" : 0,
  "noScaleX" : 1
}, {
  "id" : 1149,
  "exportJson" : "wuwei",
  "timeline" : "wuwei1",
  "stages" : 25,
  "cir" : 1,
  "noMoveY" : 0,
  "noScaleX" : 1
}, {
  "id" : 1150,
  "exportJson" : "wuwei",
  "timeline" : "wuwei2",
  "stages" : 25,
  "cir" : 1,
  "noMoveY" : 0,
  "noScaleX" : 1
}, {
  "id" : 1151,
  "exportJson" : "wuwei",
  "timeline" : "wuwei3",
  "stages" : 25,
  "cir" : 1,
  "noMoveY" : 0,
  "noScaleX" : 1
}, {
  "id" : 1152,
  "exportJson" : "wuwei",
  "timeline" : "wuwei4",
  "stages" : 25,
  "cir" : 1,
  "noMoveY" : 0,
  "noScaleX" : 1
}, {
  "id" : 1153,
  "exportJson" : "liuwei",
  "timeline" : "liuwei1",
  "stages" : 25,
  "cir" : 1,
  "noMoveY" : 0,
  "noScaleX" : 1
}, {
  "id" : 1154,
  "exportJson" : "huanjue",
  "timeline" : "huanjue",
  "stages" : 25,
  "cir" : 1,
  "noMoveY" : 0,
  "noScaleX" : 1
}, {
  "id" : 1155,
  "exportJson" : "liuwei",
  "timeline" : "liuwei2",
  "stages" : 25,
  "cir" : 1,
  "noMoveY" : 0,
  "noScaleX" : 1
}, {
  "id" : 1156,
  "exportJson" : "liuwei",
  "timeline" : "liuwei3",
  "stages" : 25,
  "cir" : 1,
  "noMoveY" : 0,
  "noScaleX" : 1
}, {
  "id" : 1157,
  "exportJson" : "liuwei",
  "timeline" : "liuwei4",
  "stages" : 25,
  "cir" : 1,
  "noMoveY" : 0,
  "noScaleX" : 1
}, {
  "id" : 1158,
  "exportJson" : "qiwei",
  "timeline" : "qiwei1",
  "stages" : 25,
  "cir" : 1,
  "noMoveY" : 0,
  "noScaleX" : 1
}, {
  "id" : 1159,
  "exportJson" : "qiwei",
  "timeline" : "qiwei2",
  "stages" : 5,
  "cir" : 1,
  "noMoveY" : 0,
  "noScaleX" : 1
}, {
  "id" : 1160,
  "exportJson" : "qiwei",
  "timeline" : "qiwei3",
  "stages" : 25,
  "cir" : 1,
  "noMoveY" : 0,
  "noScaleX" : 1
}, {
  "id" : 1161,
  "exportJson" : "lianjizhuanquan",
  "timeline" : "lianjizhuanquan",
  "stages" : 28,
  "cir" : 1,
  "noMoveY" : 0,
  "noScaleX" : 1
}, {
  "id" : 1162,
  "exportJson" : "qiwei",
  "timeline" : "qiwei4",
  "stages" : 25,
  "cir" : 1,
  "noMoveY" : 0,
  "noScaleX" : 1
}, {
  "id" : 1163,
  "exportJson" : "jiuwei",
  "timeline" : "jiuwei1",
  "stages" : 25,
  "cir" : 1,
  "noMoveY" : 0,
  "noScaleX" : 1
}, {
  "id" : 1164,
  "exportJson" : "jiuwei",
  "timeline" : "jiuwei3",
  "stages" : 25,
  "cir" : 1,
  "noMoveY" : 0,
  "noScaleX" : 1
}, {
  "id" : 1165,
  "exportJson" : "jiuwei",
  "timeline" : "jiuwei4",
  "stages" : 25,
  "cir" : 1,
  "noMoveY" : 0,
  "noScaleX" : 1
}, {
  "id" : 1166,
  "exportJson" : "jiuwei",
  "timeline" : "jiuwei2",
  "stages" : 25,
  "cir" : 1,
  "noMoveY" : 0,
  "noScaleX" : 1
}, {
  "id" : 1167,
  "exportJson" : "baoqi",
  "timeline" : "baoqi",
  "stages" : 25,
  "cir" : 1,
  "noMoveY" : 0,
  "noScaleX" : 1
}, {
  "id" : 1168,
  "exportJson" : "baiguang",
  "timeline" : "baiguang",
  "stages" : 25,
  "cir" : 1,
  "noMoveY" : 0,
  "noScaleX" : 1
}, {
  "id" : 1169,
  "exportJson" : "baguatu",
  "timeline" : "baguatu",
  "stages" : 25,
  "cir" : 1,
  "noMoveY" : 0,
  "noScaleX" : 1
}, {
  "id" : 1170,
  "exportJson" : "beijifantan",
  "timeline" : "beijifantan",
  "stages" : 25,
  "cir" : 1,
  "noMoveY" : 0,
  "noScaleX" : 1
}, {
  "id" : 1171,
  "exportJson" : "bianfu",
  "timeline" : "bianfu",
  "stages" : 25,
  "cir" : 1,
  "noMoveY" : 0,
  "noScaleX" : 1
}, {
  "id" : 1172,
  "exportJson" : "ceti",
  "timeline" : "ceti",
  "stages" : 25,
  "cir" : 1,
  "noMoveY" : 0,
  "noScaleX" : 1
}, {
  "id" : 1173,
  "exportJson" : "anyingzhishou",
  "timeline" : "anyingzhishou",
  "stages" : 25,
  "cir" : 1,
  "noMoveY" : 0,
  "noScaleX" : 1
}, {
  "id" : 1174,
  "exportJson" : "feileishen",
  "timeline" : "feileishen",
  "stages" : 25,
  "cir" : 1,
  "noMoveY" : 0,
  "noScaleX" : 1
}, {
  "id" : 1175,
  "exportJson" : "hulu",
  "timeline" : "hulu",
  "stages" : 25,
  "cir" : 1,
  "noMoveY" : 0,
  "noScaleX" : 1
}, {
  "id" : 1176,
  "exportJson" : "huoyan",
  "timeline" : "huoyan",
  "stages" : 25,
  "cir" : 1,
  "noMoveY" : 0,
  "noScaleX" : 1
}, {
  "id" : 1177,
  "exportJson" : "jiasu",
  "timeline" : "jiasu",
  "stages" : 25,
  "cir" : 1,
  "noMoveY" : 0,
  "noScaleX" : 1
}, {
  "id" : 1178,
  "exportJson" : "qunou",
  "timeline" : "qunou",
  "stages" : 30,
  "cir" : 1,
  "noMoveY" : 0,
  "noScaleX" : 1
}, {
  "id" : 1179,
  "exportJson" : "jiaxue",
  "timeline" : "jiaxue",
  "stages" : 25,
  "cir" : 1,
  "noMoveY" : 0,
  "noScaleX" : 1
}, {
  "id" : 1180,
  "exportJson" : "huixuanji",
  "timeline" : "huixuanji",
  "stages" : 25,
  "cir" : 1,
  "noMoveY" : 0,
  "noScaleX" : 1
}, {
  "id" : 1181,
  "exportJson" : "leiliredao",
  "timeline" : "leiliredao",
  "stages" : 25,
  "cir" : 1,
  "noMoveY" : 0,
  "noScaleX" : 1
}, {
  "id" : 1182,
  "exportJson" : "leiqiegongji",
  "timeline" : "leiqiegongji",
  "stages" : 25,
  "cir" : 1,
  "noMoveY" : 0,
  "noScaleX" : 1
}, {
  "id" : 1183,
  "exportJson" : "zhongliubao",
  "timeline" : "zhongliubao",
  "stages" : 25,
  "cir" : 1,
  "noMoveY" : 0,
  "noScaleX" : 1
}, {
  "id" : 1184,
  "exportJson" : "shiziliandan",
  "timeline" : "shiziliandan",
  "stages" : 25,
  "cir" : 1,
  "noMoveY" : 0,
  "noScaleX" : 1
}, {
  "id" : 1185,
  "exportJson" : "muyeshengfeng",
  "timeline" : "muyeshengfeng",
  "stages" : 25,
  "cir" : 1,
  "noMoveY" : 0,
  "noScaleX" : 1
}, {
  "id" : 1186,
  "exportJson" : "lianji",
  "timeline" : "lianji",
  "stages" : 25,
  "cir" : 1,
  "noMoveY" : 0,
  "noScaleX" : 1
}, {
  "id" : 1187,
  "exportJson" : "chaodayu",
  "timeline" : "chaodayu",
  "stages" : 25,
  "cir" : 1,
  "noMoveY" : 0,
  "noScaleX" : 1
}, {
  "id" : 1188,
  "exportJson" : "sanshe",
  "timeline" : "sanshe",
  "stages" : 25,
  "cir" : 1,
  "noMoveY" : 0,
  "noScaleX" : 1
}, {
  "id" : 1189,
  "exportJson" : "juqi9",
  "timeline" : "juqi9",
  "stages" : 25,
  "cir" : 1,
  "noMoveY" : 0,
  "noScaleX" : 1
}, {
  "id" : 1190,
  "exportJson" : "wuya",
  "timeline" : "wuya",
  "stages" : 25,
  "cir" : 1,
  "noMoveY" : 0,
  "noScaleX" : 1
}, {
  "id" : 1191,
  "exportJson" : "heiying",
  "timeline" : "heiying",
  "stages" : 25,
  "cir" : 1,
  "noMoveY" : 0,
  "noScaleX" : 1
}, {
  "id" : 1192,
  "exportJson" : "heiwu",
  "timeline" : "heiwu",
  "stages" : 25,
  "cir" : 1,
  "noMoveY" : 0,
  "noScaleX" : 1
}, {
  "id" : 1193,
  "exportJson" : "zhan1",
  "timeline" : "zhan1",
  "stages" : 25,
  "cir" : 1,
  "noMoveY" : 0,
  "noScaleX" : 1
}, {
  "id" : 1194,
  "exportJson" : "shunshen",
  "timeline" : "shunshen",
  "stages" : 25,
  "cir" : 1,
  "noMoveY" : 0,
  "noScaleX" : 1
}, {
  "id" : 1195,
  "exportJson" : "yunshi",
  "timeline" : "yunshi",
  "stages" : 25,
  "cir" : 1,
  "noMoveY" : 0,
  "noScaleX" : 1
}, {
  "id" : 1196,
  "exportJson" : "pake",
  "timeline" : "pake1",
  "stages" : 25,
  "cir" : 1,
  "noMoveY" : 0,
  "noScaleX" : 1
}, {
  "id" : 1197,
  "exportJson" : "pake",
  "timeline" : "pake2",
  "stages" : 25,
  "cir" : 1,
  "noMoveY" : 0,
  "noScaleX" : 1
}, {
  "id" : 1198,
  "exportJson" : "pake",
  "timeline" : "pake3",
  "stages" : 25,
  "cir" : 1,
  "noMoveY" : 0,
  "noScaleX" : 1
}, {
  "id" : 1199,
  "exportJson" : "yuanhouwang",
  "timeline" : "yuanhouwang1",
  "stages" : 25,
  "cir" : 1,
  "noMoveY" : 0,
  "noScaleX" : 1
}, {
  "id" : 1200,
  "exportJson" : "yuanhouwang",
  "timeline" : "yuanhouwang2",
  "stages" : 25,
  "cir" : 1,
  "noMoveY" : 0,
  "noScaleX" : 1
}, {
  "id" : 1201,
  "exportJson" : "yuanhouwang",
  "timeline" : "yuanhouwang3",
  "stages" : 25,
  "cir" : 1,
  "noMoveY" : 0,
  "noScaleX" : 1
}, {
  "id" : 1202,
  "exportJson" : "hamaji",
  "timeline" : "hamaji2",
  "stages" : 25,
  "cir" : 1,
  "noMoveY" : 0,
  "noScaleX" : 1
}, {
  "id" : 1203,
  "exportJson" : "hamaji",
  "timeline" : "hamaji3",
  "stages" : 25,
  "cir" : 1,
  "noMoveY" : 0,
  "noScaleX" : 1
}, {
  "id" : 1204,
  "exportJson" : "wanshe",
  "timeline" : "wanshe2",
  "stages" : 25,
  "cir" : 1,
  "noMoveY" : 0,
  "noScaleX" : 1
}, {
  "id" : 1205,
  "exportJson" : "wanshe",
  "timeline" : "wanshe3",
  "stages" : 25,
  "cir" : 1,
  "noMoveY" : 0,
  "noScaleX" : 1
}, {
  "id" : 1206,
  "exportJson" : "kuoyu",
  "timeline" : "kuoyu2",
  "stages" : 25,
  "cir" : 1,
  "noMoveY" : 0,
  "noScaleX" : 1
}, {
  "id" : 1207,
  "exportJson" : "kuoyu",
  "timeline" : "kuoyu3",
  "stages" : 25,
  "cir" : 1,
  "noMoveY" : 0,
  "noScaleX" : 1
}, {
  "id" : 1208,
  "exportJson" : "hamawentai",
  "timeline" : "hamawentai2",
  "stages" : 8,
  "cir" : 1,
  "noMoveY" : 0,
  "noScaleX" : 1
}, {
  "id" : 1209,
  "exportJson" : "hamawentai",
  "timeline" : "hamawentai3",
  "stages" : 8,
  "cir" : 1,
  "noMoveY" : 0,
  "noScaleX" : 1
}, {
  "id" : 1210,
  "exportJson" : "juquan",
  "timeline" : "juquan_hit2",
  "stages" : 25,
  "cir" : 1,
  "noMoveY" : 0,
  "noScaleX" : 1
}, {
  "id" : 1211,
  "exportJson" : "anqifengbao",
  "timeline" : "anqifengbao",
  "stages" : 25,
  "cir" : 1,
  "noMoveY" : 0,
  "noScaleX" : 1
}, {
  "id" : 1212,
  "exportJson" : "qiudaoyu",
  "timeline" : "qiudaoyu",
  "stages" : 25,
  "cir" : 1,
  "noMoveY" : 0,
  "noScaleX" : 1
}, {
  "id" : 1213,
  "exportJson" : "bamendunjia",
  "timeline" : "shangmenkai",
  "stages" : 8,
  "cir" : 1,
  "noMoveY" : 0,
  "noScaleX" : 0
}, {
  "id" : 1214,
  "exportJson" : "bamendunjia",
  "timeline" : "jingmenkai",
  "stages" : 8,
  "cir" : 1,
  "noMoveY" : 0,
  "noScaleX" : 0
}, {
  "id" : 1215,
  "exportJson" : "xuzuonenghu",
  "timeline" : "xuzuonenghu",
  "stages" : 25,
  "cir" : 1,
  "noMoveY" : 0,
  "noScaleX" : 1
}, {
  "id" : 1216,
  "exportJson" : "bubble",
  "timeline" : "bubble2",
  "stages" : 25,
  "cir" : -1,
  "noMoveY" : 0,
  "noScaleX" : 1
}, {
  "id" : 1217,
  "exportJson" : "bubble",
  "timeline" : "duwu2",
  "stages" : 25,
  "cir" : 1,
  "noMoveY" : 0,
  "noScaleX" : 1
}, {
  "id" : 1218,
  "exportJson" : "dapubu",
  "timeline" : "haixiao",
  "stages" : 25,
  "cir" : 1,
  "noMoveY" : 0,
  "noScaleX" : 1
}, {
  "id" : 1219,
  "exportJson" : "shabaodazang",
  "timeline" : "shabaodazang",
  "stages" : 25,
  "cir" : 1,
  "noMoveY" : 0,
  "noScaleX" : 1
}, {
  "id" : 1220,
  "exportJson" : "kuileishu",
  "timeline" : "kuileishu2",
  "stages" : 25,
  "cir" : 1,
  "noMoveY" : 0,
  "noScaleX" : 1
}, {
  "id" : 1221,
  "exportJson" : "qianshoushentong",
  "timeline" : "qianshoushentong",
  "stages" : 25,
  "cir" : 1,
  "noMoveY" : 0,
  "noScaleX" : 1
}, {
  "id" : 1222,
  "exportJson" : "shuijiaodan",
  "timeline" : "shayuqun",
  "stages" : 25,
  "cir" : 1,
  "noMoveY" : 0,
  "noScaleX" : 1
}, {
  "id" : 1223,
  "exportJson" : "qianzhizhenyu",
  "timeline" : "qianzhizhenyu_upper2",
  "stages" : 25,
  "cir" : 1,
  "noMoveX" : 2,
  "noMoveY" : 2,
  "noScaleX" : 1
}, {
  "id" : 1224,
  "exportJson" : "waidaomoxiang",
  "timeline" : "waidaomoxiang",
  "stages" : 25,
  "cir" : 1,
  "noMoveY" : 0,
  "noScaleX" : 1
}, {
  "id" : 1225,
  "exportJson" : "huituzhuansheng",
  "timeline" : "huituzhuansheng2",
  "stages" : 23,
  "cir" : 1,
  "noMoveY" : 0,
  "noScaleX" : 1
}, {
  "id" : 1226,
  "exportJson" : "huituzhuansheng",
  "timeline" : "huituzhuansheng3",
  "stages" : 23,
  "cir" : 1,
  "noMoveY" : 0,
  "noScaleX" : 1
}, {
  "id" : 1227,
  "exportJson" : "luoxuanwan",
  "timeline" : "luoxuanwan2",
  "stages" : 25,
  "cir" : 1,
  "noMoveY" : 0,
  "noScaleX" : 1
}, {
  "id" : 1228,
  "exportJson" : "mainAction",
  "timeline" : "yuanzhu1",
  "stages" : 25,
  "cir" : 1,
  "noMoveY" : 0,
  "noScaleX" : 1,
  "replaceRole" : -1
}, {
  "id" : 1229,
  "exportJson" : "mainAction",
  "timeline" : "yuanzhu2",
  "stages" : 25,
  "cir" : 1,
  "noMoveY" : 0,
  "noScaleX" : 1,
  "replaceRole" : -1
}, {
  "id" : 1230,
  "exportJson" : "mainAction",
  "timeline" : "yuanzhu3",
  "stages" : 25,
  "cir" : 1,
  "noMoveY" : 0,
  "noScaleX" : 1,
  "replaceRole" : -1
}, {
  "id" : 1231,
  "exportJson" : "mainAction",
  "timeline" : "yuanzhu4",
  "stages" : 25,
  "cir" : 1,
  "noMoveY" : 0,
  "noScaleX" : 1,
  "replaceRole" : -1
}, {
  "id" : 1232,
  "exportJson" : "mainAction",
  "timeline" : "yuanzhu5",
  "stages" : 25,
  "cir" : 1,
  "noMoveY" : 0,
  "noScaleX" : 1,
  "replaceRole" : -1
}, {
  "id" : 1233,
  "exportJson" : "mainAction",
  "timeline" : "yuanzhu6",
  "stages" : 25,
  "cir" : 1,
  "noMoveY" : 0,
  "noScaleX" : 1,
  "replaceRole" : -1
}, {
  "id" : 1234,
  "exportJson" : "mainAction",
  "timeline" : "yuanzhu7",
  "stages" : 25,
  "cir" : 1,
  "noMoveY" : 0,
  "noScaleX" : 1,
  "replaceRole" : -1
}, {
  "id" : 1235,
  "exportJson" : "mainAction",
  "timeline" : "yuanzhu8",
  "stages" : 25,
  "cir" : 1,
  "noMoveY" : 0,
  "noScaleX" : 1,
  "replaceRole" : -1
}, {
  "id" : 1236,
  "exportJson" : "mainAction",
  "timeline" : "yuanzhu9",
  "stages" : 25,
  "cir" : 1,
  "noMoveY" : 0,
  "noScaleX" : 1,
  "replaceRole" : -1
}, {
  "id" : 1237,
  "exportJson" : "seyoushu",
  "timeline" : "seyoushu",
  "stages" : 25,
  "cir" : 1,
  "noMoveY" : 0,
  "noScaleX" : 1
}, {
  "id" : 1238,
  "exportJson" : "seyoushu",
  "timeline" : "bixue",
  "stages" : 25,
  "cir" : 1,
  "noMoveY" : 0,
  "noScaleX" : 1
}, {
  "id" : 1239,
  "exportJson" : "jieyin",
  "timeline" : "jieyin",
  "stages" : 25,
  "cir" : 1,
  "noMoveY" : 0,
  "noScaleX" : 1
}, {
  "id" : 1240,
  "exportJson" : "daoguang",
  "timeline" : "daoguang1",
  "stages" : 30,
  "cir" : 1,
  "noMoveY" : 0,
  "noScaleX" : 1
}, {
  "id" : 1241,
  "exportJson" : "daoguang",
  "timeline" : "daoguang2",
  "stages" : 30,
  "cir" : 1,
  "noMoveY" : 0,
  "noScaleX" : 1
}, {
  "id" : 1242,
  "exportJson" : "shanggouquan",
  "timeline" : "shanggouquan",
  "stages" : 25,
  "cir" : 1,
  "noMoveY" : 0,
  "noScaleX" : 1
}, {
  "id" : 2001,
  "exportJson" : "mainAction",
  "timeline" : "yuanzhu1",
  "stages" : 25,
  "cir" : 1,
  "noMoveY" : 0,
  "noScaleX" : 1,
  "replaceRole" : 1
}, {
  "id" : 2002,
  "exportJson" : "mainAction",
  "timeline" : "yuanzhu2",
  "stages" : 25,
  "cir" : 1,
  "noMoveY" : 0,
  "noScaleX" : 1,
  "replaceRole" : 2
}, {
  "id" : 2003,
  "exportJson" : "mainAction",
  "timeline" : "yuanzhu3",
  "stages" : 25,
  "cir" : 1,
  "noMoveY" : 0,
  "noScaleX" : 1,
  "replaceRole" : 3
}, {
  "id" : 2004,
  "exportJson" : "mainAction",
  "timeline" : "yuanzhu4",
  "stages" : 25,
  "cir" : 1,
  "noMoveY" : 0,
  "noScaleX" : 1,
  "replaceRole" : 4
}, {
  "id" : 2005,
  "exportJson" : "mainAction",
  "timeline" : "yuanzhu5",
  "stages" : 25,
  "cir" : 1,
  "noMoveY" : 0,
  "noScaleX" : 1,
  "replaceRole" : 5
}, {
  "id" : 2006,
  "exportJson" : "mainAction",
  "timeline" : "yuanzhu6",
  "stages" : 25,
  "cir" : 1,
  "noMoveY" : 0,
  "noScaleX" : 1,
  "replaceRole" : 6
}, {
  "id" : 2007,
  "exportJson" : "mainAction",
  "timeline" : "yuanzhu7",
  "stages" : 25,
  "cir" : 1,
  "noMoveY" : 0,
  "noScaleX" : 1,
  "replaceRole" : 7
}, {
  "id" : 2008,
  "exportJson" : "mainAction",
  "timeline" : "yuanzhu8",
  "stages" : 25,
  "cir" : 1,
  "noMoveY" : 0,
  "noScaleX" : 1,
  "replaceRole" : 8
}, {
  "id" : 2009,
  "exportJson" : "mainAction",
  "timeline" : "yuanzhu9",
  "stages" : 25,
  "cir" : 1,
  "noMoveY" : 0,
  "noScaleX" : 1,
  "replaceRole" : 9
}, {
  "id" : 2010,
  "exportJson" : "mainAction",
  "timeline" : "yuanzhu1",
  "stages" : 25,
  "cir" : 1,
  "noMoveY" : 0,
  "noScaleX" : 1,
  "replaceRole" : 10
}, {
  "id" : 2011,
  "exportJson" : "mainAction",
  "timeline" : "yuanzhu2",
  "stages" : 25,
  "cir" : 1,
  "noMoveY" : 0,
  "noScaleX" : 1,
  "replaceRole" : 11
}, {
  "id" : 2012,
  "exportJson" : "mainAction",
  "timeline" : "yuanzhu3",
  "stages" : 25,
  "cir" : 1,
  "noMoveY" : 0,
  "noScaleX" : 1,
  "replaceRole" : 12
}, {
  "id" : 2013,
  "exportJson" : "mainAction",
  "timeline" : "yuanzhu4",
  "stages" : 25,
  "cir" : 1,
  "noMoveY" : 0,
  "noScaleX" : 1,
  "replaceRole" : 13
}, {
  "id" : 2014,
  "exportJson" : "mainAction",
  "timeline" : "yuanzhu5",
  "stages" : 25,
  "cir" : 1,
  "noMoveY" : 0,
  "noScaleX" : 1,
  "replaceRole" : 14
}, {
  "id" : 2015,
  "exportJson" : "mainAction",
  "timeline" : "yuanzhu6",
  "stages" : 25,
  "cir" : 1,
  "noMoveY" : 0,
  "noScaleX" : 1,
  "replaceRole" : 15
}, {
  "id" : 2016,
  "exportJson" : "mainAction",
  "timeline" : "yuanzhu7",
  "stages" : 25,
  "cir" : 1,
  "noMoveY" : 0,
  "noScaleX" : 1,
  "replaceRole" : 16
}, {
  "id" : 2017,
  "exportJson" : "mainAction",
  "timeline" : "yuanzhu8",
  "stages" : 25,
  "cir" : 1,
  "noMoveY" : 0,
  "noScaleX" : 1,
  "replaceRole" : 17
}, {
  "id" : 2018,
  "exportJson" : "mainAction",
  "timeline" : "yuanzhu9",
  "stages" : 25,
  "cir" : 1,
  "noMoveY" : 0,
  "noScaleX" : 1,
  "replaceRole" : 18
}, {
  "id" : 2019,
  "exportJson" : "mainAction",
  "timeline" : "yuanzhu1",
  "stages" : 25,
  "cir" : 1,
  "noMoveY" : 0,
  "noScaleX" : 1,
  "replaceRole" : 19
}, {
  "id" : 2020,
  "exportJson" : "mainAction",
  "timeline" : "yuanzhu2",
  "stages" : 25,
  "cir" : 1,
  "noMoveY" : 0,
  "noScaleX" : 1,
  "replaceRole" : 20
}, {
  "id" : 2021,
  "exportJson" : "mainAction",
  "timeline" : "yuanzhu3",
  "stages" : 25,
  "cir" : 1,
  "noMoveY" : 0,
  "noScaleX" : 1,
  "replaceRole" : 21
}, {
  "id" : 2022,
  "exportJson" : "mainAction",
  "timeline" : "yuanzhu4",
  "stages" : 25,
  "cir" : 1,
  "noMoveY" : 0,
  "noScaleX" : 1,
  "replaceRole" : 22
}, {
  "id" : 2023,
  "exportJson" : "mainAction",
  "timeline" : "yuanzhu5",
  "stages" : 25,
  "cir" : 1,
  "noMoveY" : 0,
  "noScaleX" : 1,
  "replaceRole" : 23
}, {
  "id" : 2024,
  "exportJson" : "mainAction",
  "timeline" : "yuanzhu6",
  "stages" : 25,
  "cir" : 1,
  "noMoveY" : 0,
  "noScaleX" : 1,
  "replaceRole" : 24
}, {
  "id" : 2025,
  "exportJson" : "mainAction",
  "timeline" : "yuanzhu7",
  "stages" : 25,
  "cir" : 1,
  "noMoveY" : 0,
  "noScaleX" : 1,
  "replaceRole" : 25
}, {
  "id" : 2026,
  "exportJson" : "mainAction",
  "timeline" : "yuanzhu8",
  "stages" : 25,
  "cir" : 1,
  "noMoveY" : 0,
  "noScaleX" : 1,
  "replaceRole" : 26
}, {
  "id" : 2027,
  "exportJson" : "mainAction",
  "timeline" : "yuanzhu9",
  "stages" : 25,
  "cir" : 1,
  "noMoveY" : 0,
  "noScaleX" : 1,
  "replaceRole" : 27
}, {
  "id" : 2028,
  "exportJson" : "mainAction",
  "timeline" : "yuanzhu1",
  "stages" : 25,
  "cir" : 1,
  "noMoveY" : 0,
  "noScaleX" : 1,
  "replaceRole" : 28
}, {
  "id" : 2029,
  "exportJson" : "mainAction",
  "timeline" : "yuanzhu2",
  "stages" : 25,
  "cir" : 1,
  "noMoveY" : 0,
  "noScaleX" : 1,
  "replaceRole" : 29
}, {
  "id" : 2030,
  "exportJson" : "mainAction",
  "timeline" : "yuanzhu3",
  "stages" : 25,
  "cir" : 1,
  "noMoveY" : 0,
  "noScaleX" : 1,
  "replaceRole" : 30
}, {
  "id" : 2031,
  "exportJson" : "mainAction",
  "timeline" : "yuanzhu4",
  "stages" : 25,
  "cir" : 1,
  "noMoveY" : 0,
  "noScaleX" : 1,
  "replaceRole" : 31
}, {
  "id" : 2032,
  "exportJson" : "mainAction",
  "timeline" : "yuanzhu5",
  "stages" : 25,
  "cir" : 1,
  "noMoveY" : 0,
  "noScaleX" : 1,
  "replaceRole" : 32
}, {
  "id" : 2033,
  "exportJson" : "mainAction",
  "timeline" : "yuanzhu6",
  "stages" : 25,
  "cir" : 1,
  "noMoveY" : 0,
  "noScaleX" : 1,
  "replaceRole" : 33
}, {
  "id" : 2034,
  "exportJson" : "mainAction",
  "timeline" : "yuanzhu7",
  "stages" : 25,
  "cir" : 1,
  "noMoveY" : 0,
  "noScaleX" : 1,
  "replaceRole" : 34
}, {
  "id" : 2035,
  "exportJson" : "mainAction",
  "timeline" : "yuanzhu8",
  "stages" : 25,
  "cir" : 1,
  "noMoveY" : 0,
  "noScaleX" : 1,
  "replaceRole" : 35
}, {
  "id" : 2036,
  "exportJson" : "mainAction",
  "timeline" : "yuanzhu9",
  "stages" : 25,
  "cir" : 1,
  "noMoveY" : 0,
  "noScaleX" : 1,
  "replaceRole" : 36
}, {
  "id" : 2037,
  "exportJson" : "mainAction",
  "timeline" : "yuanzhu1",
  "stages" : 25,
  "cir" : 1,
  "noMoveY" : 0,
  "noScaleX" : 1,
  "replaceRole" : 37
}, {
  "id" : 2038,
  "exportJson" : "mainAction",
  "timeline" : "yuanzhu2",
  "stages" : 25,
  "cir" : 1,
  "noMoveY" : 0,
  "noScaleX" : 1,
  "replaceRole" : 38
}, {
  "id" : 2039,
  "exportJson" : "mainAction",
  "timeline" : "yuanzhu3",
  "stages" : 25,
  "cir" : 1,
  "noMoveY" : 0,
  "noScaleX" : 1,
  "replaceRole" : 39
}, {
  "id" : 2040,
  "exportJson" : "mainAction",
  "timeline" : "yuanzhu4",
  "stages" : 25,
  "cir" : 1,
  "noMoveY" : 0,
  "noScaleX" : 1,
  "replaceRole" : 40
}, {
  "id" : 2041,
  "exportJson" : "mainAction",
  "timeline" : "yuanzhu5",
  "stages" : 25,
  "cir" : 1,
  "noMoveY" : 0,
  "noScaleX" : 1,
  "replaceRole" : 41
}, {
  "id" : 2042,
  "exportJson" : "mainAction",
  "timeline" : "yuanzhu6",
  "stages" : 25,
  "cir" : 1,
  "noMoveY" : 0,
  "noScaleX" : 1,
  "replaceRole" : 42
}, {
  "id" : 2043,
  "exportJson" : "mainAction",
  "timeline" : "yuanzhu7",
  "stages" : 25,
  "cir" : 1,
  "noMoveY" : 0,
  "noScaleX" : 1,
  "replaceRole" : 43
}, {
  "id" : 2044,
  "exportJson" : "mainAction",
  "timeline" : "yuanzhu8",
  "stages" : 25,
  "cir" : 1,
  "noMoveY" : 0,
  "noScaleX" : 1,
  "replaceRole" : 44
}, {
  "id" : 2045,
  "exportJson" : "mainAction",
  "timeline" : "yuanzhu9",
  "stages" : 25,
  "cir" : 1,
  "noMoveY" : 0,
  "noScaleX" : 1,
  "replaceRole" : 45
}, {
  "id" : 2046,
  "exportJson" : "mainAction",
  "timeline" : "yuanzhu1",
  "stages" : 25,
  "cir" : 1,
  "noMoveY" : 0,
  "noScaleX" : 1,
  "replaceRole" : 46
}, {
  "id" : 2047,
  "exportJson" : "mainAction",
  "timeline" : "yuanzhu2",
  "stages" : 25,
  "cir" : 1,
  "noMoveY" : 0,
  "noScaleX" : 1,
  "replaceRole" : 47
}, {
  "id" : 2048,
  "exportJson" : "mainAction",
  "timeline" : "yuanzhu3",
  "stages" : 25,
  "cir" : 1,
  "noMoveY" : 0,
  "noScaleX" : 1,
  "replaceRole" : 48
}, {
  "id" : 2049,
  "exportJson" : "mainAction",
  "timeline" : "yuanzhu4",
  "stages" : 25,
  "cir" : 1,
  "noMoveY" : 0,
  "noScaleX" : 1,
  "replaceRole" : 49
}, {
  "id" : 2050,
  "exportJson" : "mainAction",
  "timeline" : "yuanzhu5",
  "stages" : 25,
  "cir" : 1,
  "noMoveY" : 0,
  "noScaleX" : 1,
  "replaceRole" : 50
}, {
  "id" : 2051,
  "exportJson" : "mainAction",
  "timeline" : "yuanzhu6",
  "stages" : 25,
  "cir" : 1,
  "noMoveY" : 0,
  "noScaleX" : 1,
  "replaceRole" : 51
}, {
  "id" : 2052,
  "exportJson" : "mainAction",
  "timeline" : "yuanzhu7",
  "stages" : 25,
  "cir" : 1,
  "noMoveY" : 0,
  "noScaleX" : 1,
  "replaceRole" : 52
}, {
  "id" : 2053,
  "exportJson" : "mainAction",
  "timeline" : "yuanzhu8",
  "stages" : 25,
  "cir" : 1,
  "noMoveY" : 0,
  "noScaleX" : 1,
  "replaceRole" : 53
}, {
  "id" : 2054,
  "exportJson" : "mainAction",
  "timeline" : "yuanzhu9",
  "stages" : 25,
  "cir" : 1,
  "noMoveY" : 0,
  "noScaleX" : 1,
  "replaceRole" : 54
}, {
  "id" : 2055,
  "exportJson" : "mainAction",
  "timeline" : "yuanzhu1",
  "stages" : 25,
  "cir" : 1,
  "noMoveY" : 0,
  "noScaleX" : 1,
  "replaceRole" : 55
}, {
  "id" : 2056,
  "exportJson" : "mainAction",
  "timeline" : "yuanzhu2",
  "stages" : 25,
  "cir" : 1,
  "noMoveY" : 0,
  "noScaleX" : 1,
  "replaceRole" : 56
}, {
  "id" : 2057,
  "exportJson" : "mainAction",
  "timeline" : "yuanzhu3",
  "stages" : 25,
  "cir" : 1,
  "noMoveY" : 0,
  "noScaleX" : 1,
  "replaceRole" : 57
}, {
  "id" : 2058,
  "exportJson" : "mainAction",
  "timeline" : "yuanzhu4",
  "stages" : 25,
  "cir" : 1,
  "noMoveY" : 0,
  "noScaleX" : 1,
  "replaceRole" : 58
}, {
  "id" : 2059,
  "exportJson" : "mainAction",
  "timeline" : "yuanzhu5",
  "stages" : 25,
  "cir" : 1,
  "noMoveY" : 0,
  "noScaleX" : 1,
  "replaceRole" : 59
}, {
  "id" : 2060,
  "exportJson" : "mainAction",
  "timeline" : "yuanzhu6",
  "stages" : 25,
  "cir" : 1,
  "noMoveY" : 0,
  "noScaleX" : 1,
  "replaceRole" : 60
}, {
  "id" : 2061,
  "exportJson" : "mainAction",
  "timeline" : "yuanzhu7",
  "stages" : 25,
  "cir" : 1,
  "noMoveY" : 0,
  "noScaleX" : 1,
  "replaceRole" : 61
}, {
  "id" : 2062,
  "exportJson" : "mainAction",
  "timeline" : "yuanzhu8",
  "stages" : 25,
  "cir" : 1,
  "noMoveY" : 0,
  "noScaleX" : 1,
  "replaceRole" : 62
}, {
  "id" : 2063,
  "exportJson" : "mainAction",
  "timeline" : "yuanzhu9",
  "stages" : 25,
  "cir" : 1,
  "noMoveY" : 0,
  "noScaleX" : 1,
  "replaceRole" : 63
}, {
  "id" : 2064,
  "exportJson" : "mainAction",
  "timeline" : "yuanzhu1",
  "stages" : 25,
  "cir" : 1,
  "noMoveY" : 0,
  "noScaleX" : 1,
  "replaceRole" : 64
}, {
  "id" : 2065,
  "exportJson" : "mainAction",
  "timeline" : "yuanzhu2",
  "stages" : 25,
  "cir" : 1,
  "noMoveY" : 0,
  "noScaleX" : 1,
  "replaceRole" : 65
}, {
  "id" : 2066,
  "exportJson" : "mainAction",
  "timeline" : "yuanzhu3",
  "stages" : 25,
  "cir" : 1,
  "noMoveY" : 0,
  "noScaleX" : 1,
  "replaceRole" : 66
}, {
  "id" : 2067,
  "exportJson" : "mainAction",
  "timeline" : "yuanzhu4",
  "stages" : 25,
  "cir" : 1,
  "noMoveY" : 0,
  "noScaleX" : 1,
  "replaceRole" : 67
}, {
  "id" : 2068,
  "exportJson" : "mainAction",
  "timeline" : "yuanzhu5",
  "stages" : 25,
  "cir" : 1,
  "noMoveY" : 0,
  "noScaleX" : 1,
  "replaceRole" : 68
}, {
  "id" : 2069,
  "exportJson" : "mainAction",
  "timeline" : "yuanzhu6",
  "stages" : 25,
  "cir" : 1,
  "noMoveY" : 0,
  "noScaleX" : 1,
  "replaceRole" : 69
}, {
  "id" : 2070,
  "exportJson" : "mainAction",
  "timeline" : "yuanzhu7",
  "stages" : 25,
  "cir" : 1,
  "noMoveY" : 0,
  "noScaleX" : 1,
  "replaceRole" : 70
}, {
  "id" : 2071,
  "exportJson" : "mainAction",
  "timeline" : "yuanzhu8",
  "stages" : 25,
  "cir" : 1,
  "noMoveY" : 0,
  "noScaleX" : 1,
  "replaceRole" : 71
}, {
  "id" : 2072,
  "exportJson" : "mainAction",
  "timeline" : "yuanzhu9",
  "stages" : 25,
  "cir" : 1,
  "noMoveY" : 0,
  "noScaleX" : 1,
  "replaceRole" : 72
}, {
  "id" : 2073,
  "exportJson" : "mainAction",
  "timeline" : "yuanzhu1",
  "stages" : 25,
  "cir" : 1,
  "noMoveY" : 0,
  "noScaleX" : 1,
  "replaceRole" : 73
}, {
  "id" : 2074,
  "exportJson" : "mainAction",
  "timeline" : "yuanzhu2",
  "stages" : 25,
  "cir" : 1,
  "noMoveY" : 0,
  "noScaleX" : 1,
  "replaceRole" : 74
}, {
  "id" : 2075,
  "exportJson" : "mainAction",
  "timeline" : "yuanzhu3",
  "stages" : 25,
  "cir" : 1,
  "noMoveY" : 0,
  "noScaleX" : 1,
  "replaceRole" : 75
}, {
  "id" : 2076,
  "exportJson" : "mainAction",
  "timeline" : "yuanzhu4",
  "stages" : 25,
  "cir" : 1,
  "noMoveY" : 0,
  "noScaleX" : 1,
  "replaceRole" : 76
}, {
  "id" : 2077,
  "exportJson" : "mainAction",
  "timeline" : "yuanzhu5",
  "stages" : 25,
  "cir" : 1,
  "noMoveY" : 0,
  "noScaleX" : 1,
  "replaceRole" : 77
}, {
  "id" : 2078,
  "exportJson" : "mainAction",
  "timeline" : "yuanzhu6",
  "stages" : 25,
  "cir" : 1,
  "noMoveY" : 0,
  "noScaleX" : 1,
  "replaceRole" : 78
}, {
  "id" : 2079,
  "exportJson" : "mainAction",
  "timeline" : "yuanzhu7",
  "stages" : 25,
  "cir" : 1,
  "noMoveY" : 0,
  "noScaleX" : 1,
  "replaceRole" : 79
}, {
  "id" : 2080,
  "exportJson" : "mainAction",
  "timeline" : "yuanzhu8",
  "stages" : 25,
  "cir" : 1,
  "noMoveY" : 0,
  "noScaleX" : 1,
  "replaceRole" : 80
}, {
  "id" : 2081,
  "exportJson" : "mainAction",
  "timeline" : "yuanzhu9",
  "stages" : 25,
  "cir" : 1,
  "noMoveY" : 0,
  "noScaleX" : 1,
  "replaceRole" : 81
}, {
  "id" : 2082,
  "exportJson" : "mainAction",
  "timeline" : "yuanzhu1",
  "stages" : 25,
  "cir" : 1,
  "noMoveY" : 0,
  "noScaleX" : 1,
  "replaceRole" : 82
}, {
  "id" : 2083,
  "exportJson" : "mainAction",
  "timeline" : "yuanzhu2",
  "stages" : 25,
  "cir" : 1,
  "noMoveY" : 0,
  "noScaleX" : 1,
  "replaceRole" : 83
}, {
  "id" : 2084,
  "exportJson" : "mainAction",
  "timeline" : "yuanzhu3",
  "stages" : 25,
  "cir" : 1,
  "noMoveY" : 0,
  "noScaleX" : 1,
  "replaceRole" : 84
}, {
  "id" : 2085,
  "exportJson" : "mainAction",
  "timeline" : "yuanzhu4",
  "stages" : 25,
  "cir" : 1,
  "noMoveY" : 0,
  "noScaleX" : 1,
  "replaceRole" : 85
}, {
  "id" : 2086,
  "exportJson" : "mainAction",
  "timeline" : "yuanzhu5",
  "stages" : 25,
  "cir" : 1,
  "noMoveY" : 0,
  "noScaleX" : 1,
  "replaceRole" : 86
}, {
  "id" : 2087,
  "exportJson" : "mainAction",
  "timeline" : "yuanzhu6",
  "stages" : 25,
  "cir" : 1,
  "noMoveY" : 0,
  "noScaleX" : 1,
  "replaceRole" : 87
}, {
  "id" : 2088,
  "exportJson" : "mainAction",
  "timeline" : "yuanzhu7",
  "stages" : 25,
  "cir" : 1,
  "noMoveY" : 0,
  "noScaleX" : 1,
  "replaceRole" : 88
}, {
  "id" : 2089,
  "exportJson" : "mainAction",
  "timeline" : "yuanzhu8",
  "stages" : 25,
  "cir" : 1,
  "noMoveY" : 0,
  "noScaleX" : 1,
  "replaceRole" : 89
}, {
  "id" : 2090,
  "exportJson" : "mainAction",
  "timeline" : "yuanzhu9",
  "stages" : 25,
  "cir" : 1,
  "noMoveY" : 0,
  "noScaleX" : 1,
  "replaceRole" : 90
}, {
  "id" : 2091,
  "exportJson" : "mainAction",
  "timeline" : "yuanzhu1",
  "stages" : 25,
  "cir" : 1,
  "noMoveY" : 0,
  "noScaleX" : 1,
  "replaceRole" : 91
}, {
  "id" : 2092,
  "exportJson" : "mainAction",
  "timeline" : "yuanzhu2",
  "stages" : 25,
  "cir" : 1,
  "noMoveY" : 0,
  "noScaleX" : 1,
  "replaceRole" : 92
}, {
  "id" : 2093,
  "exportJson" : "mainAction",
  "timeline" : "yuanzhu3",
  "stages" : 25,
  "cir" : 1,
  "noMoveY" : 0,
  "noScaleX" : 1,
  "replaceRole" : 93
}, {
  "id" : 2094,
  "exportJson" : "mainAction",
  "timeline" : "yuanzhu4",
  "stages" : 25,
  "cir" : 1,
  "noMoveY" : 0,
  "noScaleX" : 1,
  "replaceRole" : 94
}, {
  "id" : 2095,
  "exportJson" : "mainAction",
  "timeline" : "yuanzhu5",
  "stages" : 25,
  "cir" : 1,
  "noMoveY" : 0,
  "noScaleX" : 1,
  "replaceRole" : 95
}, {
  "id" : 2096,
  "exportJson" : "mainAction",
  "timeline" : "yuanzhu6",
  "stages" : 25,
  "cir" : 1,
  "noMoveY" : 0,
  "noScaleX" : 1,
  "replaceRole" : 96
}, {
  "id" : 2097,
  "exportJson" : "mainAction",
  "timeline" : "yuanzhu7",
  "stages" : 25,
  "cir" : 1,
  "noMoveY" : 0,
  "noScaleX" : 1,
  "replaceRole" : 97
}, {
  "id" : 2098,
  "exportJson" : "mainAction",
  "timeline" : "yuanzhu8",
  "stages" : 25,
  "cir" : 1,
  "noMoveY" : 0,
  "noScaleX" : 1,
  "replaceRole" : 98
}, {
  "id" : 2099,
  "exportJson" : "mainAction",
  "timeline" : "yuanzhu9",
  "stages" : 25,
  "cir" : 1,
  "noMoveY" : 0,
  "noScaleX" : 1,
  "replaceRole" : 99
}, {
  "id" : 2100,
  "exportJson" : "mainAction",
  "timeline" : "yuanzhu1",
  "stages" : 25,
  "cir" : 1,
  "noMoveY" : 0,
  "noScaleX" : 1,
  "replaceRole" : 100
}, {
  "id" : 2101,
  "exportJson" : "mainAction",
  "timeline" : "yuanzhu2",
  "stages" : 25,
  "cir" : 1,
  "noMoveY" : 0,
  "noScaleX" : 1,
  "replaceRole" : 101
}, {
  "id" : 2102,
  "exportJson" : "mainAction",
  "timeline" : "yuanzhu3",
  "stages" : 25,
  "cir" : 1,
  "noMoveY" : 0,
  "noScaleX" : 1,
  "replaceRole" : 102
}, {
  "id" : 2103,
  "exportJson" : "mainAction",
  "timeline" : "yuanzhu4",
  "stages" : 25,
  "cir" : 1,
  "noMoveY" : 0,
  "noScaleX" : 1,
  "replaceRole" : 103
}, {
  "id" : 2104,
  "exportJson" : "mainAction",
  "timeline" : "yuanzhu5",
  "stages" : 25,
  "cir" : 1,
  "noMoveY" : 0,
  "noScaleX" : 1,
  "replaceRole" : 104
}, {
  "id" : 2105,
  "exportJson" : "mainAction",
  "timeline" : "yuanzhu6",
  "stages" : 25,
  "cir" : 1,
  "noMoveY" : 0,
  "noScaleX" : 1,
  "replaceRole" : 105
}, {
  "id" : 2106,
  "exportJson" : "mainAction",
  "timeline" : "yuanzhu7",
  "stages" : 25,
  "cir" : 1,
  "noMoveY" : 0,
  "noScaleX" : 1,
  "replaceRole" : 106
}, {
  "id" : 2107,
  "exportJson" : "mainAction",
  "timeline" : "yuanzhu8",
  "stages" : 25,
  "cir" : 1,
  "noMoveY" : 0,
  "noScaleX" : 1,
  "replaceRole" : 107
} ]