[ {
  "id" : 1,
  "rid" : 8,
  "level" : 15,
  "exp" : 0,
  "rxp" : 50,
  "silver" : 2000,
  "rate" : 0.5,
  "groupId" : 253
}, {
  "id" : 2,
  "rid" : 9,
  "level" : 15,
  "exp" : 0,
  "rxp" : 50,
  "silver" : 2020,
  "rate" : 0.5,
  "groupId" : 253
}, {
  "id" : 3,
  "rid" : 10,
  "level" : 20,
  "exp" : 0,
  "rxp" : 50,
  "silver" : 2040,
  "rate" : 0.5,
  "groupId" : 253
}, {
  "id" : 4,
  "rid" : 11,
  "level" : 20,
  "exp" : 0,
  "rxp" : 50,
  "silver" : 2060,
  "rate" : 0.5,
  "groupId" : 253
}, {
  "id" : 5,
  "rid" : 12,
  "level" : 25,
  "exp" : 0,
  "rxp" : 50,
  "silver" : 2080,
  "rate" : 1,
  "groupId" : 253
}, {
  "id" : 6,
  "rid" : 13,
  "level" : 25,
  "exp" : 0,
  "rxp" : 50,
  "silver" : 2100,
  "rate" : 0.5,
  "groupId" : 253
}, {
  "id" : 7,
  "rid" : 14,
  "level" : 30,
  "exp" : 0,
  "rxp" : 50,
  "silver" : 2120,
  "rate" : 0.5,
  "groupId" : 253
}, {
  "id" : 8,
  "rid" : 15,
  "level" : 35,
  "exp" : 0,
  "rxp" : 50,
  "silver" : 2140,
  "rate" : 0.5,
  "groupId" : 253
}, {
  "id" : 9,
  "rid" : 16,
  "level" : 40,
  "exp" : 0,
  "rxp" : 50,
  "silver" : 2160,
  "rate" : 0.5,
  "groupId" : 253
}, {
  "id" : 10,
  "rid" : 17,
  "level" : 36,
  "exp" : 0,
  "rxp" : 50,
  "silver" : 2180,
  "rate" : 1,
  "groupId" : 250
}, {
  "id" : 11,
  "rid" : 18,
  "level" : 38,
  "exp" : 0,
  "rxp" : 50,
  "silver" : 2200,
  "rate" : 0.5,
  "groupId" : 253
}, {
  "id" : 12,
  "rid" : 19,
  "level" : 38,
  "exp" : 0,
  "rxp" : 50,
  "silver" : 2220,
  "rate" : 0.5,
  "groupId" : 253
}, {
  "id" : 13,
  "rid" : 20,
  "level" : 40,
  "exp" : 0,
  "rxp" : 50,
  "silver" : 2240,
  "rate" : 0.5,
  "groupId" : 253
}, {
  "id" : 14,
  "rid" : 21,
  "level" : 43,
  "exp" : 0,
  "rxp" : 50,
  "silver" : 2260,
  "rate" : 0.5,
  "groupId" : 253
}, {
  "id" : 15,
  "rid" : 22,
  "level" : 45,
  "exp" : 0,
  "rxp" : 50,
  "silver" : 2280,
  "rate" : 1,
  "groupId" : 253
}, {
  "id" : 16,
  "rid" : 23,
  "level" : 47,
  "exp" : 0,
  "rxp" : 50,
  "silver" : 2300,
  "rate" : 0.5,
  "groupId" : 253
}, {
  "id" : 17,
  "rid" : 24,
  "level" : 46,
  "exp" : 0,
  "rxp" : 50,
  "silver" : 2320,
  "rate" : 0.5,
  "groupId" : 253
}, {
  "id" : 18,
  "rid" : 25,
  "level" : 48,
  "exp" : 0,
  "rxp" : 50,
  "silver" : 2340,
  "rate" : 0.5,
  "groupId" : 253
}, {
  "id" : 19,
  "rid" : 26,
  "level" : 50,
  "exp" : 0,
  "rxp" : 50,
  "silver" : 2360,
  "rate" : 0.5,
  "groupId" : 253
}, {
  "id" : 20,
  "rid" : 27,
  "level" : 52,
  "exp" : 0,
  "rxp" : 50,
  "silver" : 2380,
  "rate" : 1,
  "groupId" : 251
}, {
  "id" : 21,
  "rid" : 28,
  "level" : 54,
  "exp" : 0,
  "rxp" : 50,
  "silver" : 2400,
  "rate" : 0.5,
  "groupId" : 253
}, {
  "id" : 22,
  "rid" : 29,
  "level" : 56,
  "exp" : 0,
  "rxp" : 50,
  "silver" : 2420,
  "rate" : 0.5,
  "groupId" : 253
}, {
  "id" : 23,
  "rid" : 30,
  "level" : 56,
  "exp" : 0,
  "rxp" : 50,
  "silver" : 2440,
  "rate" : 0.5,
  "groupId" : 253
}, {
  "id" : 24,
  "rid" : 31,
  "level" : 58,
  "exp" : 0,
  "rxp" : 50,
  "silver" : 2460,
  "rate" : 0.5,
  "groupId" : 253
}, {
  "id" : 25,
  "rid" : 32,
  "level" : 60,
  "exp" : 0,
  "rxp" : 50,
  "silver" : 2480,
  "rate" : 1,
  "groupId" : 253
}, {
  "id" : 26,
  "rid" : 33,
  "level" : 54,
  "exp" : 0,
  "rxp" : 50,
  "silver" : 2500,
  "rate" : 0.5,
  "groupId" : 253
}, {
  "id" : 27,
  "rid" : 34,
  "level" : 56,
  "exp" : 0,
  "rxp" : 50,
  "silver" : 2520,
  "rate" : 0.5,
  "groupId" : 253
}, {
  "id" : 28,
  "rid" : 35,
  "level" : 55,
  "exp" : 0,
  "rxp" : 50,
  "silver" : 2540,
  "rate" : 0.5,
  "groupId" : 253
}, {
  "id" : 29,
  "rid" : 36,
  "level" : 57,
  "exp" : 0,
  "rxp" : 50,
  "silver" : 2560,
  "rate" : 0.5,
  "groupId" : 253
}, {
  "id" : 30,
  "rid" : 37,
  "level" : 60,
  "exp" : 0,
  "rxp" : 50,
  "silver" : 2580,
  "rate" : 1,
  "groupId" : 250
}, {
  "id" : 31,
  "rid" : 38,
  "level" : 64,
  "exp" : 0,
  "rxp" : 50,
  "silver" : 2600,
  "rate" : 0.5,
  "groupId" : 253
}, {
  "id" : 32,
  "rid" : 39,
  "level" : 67,
  "exp" : 0,
  "rxp" : 50,
  "silver" : 2620,
  "rate" : 0.5,
  "groupId" : 253
}, {
  "id" : 33,
  "rid" : 40,
  "level" : 68,
  "exp" : 0,
  "rxp" : 50,
  "silver" : 2640,
  "rate" : 0.5,
  "groupId" : 253
}, {
  "id" : 34,
  "rid" : 41,
  "level" : 71,
  "exp" : 0,
  "rxp" : 50,
  "silver" : 2660,
  "rate" : 0.5,
  "groupId" : 253
}, {
  "id" : 35,
  "rid" : 42,
  "level" : 74,
  "exp" : 0,
  "rxp" : 50,
  "silver" : 2680,
  "rate" : 1,
  "groupId" : 253
}, {
  "id" : 36,
  "rid" : 43,
  "level" : 78,
  "exp" : 0,
  "rxp" : 50,
  "silver" : 2700,
  "rate" : 0.5,
  "groupId" : 253
}, {
  "id" : 37,
  "rid" : 44,
  "level" : 81,
  "exp" : 0,
  "rxp" : 50,
  "silver" : 2720,
  "rate" : 0.5,
  "groupId" : 253
}, {
  "id" : 38,
  "rid" : 45,
  "level" : 81,
  "exp" : 0,
  "rxp" : 50,
  "silver" : 2740,
  "rate" : 0.5,
  "groupId" : 253
}, {
  "id" : 39,
  "rid" : 46,
  "level" : 84,
  "exp" : 0,
  "rxp" : 50,
  "silver" : 2760,
  "rate" : 0.5,
  "groupId" : 253
}, {
  "id" : 40,
  "rid" : 47,
  "level" : 87,
  "exp" : 0,
  "rxp" : 50,
  "silver" : 2780,
  "rate" : 1,
  "groupId" : 252
}, {
  "id" : 41,
  "rid" : 48,
  "level" : 94,
  "exp" : 0,
  "rxp" : 50,
  "silver" : 2800,
  "rate" : 0.5,
  "groupId" : 253
}, {
  "id" : 42,
  "rid" : 49,
  "level" : 100,
  "exp" : 0,
  "rxp" : 50,
  "silver" : 2820,
  "rate" : 0.5,
  "groupId" : 253
}, {
  "id" : 43,
  "rid" : 50,
  "level" : 103,
  "exp" : 0,
  "rxp" : 50,
  "silver" : 2840,
  "rate" : 0.5,
  "groupId" : 253
}, {
  "id" : 44,
  "rid" : 51,
  "level" : 109,
  "exp" : 0,
  "rxp" : 50,
  "silver" : 2860,
  "rate" : 0.5,
  "groupId" : 253
}, {
  "id" : 45,
  "rid" : 52,
  "level" : 115,
  "exp" : 0,
  "rxp" : 50,
  "silver" : 2880,
  "rate" : 1,
  "groupId" : 253
}, {
  "id" : 46,
  "rid" : 53,
  "level" : 101,
  "exp" : 0,
  "rxp" : 50,
  "silver" : 2900,
  "rate" : 0.5,
  "groupId" : 253
}, {
  "id" : 47,
  "rid" : 54,
  "level" : 103,
  "exp" : 0,
  "rxp" : 50,
  "silver" : 2920,
  "rate" : 0.5,
  "groupId" : 253
}, {
  "id" : 48,
  "rid" : 55,
  "level" : 108,
  "exp" : 0,
  "rxp" : 50,
  "silver" : 2940,
  "rate" : 0.5,
  "groupId" : 253
}, {
  "id" : 49,
  "rid" : 56,
  "level" : 113,
  "exp" : 0,
  "rxp" : 50,
  "silver" : 2960,
  "rate" : 0.5,
  "groupId" : 253
}, {
  "id" : 50,
  "rid" : 57,
  "level" : 118,
  "exp" : 0,
  "rxp" : 50,
  "silver" : 2980,
  "rate" : 1,
  "groupId" : 251
}, {
  "id" : 51,
  "rid" : 58,
  "level" : 120,
  "exp" : 0,
  "rxp" : 50,
  "silver" : 3000,
  "rate" : 0.5,
  "groupId" : 253
}, {
  "id" : 52,
  "rid" : 59,
  "level" : 125,
  "exp" : 0,
  "rxp" : 50,
  "silver" : 3020,
  "rate" : 0.5,
  "groupId" : 253
}, {
  "id" : 53,
  "rid" : 60,
  "level" : 130,
  "exp" : 0,
  "rxp" : 50,
  "silver" : 3040,
  "rate" : 0.5,
  "groupId" : 253
}, {
  "id" : 54,
  "rid" : 61,
  "level" : 131,
  "exp" : 0,
  "rxp" : 50,
  "silver" : 3060,
  "rate" : 0.5,
  "groupId" : 253
}, {
  "id" : 55,
  "rid" : 62,
  "level" : 136,
  "exp" : 0,
  "rxp" : 50,
  "silver" : 3080,
  "rate" : 1,
  "groupId" : 253
}, {
  "id" : 56,
  "rid" : 63,
  "level" : 140,
  "exp" : 0,
  "rxp" : 50,
  "silver" : 3100,
  "rate" : 0.5,
  "groupId" : 253
}, {
  "id" : 57,
  "rid" : 64,
  "level" : 142,
  "exp" : 0,
  "rxp" : 50,
  "silver" : 3120,
  "rate" : 0.5,
  "groupId" : 253
}, {
  "id" : 58,
  "rid" : 65,
  "level" : 146,
  "exp" : 0,
  "rxp" : 50,
  "silver" : 3140,
  "rate" : 0.5,
  "groupId" : 253
}, {
  "id" : 59,
  "rid" : 66,
  "level" : 151,
  "exp" : 0,
  "rxp" : 50,
  "silver" : 3160,
  "rate" : 0.5,
  "groupId" : 253
}, {
  "id" : 60,
  "rid" : 67,
  "level" : 156,
  "exp" : 0,
  "rxp" : 50,
  "silver" : 3180,
  "rate" : 1,
  "groupId" : 252
}, {
  "id" : 61,
  "rid" : 68,
  "level" : 159,
  "exp" : 0,
  "rxp" : 50,
  "silver" : 3200,
  "rate" : 0.5,
  "groupId" : 253
}, {
  "id" : 62,
  "rid" : 69,
  "level" : 165,
  "exp" : 0,
  "rxp" : 50,
  "silver" : 3220,
  "rate" : 0.5,
  "groupId" : 253
}, {
  "id" : 63,
  "rid" : 70,
  "level" : 172,
  "exp" : 0,
  "rxp" : 50,
  "silver" : 3240,
  "rate" : 0.5,
  "groupId" : 253
}, {
  "id" : 64,
  "rid" : 71,
  "level" : 175,
  "exp" : 0,
  "rxp" : 50,
  "silver" : 3260,
  "rate" : 0.5,
  "groupId" : 253
}, {
  "id" : 65,
  "rid" : 72,
  "level" : 182,
  "exp" : 0,
  "rxp" : 50,
  "silver" : 3280,
  "rate" : 1,
  "groupId" : 253
}, {
  "id" : 66,
  "rid" : 73,
  "level" : 188,
  "exp" : 0,
  "rxp" : 50,
  "silver" : 3300,
  "rate" : 0.5,
  "groupId" : 253
}, {
  "id" : 67,
  "rid" : 74,
  "level" : 195,
  "exp" : 0,
  "rxp" : 50,
  "silver" : 3320,
  "rate" : 0.5,
  "groupId" : 253
}, {
  "id" : 68,
  "rid" : 75,
  "level" : 197,
  "exp" : 0,
  "rxp" : 50,
  "silver" : 3340,
  "rate" : 0.5,
  "groupId" : 253
}, {
  "id" : 69,
  "rid" : 76,
  "level" : 204,
  "exp" : 0,
  "rxp" : 50,
  "silver" : 3360,
  "rate" : 0.5,
  "groupId" : 253
}, {
  "id" : 70,
  "rid" : 77,
  "level" : 153,
  "exp" : 0,
  "rxp" : 50,
  "silver" : 3380,
  "rate" : 1,
  "groupId" : 251
}, {
  "id" : 71,
  "rid" : 78,
  "level" : 160,
  "exp" : 0,
  "rxp" : 50,
  "silver" : 3400,
  "rate" : 0.5,
  "groupId" : 253
}, {
  "id" : 72,
  "rid" : 79,
  "level" : 170,
  "exp" : 0,
  "rxp" : 50,
  "silver" : 3420,
  "rate" : 0.5,
  "groupId" : 253
}, {
  "id" : 73,
  "rid" : 80,
  "level" : 179,
  "exp" : 0,
  "rxp" : 50,
  "silver" : 3440,
  "rate" : 0.5,
  "groupId" : 253
}, {
  "id" : 74,
  "rid" : 81,
  "level" : 189,
  "exp" : 0,
  "rxp" : 50,
  "silver" : 3460,
  "rate" : 0.5,
  "groupId" : 253
}, {
  "id" : 75,
  "rid" : 82,
  "level" : 195,
  "exp" : 0,
  "rxp" : 50,
  "silver" : 3480,
  "rate" : 1,
  "groupId" : 253
}, {
  "id" : 76,
  "rid" : 83,
  "level" : 205,
  "exp" : 0,
  "rxp" : 50,
  "silver" : 3500,
  "rate" : 0.5,
  "groupId" : 253
}, {
  "id" : 77,
  "rid" : 84,
  "level" : 214,
  "exp" : 0,
  "rxp" : 50,
  "silver" : 3520,
  "rate" : 0.5,
  "groupId" : 253
}, {
  "id" : 78,
  "rid" : 85,
  "level" : 223,
  "exp" : 0,
  "rxp" : 50,
  "silver" : 3540,
  "rate" : 0.5,
  "groupId" : 253
}, {
  "id" : 79,
  "rid" : 86,
  "level" : 229,
  "exp" : 0,
  "rxp" : 50,
  "silver" : 3560,
  "rate" : 0.5,
  "groupId" : 253
}, {
  "id" : 80,
  "rid" : 87,
  "level" : 238,
  "exp" : 0,
  "rxp" : 50,
  "silver" : 3580,
  "rate" : 1,
  "groupId" : 252
}, {
  "id" : 81,
  "rid" : 88,
  "level" : 254,
  "exp" : 0,
  "rxp" : 50,
  "silver" : 3600,
  "rate" : 0.5,
  "groupId" : 253
}, {
  "id" : 82,
  "rid" : 89,
  "level" : 265,
  "exp" : 0,
  "rxp" : 50,
  "silver" : 3620,
  "rate" : 0.5,
  "groupId" : 253
}, {
  "id" : 83,
  "rid" : 90,
  "level" : 280,
  "exp" : 0,
  "rxp" : 50,
  "silver" : 3640,
  "rate" : 0.5,
  "groupId" : 253
}, {
  "id" : 84,
  "rid" : 91,
  "level" : 295,
  "exp" : 0,
  "rxp" : 50,
  "silver" : 3660,
  "rate" : 0.5,
  "groupId" : 253
}, {
  "id" : 85,
  "rid" : 92,
  "level" : 310,
  "exp" : 0,
  "rxp" : 50,
  "silver" : 3680,
  "rate" : 1,
  "groupId" : 253
}, {
  "id" : 86,
  "rid" : 93,
  "level" : 320,
  "exp" : 0,
  "rxp" : 50,
  "silver" : 3700,
  "rate" : 0.5,
  "groupId" : 253
}, {
  "id" : 87,
  "rid" : 94,
  "level" : 335,
  "exp" : 0,
  "rxp" : 50,
  "silver" : 3720,
  "rate" : 0.5,
  "groupId" : 253
}, {
  "id" : 88,
  "rid" : 95,
  "level" : 350,
  "exp" : 0,
  "rxp" : 50,
  "silver" : 3740,
  "rate" : 0.5,
  "groupId" : 253
}, {
  "id" : 89,
  "rid" : 96,
  "level" : 365,
  "exp" : 0,
  "rxp" : 50,
  "silver" : 3760,
  "rate" : 0.5,
  "groupId" : 253
}, {
  "id" : 90,
  "rid" : 97,
  "level" : 374,
  "exp" : 0,
  "rxp" : 50,
  "silver" : 3780,
  "rate" : 1,
  "groupId" : 251
}, {
  "id" : 91,
  "rid" : 98,
  "level" : 396,
  "exp" : 0,
  "rxp" : 50,
  "silver" : 3800,
  "rate" : 0.5,
  "groupId" : 253
}, {
  "id" : 92,
  "rid" : 99,
  "level" : 317,
  "exp" : 0,
  "rxp" : 50,
  "silver" : 3820,
  "rate" : 0.5,
  "groupId" : 253
}, {
  "id" : 93,
  "rid" : 100,
  "level" : 334,
  "exp" : 0,
  "rxp" : 50,
  "silver" : 3840,
  "rate" : 0.5,
  "groupId" : 253
}, {
  "id" : 94,
  "rid" : 101,
  "level" : 347,
  "exp" : 0,
  "rxp" : 50,
  "silver" : 3860,
  "rate" : 0.5,
  "groupId" : 253
}, {
  "id" : 95,
  "rid" : 102,
  "level" : 360,
  "exp" : 0,
  "rxp" : 50,
  "silver" : 3880,
  "rate" : 1,
  "groupId" : 253
}, {
  "id" : 96,
  "rid" : 103,
  "level" : 376,
  "exp" : 0,
  "rxp" : 50,
  "silver" : 3900,
  "rate" : 0.5,
  "groupId" : 253
}, {
  "id" : 97,
  "rid" : 104,
  "level" : 388,
  "exp" : 0,
  "rxp" : 50,
  "silver" : 3920,
  "rate" : 0.5,
  "groupId" : 253
}, {
  "id" : 98,
  "rid" : 105,
  "level" : 400,
  "exp" : 0,
  "rxp" : 50,
  "silver" : 3940,
  "rate" : 0.5,
  "groupId" : 253
}, {
  "id" : 99,
  "rid" : 106,
  "level" : 416,
  "exp" : 0,
  "rxp" : 50,
  "silver" : 3960,
  "rate" : 0.5,
  "groupId" : 253
}, {
  "id" : 100,
  "rid" : 107,
  "level" : 428,
  "exp" : 0,
  "rxp" : 50,
  "silver" : 3980,
  "rate" : 1,
  "groupId" : 252
} ]