[ {
  "id" : 2,
  "product" : 5052,
  "cost" : "<6003|1><6004|1><6000|1>",
  "show" : 1
}, {
  "id" : 3,
  "product" : 5053,
  "cost" : "<6000|3><6005|3><6006|1>",
  "show" : 1
}, {
  "id" : 4,
  "product" : 5054,
  "cost" : "<6001|3><6006|3><6007|3>",
  "show" : 1
}, {
  "id" : 5,
  "product" : 5055,
  "cost" : "<6002|5><6007|5><6008|5>",
  "show" : 1
}, {
  "id" : 6,
  "product" : 5056,
  "cost" : "<6002|10><6009|10><6010|10>",
  "show" : 1
}, {
  "id" : 7,
  "product" : 6001,
  "cost" : "<6000|10><energy|2><silver|1000>",
  "show" : 1
}, {
  "id" : 8,
  "product" : 6002,
  "cost" : "<6001|10><energy|3><silver|2000>",
  "show" : 1
}, {
  "id" : 10,
  "product" : 6007,
  "cost" : "<6005|10><6001|5><6002|3>",
  "show" : 1
}, {
  "id" : 12,
  "product" : 6016,
  "cost" : "<6003|200><6012|100><6014|20>",
  "show" : 1
}, {
  "id" : 13,
  "product" : 6017,
  "cost" : "<6004|200><6013|100><6015|20>",
  "show" : 1
}, {
  "id" : 11,
  "product" : 24,
  "cost" : "<energy|5><silver|500><6100|1>",
  "show" : 2
}, {
  "id" : 16,
  "product" : 26,
  "cost" : "<energy|5><silver|500><6101|1>",
  "show" : 2
}, {
  "id" : 17,
  "product" : 33,
  "cost" : "<silver|1000><6000|1><6102|10>",
  "show" : 2
}, {
  "id" : 19,
  "product" : 35,
  "cost" : "<silver|1000><6000|1><6103|10>",
  "show" : 2
}, {
  "id" : 20,
  "product" : 40,
  "cost" : "<silver|1000><6000|1><6104|10>",
  "show" : 2
}, {
  "id" : 22,
  "product" : 49,
  "cost" : "<silver|1000><6000|1><6105|10>",
  "show" : 2
}, {
  "id" : 23,
  "product" : 54,
  "cost" : "<silver|5000><6001|1><6106|30>",
  "show" : 2
}, {
  "id" : 25,
  "product" : 56,
  "cost" : "<silver|5000><6001|1><6107|30>",
  "show" : 2
}, {
  "id" : 26,
  "product" : 59,
  "cost" : "<silver|5000><6001|1><6108|30>",
  "show" : 2
}, {
  "id" : 28,
  "product" : 60,
  "cost" : "<silver|5000><6001|1><6109|30>",
  "show" : 2
}, {
  "id" : 29,
  "product" : 61,
  "cost" : "<silver|5000><6001|1><6110|30>",
  "show" : 2
}, {
  "id" : 31,
  "product" : 62,
  "cost" : "<silver|5000><6001|1><6111|30>",
  "show" : 2
}, {
  "id" : 32,
  "product" : 63,
  "cost" : "<silver|5000><6001|1><6112|30>",
  "show" : 2
}, {
  "id" : 34,
  "product" : 64,
  "cost" : "<silver|5000><6001|1><6113|30>",
  "show" : 2
}, {
  "id" : 35,
  "product" : 70,
  "cost" : "<silver|5000><6001|1><6114|30>",
  "show" : 2
}, {
  "id" : 37,
  "product" : 73,
  "cost" : "<silver|5000><6001|1><6115|30>",
  "show" : 2
}, {
  "id" : 38,
  "product" : 75,
  "cost" : "<silver|5000><6001|1><6116|30>",
  "show" : 2
}, {
  "id" : 40,
  "product" : 83,
  "cost" : "<6008|1><6117|20><6118|50>",
  "show" : 2
}, {
  "id" : 42,
  "product" : 81,
  "cost" : "<6008|1><6119|20><6120|50>",
  "show" : 2
}, {
  "id" : 45,
  "product" : 89,
  "cost" : "<6008|1><6121|20><6122|50>",
  "show" : 2
}, {
  "id" : 46,
  "product" : 102,
  "cost" : "<silver|2000000><6002|10><6123|100>",
  "show" : 2
}, {
  "id" : 47,
  "product" : 103,
  "cost" : "<silver|2500000><6002|20><6124|100>",
  "show" : 2
}, {
  "id" : 70,
  "product" : 17,
  "cost" : "<energy|5><silver|500><6125|1>",
  "show" : 2
}, {
  "id" : 71,
  "product" : 18,
  "cost" : "<energy|5><silver|500><6126|1>",
  "show" : 2
}, {
  "id" : 72,
  "product" : 19,
  "cost" : "<energy|5><silver|500><6127|1>",
  "show" : 2
}, {
  "id" : 73,
  "product" : 20,
  "cost" : "<energy|5><silver|500><6128|1>",
  "show" : 2
}, {
  "id" : 74,
  "product" : 21,
  "cost" : "<energy|5><silver|500><6129|1>",
  "show" : 2
}, {
  "id" : 75,
  "product" : 22,
  "cost" : "<energy|5><silver|500><6130|1>",
  "show" : 2
}, {
  "id" : 76,
  "product" : 23,
  "cost" : "<energy|5><silver|500><6131|1>",
  "show" : 2
}, {
  "id" : 77,
  "product" : 25,
  "cost" : "<energy|5><silver|500><6133|1>",
  "show" : 2
}, {
  "id" : 78,
  "product" : 27,
  "cost" : "<energy|5><silver|500><6135|1>",
  "show" : 2
}, {
  "id" : 79,
  "product" : 28,
  "cost" : "<energy|5><silver|500><6136|1>",
  "show" : 2
}, {
  "id" : 80,
  "product" : 29,
  "cost" : "<energy|5><silver|500><6137|1>",
  "show" : 2
}, {
  "id" : 81,
  "product" : 30,
  "cost" : "<energy|5><silver|500><6138|1>",
  "show" : 2
}, {
  "id" : 82,
  "product" : 31,
  "cost" : "<energy|5><silver|500><6139|1>",
  "show" : 2
}, {
  "id" : 83,
  "product" : 32,
  "cost" : "<energy|5><silver|500><6140|1>",
  "show" : 2
}, {
  "id" : 84,
  "product" : 34,
  "cost" : "<silver|1000><6000|1><6142|10>",
  "show" : 2
}, {
  "id" : 85,
  "product" : 36,
  "cost" : "<silver|1000><6000|1><6144|10>",
  "show" : 2
}, {
  "id" : 86,
  "product" : 37,
  "cost" : "<silver|1000><6000|1><6145|10>",
  "show" : 2
}, {
  "id" : 87,
  "product" : 38,
  "cost" : "<silver|1000><6000|1><6146|10>",
  "show" : 2
}, {
  "id" : 88,
  "product" : 39,
  "cost" : "<silver|1000><6000|1><6147|10>",
  "show" : 2
}, {
  "id" : 89,
  "product" : 41,
  "cost" : "<silver|1000><6000|1><6149|10>",
  "show" : 2
}, {
  "id" : 90,
  "product" : 42,
  "cost" : "<silver|1000><6000|1><6150|10>",
  "show" : 2
}, {
  "id" : 91,
  "product" : 43,
  "cost" : "<silver|1000><6000|1><6151|10>",
  "show" : 2
}, {
  "id" : 92,
  "product" : 44,
  "cost" : "<silver|1000><6000|1><6152|10>",
  "show" : 2
}, {
  "id" : 93,
  "product" : 45,
  "cost" : "<silver|1000><6000|1><6153|10>",
  "show" : 2
}, {
  "id" : 94,
  "product" : 46,
  "cost" : "<silver|1000><6000|1><6154|10>",
  "show" : 2
}, {
  "id" : 95,
  "product" : 47,
  "cost" : "<silver|1000><6000|1><6155|10>",
  "show" : 2
}, {
  "id" : 96,
  "product" : 48,
  "cost" : "<silver|1000><6000|1><6156|10>",
  "show" : 2
}, {
  "id" : 97,
  "product" : 50,
  "cost" : "<silver|1000><6000|1><6157|10>",
  "show" : 2
}, {
  "id" : 98,
  "product" : 51,
  "cost" : "<silver|1000><6000|1><6158|10>",
  "show" : 2
}, {
  "id" : 99,
  "product" : 52,
  "cost" : "<silver|1000><6000|1><6159|10>",
  "show" : 2
}, {
  "id" : 100,
  "product" : 53,
  "cost" : "<silver|5000><6001|1><6160|30>",
  "show" : 2
}, {
  "id" : 101,
  "product" : 55,
  "cost" : "<silver|5000><6001|1><6161|30>",
  "show" : 2
}, {
  "id" : 102,
  "product" : 57,
  "cost" : "<silver|5000><6001|1><6162|30>",
  "show" : 2
}, {
  "id" : 103,
  "product" : 58,
  "cost" : "<silver|5000><6001|1><6163|30>",
  "show" : 2
}, {
  "id" : 104,
  "product" : 65,
  "cost" : "<silver|5000><6001|1><6164|30>",
  "show" : 2
}, {
  "id" : 105,
  "product" : 66,
  "cost" : "<silver|5000><6001|1><6165|30>",
  "show" : 2
}, {
  "id" : 106,
  "product" : 67,
  "cost" : "<silver|5000><6001|1><6166|30>",
  "show" : 2
}, {
  "id" : 107,
  "product" : 68,
  "cost" : "<silver|5000><6001|1><6167|30>",
  "show" : 2
}, {
  "id" : 108,
  "product" : 69,
  "cost" : "<silver|5000><6001|1><6168|30>",
  "show" : 2
}, {
  "id" : 109,
  "product" : 71,
  "cost" : "<silver|5000><6001|1><6169|30>",
  "show" : 2
}, {
  "id" : 110,
  "product" : 72,
  "cost" : "<silver|5000><6001|1><6170|30>",
  "show" : 2
}, {
  "id" : 111,
  "product" : 74,
  "cost" : "<silver|5000><6001|1><6171|30>",
  "show" : 2
}, {
  "id" : 112,
  "product" : 76,
  "cost" : "<silver|5000><6001|1><6172|30>",
  "show" : 2
}, {
  "id" : 113,
  "product" : 77,
  "cost" : "<6008|1><6007|1><6173|70>",
  "show" : 2
}, {
  "id" : 114,
  "product" : 78,
  "cost" : "<6008|1><6007|1><6174|70>",
  "show" : 2
}, {
  "id" : 115,
  "product" : 79,
  "cost" : "<6008|1><6007|1><6175|70>",
  "show" : 2
}, {
  "id" : 116,
  "product" : 80,
  "cost" : "<6008|1><6007|1><6176|70>",
  "show" : 2
}, {
  "id" : 117,
  "product" : 82,
  "cost" : "<6008|1><6007|1><6177|70>",
  "show" : 2
}, {
  "id" : 118,
  "product" : 84,
  "cost" : "<6008|1><6007|1><6178|70>",
  "show" : 2
}, {
  "id" : 119,
  "product" : 85,
  "cost" : "<6008|1><6007|1><6179|70>",
  "show" : 2
}, {
  "id" : 120,
  "product" : 86,
  "cost" : "<6008|1><6007|1><6180|70>",
  "show" : 2
}, {
  "id" : 121,
  "product" : 87,
  "cost" : "<6008|1><6007|1><6181|70>",
  "show" : 2
}, {
  "id" : 122,
  "product" : 88,
  "cost" : "<6008|1><6007|1><6182|70>",
  "show" : 2
}, {
  "id" : 123,
  "product" : 90,
  "cost" : "<6008|1><6007|1><6183|70>",
  "show" : 2
}, {
  "id" : 124,
  "product" : 91,
  "cost" : "<6008|1><6007|1><6184|70>",
  "show" : 2
}, {
  "id" : 125,
  "product" : 92,
  "cost" : "<6008|1><6007|1><6185|70>",
  "show" : 2
}, {
  "id" : 126,
  "product" : 93,
  "cost" : "<6008|1><6007|1><6186|70>",
  "show" : 2
}, {
  "id" : 127,
  "product" : 94,
  "cost" : "<6008|1><6007|1><6187|70>",
  "show" : 2
}, {
  "id" : 128,
  "product" : 95,
  "cost" : "<6008|1><6007|1><6188|70>",
  "show" : 2
}, {
  "id" : 129,
  "product" : 96,
  "cost" : "<6008|1><6007|1><6189|70>",
  "show" : 2
}, {
  "id" : 130,
  "product" : 97,
  "cost" : "<6008|1><6007|1><6190|70>",
  "show" : 2
}, {
  "id" : 131,
  "product" : 98,
  "cost" : "<6008|1><6007|1><6191|70>",
  "show" : 2
}, {
  "id" : 132,
  "product" : 104,
  "cost" : "<silver|5000000><6002|10><6195|100>",
  "show" : 2
}, {
  "id" : 133,
  "product" : 106,
  "cost" : "<silver|5000000><6002|20><6197|100>",
  "show" : 2
}, {
  "id" : 134,
  "product" : 107,
  "cost" : "<silver|5000000><6002|20><6198|100>",
  "show" : 2
} ]