[ {
  "id" : 10001,
  "symbol" : "alter",
  "paramTable" : "type:int:1,ratios:intarray:100,when:int:2",
  "validType" : "2"
}, {
  "id" : 10004,
  "symbol" : "ban_skill",
  "paramTable" : "turn_num:int:1,when:int:1",
  "validType" : "2"
}, {
  "id" : 10005,
  "symbol" : "ban_action",
  "paramTable" : "turn_num:int:1,when:int:1,act:int:0",
  "validType" : "2"
}, {
  "id" : 10006,
  "symbol" : "recover",
  "paramTable" : "ratios:intarray:30,when:int:7,hp:int:30",
  "validType" : "2"
}, {
  "id" : 10000,
  "symbol" : "reflect",
  "paramTable" : "ratios:intarray:100;100,when:int:5",
  "validType" : "2"
}, {
  "id" : -10008,
  "symbol" : "debuff",
  "paramTable" : "when:int:2",
  "validType" : "2"
}, {
  "id" : 11000,
  "symbol" : "check_bag_grid",
  "paramTable" : "type:Stringarray,count:intarray",
  "validType" : "1"
}, {
  "id" : 11001,
  "symbol" : "roll_item",
  "paramTable" : "drop_groups:intarray",
  "validType" : "2"
}, {
  "id" : 11002,
  "symbol" : "give_item",
  "paramTable" : "items:various",
  "validType" : "2"
}, {
  "id" : 11003,
  "symbol" : "add_exp",
  "paramTable" : "exp:int",
  "validType" : "2"
} ]