[ {
  "lv" : 1,
  "attackpoint" : 5,
  "defendpoint" : 2,
  "standpoint" : 10,
  "overwincontribution" : 100,
  "overlosecontribution" : 20,
  "oncewincontribution" : 10,
  "oncelosecontribution" : 1,
  "winguildexp" : 100,
  "winmoney" : 100,
  "winrewarditem" : "<5423|3><5423|2><5423|1>",
  "loserewarditem" : "<5422|3><5422|2><5422|1>"
}, {
  "lv" : 2,
  "attackpoint" : 5,
  "defendpoint" : 2,
  "standpoint" : 10,
  "overwincontribution" : 200,
  "overlosecontribution" : 40,
  "oncewincontribution" : 10,
  "oncelosecontribution" : 1,
  "winguildexp" : 100,
  "winmoney" : 200,
  "winrewarditem" : "<5423|3><5423|2><5423|1>",
  "loserewarditem" : "<5422|3><5422|2><5422|1>"
}, {
  "lv" : 3,
  "attackpoint" : 5,
  "defendpoint" : 2,
  "standpoint" : 10,
  "overwincontribution" : 300,
  "overlosecontribution" : 60,
  "oncewincontribution" : 10,
  "oncelosecontribution" : 1,
  "winguildexp" : 100,
  "winmoney" : 300,
  "winrewarditem" : "<5423|3><5423|2><5423|1>",
  "loserewarditem" : "<5422|3><5422|2><5422|1>"
}, {
  "lv" : 4,
  "attackpoint" : 5,
  "defendpoint" : 2,
  "standpoint" : 10,
  "overwincontribution" : 400,
  "overlosecontribution" : 80,
  "oncewincontribution" : 10,
  "oncelosecontribution" : 1,
  "winguildexp" : 100,
  "winmoney" : 400,
  "winrewarditem" : "<5423|3><5423|2><5423|1>",
  "loserewarditem" : "<5422|3><5422|2><5422|1>"
}, {
  "lv" : 5,
  "attackpoint" : 5,
  "defendpoint" : 2,
  "standpoint" : 10,
  "overwincontribution" : 500,
  "overlosecontribution" : 100,
  "oncewincontribution" : 10,
  "oncelosecontribution" : 1,
  "winguildexp" : 100,
  "winmoney" : 500,
  "winrewarditem" : "<5423|3><5423|2><5423|1>",
  "loserewarditem" : "<5422|3><5422|2><5422|1>"
}, {
  "lv" : 6,
  "attackpoint" : 5,
  "defendpoint" : 2,
  "standpoint" : 10,
  "overwincontribution" : 600,
  "overlosecontribution" : 120,
  "oncewincontribution" : 10,
  "oncelosecontribution" : 1,
  "winguildexp" : 100,
  "winmoney" : 600,
  "winrewarditem" : "<5423|3><5423|2><5423|1>",
  "loserewarditem" : "<5422|3><5422|2><5422|1>"
}, {
  "lv" : 7,
  "attackpoint" : 5,
  "defendpoint" : 2,
  "standpoint" : 10,
  "overwincontribution" : 700,
  "overlosecontribution" : 140,
  "oncewincontribution" : 10,
  "oncelosecontribution" : 1,
  "winguildexp" : 100,
  "winmoney" : 700,
  "winrewarditem" : "<5423|3><5423|2><5423|1>",
  "loserewarditem" : "<5422|3><5422|2><5422|1>"
} ]