[ {
  "lv" : 1,
  "exp" : 582400,
  "upgrade" : "1|50000",
  "maxnumber" : 20,
  "maxmoney" : 100000,
  "jobnumber" : "1|2|8|-1|-1|-1|-1",
  "guildarmy" : 3,
  "armyposition" : "14|16|18|20|21",
  "techquality" : 1,
  "attackcontribution" : 10,
  "attackexp" : 100,
  "attackmoney" : 100
}, {
  "lv" : 2,
  "exp" : 1456000,
  "upgrade" : "1|157500",
  "maxnumber" : 25,
  "maxmoney" : 315000,
  "jobnumber" : "1|2|8|-1|-1|-1|-1",
  "guildarmy" : 4,
  "armyposition" : "13|14|15|16|18|20|21",
  "techquality" : 2,
  "attackcontribution" : 20,
  "attackexp" : 200,
  "attackmoney" : 200
}, {
  "lv" : 3,
  "exp" : 2620800,
  "upgrade" : "1|330000",
  "maxnumber" : 30,
  "maxmoney" : 660000,
  "jobnumber" : "1|2|8|-1|-1|-1|-1",
  "guildarmy" : 5,
  "armyposition" : "13|14|15|16|17|18|19|20|21",
  "techquality" : 3,
  "attackcontribution" : 30,
  "attackexp" : 300,
  "attackmoney" : 300
}, {
  "lv" : 4,
  "exp" : 4076800,
  "upgrade" : "1|575000",
  "maxnumber" : 35,
  "maxmoney" : 1150000,
  "jobnumber" : "1|2|8|-1|-1|-1|-1",
  "guildarmy" : 6,
  "armyposition" : "1|2|3|13|14|15|16|17|18|19|20|21",
  "techquality" : 4,
  "attackcontribution" : 40,
  "attackexp" : 400,
  "attackmoney" : 400
}, {
  "lv" : 5,
  "exp" : 5824000,
  "upgrade" : "1|900000",
  "maxnumber" : 40,
  "maxmoney" : 1800000,
  "jobnumber" : "1|2|8|-1|-1|-1|-1",
  "guildarmy" : 7,
  "armyposition" : "1|2|3|7|8|9|13|14|15|16|17|18|19|20|21",
  "techquality" : 5,
  "attackcontribution" : 50,
  "attackexp" : 500,
  "attackmoney" : 500
}, {
  "lv" : 6,
  "exp" : 7862400,
  "upgrade" : "1|1312500",
  "maxnumber" : 45,
  "maxmoney" : 2625000,
  "jobnumber" : "1|2|8|-1|-1|-1|-1",
  "guildarmy" : 8,
  "armyposition" : "1|2|3|7|8|9|10|11|12|13|14|15|16|17|18|19|20|21",
  "techquality" : 6,
  "attackcontribution" : 60,
  "attackexp" : 600,
  "attackmoney" : 600
}, {
  "lv" : 7,
  "exp" : 0,
  "maxnumber" : 50,
  "maxmoney" : 3640000,
  "jobnumber" : "1|2|8|-1|-1|-1|-1",
  "guildarmy" : 9,
  "armyposition" : "1|2|3|4|5|6|7|8|9|10|11|12|13|14|15|16|17|18|19|20|21",
  "techquality" : 7,
  "attackcontribution" : 70,
  "attackexp" : 700,
  "attackmoney" : 700
} ]