[ {
  "lv" : 1,
  "exp" : 0,
  "rxp" : 0
}, {
  "lv" : 2,
  "exp" : 5,
  "rxp" : 100
}, {
  "lv" : 3,
  "exp" : 10,
  "rxp" : 200
}, {
  "lv" : 4,
  "exp" : 11,
  "rxp" : 220
}, {
  "lv" : 5,
  "exp" : 12,
  "rxp" : 240
}, {
  "lv" : 6,
  "exp" : 13,
  "rxp" : 260
}, {
  "lv" : 7,
  "exp" : 14,
  "rxp" : 280
}, {
  "lv" : 8,
  "exp" : 15,
  "rxp" : 300
}, {
  "lv" : 9,
  "exp" : 16,
  "rxp" : 320
}, {
  "lv" : 10,
  "exp" : 18,
  "rxp" : 360
}, {
  "lv" : 11,
  "exp" : 20,
  "rxp" : 400
}, {
  "lv" : 12,
  "exp" : 25,
  "rxp" : 500
}, {
  "lv" : 13,
  "exp" : 30,
  "rxp" : 600
}, {
  "lv" : 14,
  "exp" : 35,
  "rxp" : 700
}, {
  "lv" : 15,
  "exp" : 45,
  "rxp" : 900
}, {
  "lv" : 16,
  "exp" : 55,
  "rxp" : 1100
}, {
  "lv" : 17,
  "exp" : 65,
  "rxp" : 1300
}, {
  "lv" : 18,
  "exp" : 75,
  "rxp" : 1500
}, {
  "lv" : 19,
  "exp" : 85,
  "rxp" : 1700
}, {
  "lv" : 20,
  "exp" : 95,
  "rxp" : 1900
}, {
  "lv" : 21,
  "exp" : 110,
  "rxp" : 2200
}, {
  "lv" : 22,
  "exp" : 125,
  "rxp" : 2500
}, {
  "lv" : 23,
  "exp" : 140,
  "rxp" : 2800
}, {
  "lv" : 24,
  "exp" : 155,
  "rxp" : 3100
}, {
  "lv" : 25,
  "exp" : 170,
  "rxp" : 3400
}, {
  "lv" : 26,
  "exp" : 190,
  "rxp" : 3800
}, {
  "lv" : 27,
  "exp" : 210,
  "rxp" : 4200
}, {
  "lv" : 28,
  "exp" : 230,
  "rxp" : 4600
}, {
  "lv" : 29,
  "exp" : 250,
  "rxp" : 5000
}, {
  "lv" : 30,
  "exp" : 275,
  "rxp" : 5500
}, {
  "lv" : 31,
  "exp" : 300,
  "rxp" : 6000
}, {
  "lv" : 32,
  "exp" : 325,
  "rxp" : 6500
}, {
  "lv" : 33,
  "exp" : 350,
  "rxp" : 7000
}, {
  "lv" : 34,
  "exp" : 375,
  "rxp" : 7500
}, {
  "lv" : 35,
  "exp" : 400,
  "rxp" : 8000
}, {
  "lv" : 36,
  "exp" : 450,
  "rxp" : 9000
}, {
  "lv" : 37,
  "exp" : 500,
  "rxp" : 10000
}, {
  "lv" : 38,
  "exp" : 550,
  "rxp" : 11000
}, {
  "lv" : 39,
  "exp" : 600,
  "rxp" : 12000
}, {
  "lv" : 40,
  "exp" : 650,
  "rxp" : 13000
}, {
  "lv" : 41,
  "exp" : 700,
  "rxp" : 14000
}, {
  "lv" : 42,
  "exp" : 750,
  "rxp" : 15000
}, {
  "lv" : 43,
  "exp" : 800,
  "rxp" : 16000
}, {
  "lv" : 44,
  "exp" : 850,
  "rxp" : 17000
}, {
  "lv" : 45,
  "exp" : 950,
  "rxp" : 19000
}, {
  "lv" : 46,
  "exp" : 1050,
  "rxp" : 21000
}, {
  "lv" : 47,
  "exp" : 1150,
  "rxp" : 23000
}, {
  "lv" : 48,
  "exp" : 1250,
  "rxp" : 25000
}, {
  "lv" : 49,
  "exp" : 1350,
  "rxp" : 27000
}, {
  "lv" : 50,
  "exp" : 1450,
  "rxp" : 29000
}, {
  "lv" : 51,
  "exp" : 1650,
  "rxp" : 33000
}, {
  "lv" : 52,
  "exp" : 1850,
  "rxp" : 37000
}, {
  "lv" : 53,
  "exp" : 2050,
  "rxp" : 41000
}, {
  "lv" : 54,
  "exp" : 2250,
  "rxp" : 45000
}, {
  "lv" : 55,
  "exp" : 2450,
  "rxp" : 49000
}, {
  "lv" : 56,
  "exp" : 2650,
  "rxp" : 53000
}, {
  "lv" : 57,
  "exp" : 2850,
  "rxp" : 57000
}, {
  "lv" : 58,
  "exp" : 3050,
  "rxp" : 61000
}, {
  "lv" : 59,
  "exp" : 3250,
  "rxp" : 65000
}, {
  "lv" : 60,
  "exp" : 3450,
  "rxp" : 69000
}, {
  "lv" : 61,
  "exp" : 3950,
  "rxp" : 79000
}, {
  "lv" : 62,
  "exp" : 4450,
  "rxp" : 89000
}, {
  "lv" : 63,
  "exp" : 4950,
  "rxp" : 99000
}, {
  "lv" : 64,
  "exp" : 5450,
  "rxp" : 109000
}, {
  "lv" : 65,
  "exp" : 5950,
  "rxp" : 119000
}, {
  "lv" : 66,
  "exp" : 6450,
  "rxp" : 129000
}, {
  "lv" : 67,
  "exp" : 6950,
  "rxp" : 139000
}, {
  "lv" : 68,
  "exp" : 7450,
  "rxp" : 149000
}, {
  "lv" : 69,
  "exp" : 7950,
  "rxp" : 159000
}, {
  "lv" : 70,
  "exp" : 8450,
  "rxp" : 169000
}, {
  "lv" : 71,
  "exp" : 8950,
  "rxp" : 179000
}, {
  "lv" : 72,
  "exp" : 9450,
  "rxp" : 189000
}, {
  "lv" : 73,
  "exp" : 9950,
  "rxp" : 199000
}, {
  "lv" : 74,
  "exp" : 10450,
  "rxp" : 209000
}, {
  "lv" : 75,
  "exp" : 10950,
  "rxp" : 219000
}, {
  "lv" : 76,
  "exp" : 11450,
  "rxp" : 229000
}, {
  "lv" : 77,
  "exp" : 11950,
  "rxp" : 239000
}, {
  "lv" : 78,
  "exp" : 12450,
  "rxp" : 249000
}, {
  "lv" : 79,
  "exp" : 12950,
  "rxp" : 259000
}, {
  "lv" : 80,
  "exp" : 13450,
  "rxp" : 269000
}, {
  "lv" : 81,
  "exp" : 13950,
  "rxp" : 279000
}, {
  "lv" : 82,
  "exp" : 14450,
  "rxp" : 289000
}, {
  "lv" : 83,
  "exp" : 14950,
  "rxp" : 299000
}, {
  "lv" : 84,
  "exp" : 15450,
  "rxp" : 309000
}, {
  "lv" : 85,
  "exp" : 15950,
  "rxp" : 319000
}, {
  "lv" : 86,
  "exp" : 16450,
  "rxp" : 329000
}, {
  "lv" : 87,
  "exp" : 16950,
  "rxp" : 339000
}, {
  "lv" : 88,
  "exp" : 17450,
  "rxp" : 349000
}, {
  "lv" : 89,
  "exp" : 17950,
  "rxp" : 359000
}, {
  "lv" : 90,
  "exp" : 18450,
  "rxp" : 369000
}, {
  "lv" : 91,
  "exp" : 18950,
  "rxp" : 379000
}, {
  "lv" : 92,
  "exp" : 19450,
  "rxp" : 389000
}, {
  "lv" : 93,
  "exp" : 19950,
  "rxp" : 399000
}, {
  "lv" : 94,
  "exp" : 20450,
  "rxp" : 409000
}, {
  "lv" : 95,
  "exp" : 20950,
  "rxp" : 419000
}, {
  "lv" : 96,
  "exp" : 21450,
  "rxp" : 429000
}, {
  "lv" : 97,
  "exp" : 21950,
  "rxp" : 439000
}, {
  "lv" : 98,
  "exp" : 22450,
  "rxp" : 449000
}, {
  "lv" : 99,
  "exp" : 22950,
  "rxp" : 459000
}, {
  "lv" : 100,
  "exp" : 23450,
  "rxp" : 469000
}, {
  "lv" : 101,
  "exp" : 23950,
  "rxp" : 479000
} ]