[ {
  "id" : 6000,
  "icon" : "mat_004",
  "alt" : "铁块",
  "form" : "材料",
  "category" : 32,
  "quality" : 3,
  "tip" : "一块好铁,建筑和锻造不可或缺的材料，可以在关卡2-15、2-16中获得",
  "price" : "<gold|5>",
  "sell" : "<silver|100>",
  "stackmax" : 999,
  "chapter" : "2|2",
  "stage" : "15|16"
}, {
  "id" : 6001,
  "icon" : "mat_005",
  "alt" : "银块",
  "form" : "材料",
  "category" : 34,
  "quality" : 4,
  "tip" : "一块纯银,高级装备和建筑的常用材料，可以在关卡5-33、7-27中获得",
  "price" : "<gold|20>",
  "sell" : "<silver|400>",
  "stackmax" : 999,
  "chapter" : "5|7",
  "stage" : "33|27"
}, {
  "id" : 6002,
  "icon" : "mat_006",
  "alt" : "金块",
  "form" : "材料",
  "category" : 36,
  "quality" : 5,
  "tip" : "一块纯金,极品装备和建筑的必需品，可以在关卡9-37、10-44中获得",
  "price" : "<gold|50>",
  "sell" : "<silver|1000>",
  "stackmax" : 999,
  "chapter" : "9|10",
  "stage" : "37|44"
}, {
  "id" : 6003,
  "icon" : "mat_013",
  "alt" : "枯木",
  "form" : "材料",
  "category" : 30,
  "quality" : 1,
  "tip" : "缺什么都不能缺木头，干啥都要它，很多地方都会产它。",
  "price" : "<gold|5>",
  "sell" : "<silver|20>",
  "stackmax" : 999
}, {
  "id" : 6004,
  "icon" : "mat_016",
  "alt" : "碎石",
  "form" : "材料",
  "category" : 31,
  "quality" : 1,
  "tip" : "方方正正的大石块，适合建造各种建筑，很多地方都会产它。",
  "price" : "<gold|5>",
  "sell" : "<silver|20>",
  "stackmax" : 999
}, {
  "id" : 6005,
  "icon" : "mat_003",
  "alt" : "铜块",
  "form" : "材料",
  "category" : 33,
  "quality" : 4,
  "tip" : "一块纯铜，可用来建筑或锻造，可以在关卡3-27、4-29中获得",
  "price" : "<gold|10>",
  "sell" : "<silver|200>",
  "stackmax" : 999,
  "chapter" : "3|4",
  "stage" : "27|29"
}, {
  "id" : 6006,
  "icon" : "mat_007",
  "alt" : "秘银",
  "form" : "材料",
  "category" : 35,
  "quality" : 5,
  "tip" : "带有魔力的金属，可以在关卡3-28、4-28、5-32、6-25中获得",
  "price" : "<gold|50>",
  "sell" : "<silver|1000>",
  "stackmax" : 999,
  "chapter" : "3|4|5|6",
  "stage" : "28|28|32|25"
}, {
  "id" : 6007,
  "icon" : "mat_008",
  "alt" : "钨金钢",
  "form" : "材料",
  "category" : 37,
  "quality" : 5,
  "tip" : "锻造大师的最爱，S级装备的必须品，可使用金块、银块、铜块合成获得，也可在忍界商店兑换获得",
  "price" : "<gold|100>",
  "sell" : "<silver|2000>",
  "stackmax" : 999
}, {
  "id" : 6008,
  "icon" : "mat_009",
  "alt" : "远古黑铁",
  "form" : "材料",
  "category" : 38,
  "quality" : 5,
  "tip" : "神秘的远古黑色铁块，可用来锻造S极装备，可以在商店中获得",
  "price" : "<gold|200>",
  "sell" : "<silver|4000>",
  "stackmax" : 999
}, {
  "id" : 6009,
  "icon" : "mat_010",
  "alt" : "陨石碎片",
  "form" : "材料",
  "category" : 39,
  "quality" : 6,
  "tip" : "没人知道它的来源，似乎能锻造传说中的SS级装备，可以竞技商店中获得",
  "price" : "<gold|688>",
  "sell" : "<silver|6000>",
  "stackmax" : 999
}, {
  "id" : 6010,
  "icon" : "mat_011",
  "alt" : "六道舍利",
  "form" : "材料",
  "category" : 40,
  "quality" : 6,
  "tip" : "传说是六道仙人查克拉的结晶，可制造终极装备，可以在忍界商店中获得",
  "price" : "<gold|999>",
  "sell" : "<silver|8000>",
  "stackmax" : 999
}, {
  "id" : 6011,
  "icon" : "mat_012",
  "alt" : "洗练石",
  "form" : "材料",
  "category" : 41,
  "quality" : 5,
  "tip" : "可以洗练装备,增加装备携带属性的数量，可以在竞技商店中获得",
  "price" : "<gold|100>",
  "sell" : "<silver|2000>",
  "stackmax" : 999
}, {
  "id" : 6012,
  "icon" : "mat_001",
  "alt" : "普通木材",
  "form" : "材料",
  "category" : 30,
  "quality" : 2,
  "tip" : "缺什么都不能缺木头，干啥都要它，很多地方都会产它。",
  "price" : "<gold|10>",
  "sell" : "<silver|50>",
  "stackmax" : 999
}, {
  "id" : 6013,
  "icon" : "mat_002",
  "alt" : "粗糙石头",
  "form" : "材料",
  "category" : 31,
  "quality" : 2,
  "tip" : "方方正正的大石块，适合建造各种建筑，很多地方都会产它。",
  "price" : "<gold|10>",
  "sell" : "<silver|50>",
  "stackmax" : 999
}, {
  "id" : 6014,
  "icon" : "mat_014",
  "alt" : "复合木材",
  "form" : "材料",
  "category" : 30,
  "quality" : 3,
  "tip" : "缺什么都不能缺木头，干啥都要它，很多地方都会产它。",
  "price" : "<gold|50>",
  "sell" : "<silver|100>",
  "stackmax" : 999
}, {
  "id" : 6015,
  "icon" : "mat_017",
  "alt" : "坚固石头",
  "form" : "材料",
  "category" : 31,
  "quality" : 3,
  "tip" : "方方正正的大石块，适合建造各种建筑，很多地方都会产它。",
  "price" : "<gold|50>",
  "sell" : "<silver|100>",
  "stackmax" : 999
}, {
  "id" : 6016,
  "icon" : "mat_015",
  "alt" : "云杉木",
  "form" : "材料",
  "category" : 30,
  "quality" : 4,
  "tip" : "缺什么都不能缺木头，干啥都要它，很多地方都会产它。",
  "price" : "<gold|100>",
  "sell" : "<silver|200>",
  "stackmax" : 999
}, {
  "id" : 6017,
  "icon" : "mat_018",
  "alt" : "大理石",
  "form" : "材料",
  "category" : 31,
  "quality" : 4,
  "tip" : "方方正正的大石块，适合建造各种建筑，很多地方都会产它。",
  "price" : "<gold|100>",
  "sell" : "<silver|200>",
  "stackmax" : 999
}, {
  "id" : 6018,
  "icon" : "mat_019",
  "alt" : "“迎”字令牌",
  "form" : "材料",
  "category" : 45,
  "quality" : 5,
  "tip" : "在任意副本关卡、上忍考试中获得胜利，即有机率获得，集齐一套“迎新春”令牌即可在【锻造】界面【合成】里换取一个“迎新春大礼包”",
  "price" : "<gold|100>",
  "sell" : "<silver|200>",
  "stackmax" : 999
}, {
  "id" : 6019,
  "icon" : "mat_020",
  "alt" : "“新”字令牌",
  "form" : "材料",
  "category" : 45,
  "quality" : 5,
  "tip" : "在任意副本关卡、上忍考试中获得胜利，即有机率获得，集齐一套“迎新春”令牌即可在【锻造】界面【合成】里换取一个“迎新春大礼包”",
  "price" : "<gold|100>",
  "sell" : "<silver|200>",
  "stackmax" : 999
}, {
  "id" : 6020,
  "icon" : "mat_021",
  "alt" : "“春”字令牌",
  "form" : "材料",
  "category" : 45,
  "quality" : 5,
  "tip" : "在任意副本关卡、上忍考试中获得胜利，即有机率获得，集齐一套“迎新春”令牌即可在【锻造】界面【合成】里换取一个“迎新春大礼包”",
  "price" : "<gold|100>",
  "sell" : "<silver|200>",
  "stackmax" : 999
}, {
  "id" : 6021,
  "icon" : "mat_022",
  "alt" : "“庆”字令牌",
  "form" : "材料",
  "category" : 45,
  "quality" : 5,
  "tip" : "在任意副本关卡、上忍考试中获得胜利，即有机率获得，集齐一套“庆公测”令牌即可在【锻造】界面【合成】里换取一个“公测大礼包”",
  "price" : "<gold|100>",
  "sell" : "<silver|200>",
  "stackmax" : 999
}, {
  "id" : 6022,
  "icon" : "mat_023",
  "alt" : "“公”字令牌",
  "form" : "材料",
  "category" : 45,
  "quality" : 5,
  "tip" : "在任意副本关卡、上忍考试中获得胜利，即有机率获得，集齐一套“庆公测”令牌即可在【锻造】界面【合成】里换取一个“公测大礼包”",
  "price" : "<gold|100>",
  "sell" : "<silver|200>",
  "stackmax" : 999
}, {
  "id" : 6023,
  "icon" : "mat_024",
  "alt" : "“测”字令牌",
  "form" : "材料",
  "category" : 45,
  "quality" : 5,
  "tip" : "在任意副本关卡、上忍考试中获得胜利，即有机率获得，集齐一套“庆公测”令牌即可在【锻造】界面【合成】里换取一个“公测大礼包”",
  "price" : "<gold|100>",
  "sell" : "<silver|200>",
  "stackmax" : 999
}, {
  "id" : 6024,
  "icon" : "mat_025",
  "alt" : "“愚”字令牌",
  "form" : "材料",
  "category" : 45,
  "quality" : 5,
  "tip" : "在任意副本关卡、上忍考试中获得胜利，即有机率获得，集齐一套“愚人节”令牌即可在【锻造】界面【合成】里换取一个“愚人节礼包”",
  "price" : "<gold|100>",
  "sell" : "<silver|200>",
  "stackmax" : 999
}, {
  "id" : 6025,
  "icon" : "mat_026",
  "alt" : "“人”字令牌",
  "form" : "材料",
  "category" : 45,
  "quality" : 5,
  "tip" : "在任意副本关卡、上忍考试中获得胜利，即有机率获得，集齐一套“愚人节”令牌即可在【锻造】界面【合成】里换取一个“愚人节礼包”",
  "price" : "<gold|100>",
  "sell" : "<silver|200>",
  "stackmax" : 999
}, {
  "id" : 6026,
  "icon" : "mat_027",
  "alt" : "“节”字令牌",
  "form" : "材料",
  "category" : 45,
  "quality" : 5,
  "tip" : "在任意副本关卡、上忍考试中获得胜利，即有机率获得，集齐一套“愚人节”令牌即可在【锻造】界面【合成】里换取一个“愚人节礼包”",
  "price" : "<gold|100>",
  "sell" : "<silver|200>",
  "stackmax" : 999
}, {
  "id" : 6027,
  "icon" : "item_030",
  "alt" : "兑换券",
  "form" : "材料",
  "category" : 45,
  "quality" : 5,
  "tip" : "1个兑换券+51金币+5151银币可在【锻造】界面【合成】里，合成一个金币宝箱",
  "price" : "<gold|100>",
  "sell" : "<silver|200>",
  "stackmax" : 999
}, {
  "id" : 6028,
  "icon" : "mat_019",
  "alt" : "“迎”字令牌",
  "form" : "材料",
  "category" : 45,
  "quality" : 5,
  "tip" : "在任意副本关卡、上忍考试中获得胜利，即有机率获得，集齐一套“迎五一”令牌即可在【锻造】界面【合成】里换取一个“迎五一礼包”",
  "price" : "<gold|100>",
  "sell" : "<silver|200>",
  "stackmax" : 999
}, {
  "id" : 6029,
  "icon" : "mat_032",
  "alt" : "“五”字令牌",
  "form" : "材料",
  "category" : 45,
  "quality" : 5,
  "tip" : "在任意副本关卡、上忍考试中获得胜利，即有机率获得，集齐一套“迎五一”令牌即可在【锻造】界面【合成】里换取一个“迎五一礼包”",
  "price" : "<gold|100>",
  "sell" : "<silver|200>",
  "stackmax" : 999
}, {
  "id" : 6030,
  "icon" : "mat_031",
  "alt" : "“一”字令牌",
  "form" : "材料",
  "category" : 45,
  "quality" : 5,
  "tip" : "在任意副本关卡、上忍考试中获得胜利，即有机率获得，集齐一套“迎五一”令牌即可在【锻造】界面【合成】里换取一个“迎五一礼包”",
  "price" : "<gold|100>",
  "sell" : "<silver|200>",
  "stackmax" : 999
}, {
  "id" : 6031,
  "icon" : "mat_033",
  "alt" : "“儿”字令牌",
  "form" : "材料",
  "category" : 45,
  "quality" : 5,
  "tip" : "在任意副本关卡、上忍考试中获得胜利，即有机率获得，集齐一套“儿童节”令牌即可在【锻造】界面【合成】里换取一个“儿童节礼包”",
  "price" : "<gold|100>",
  "sell" : "<silver|200>",
  "stackmax" : 999
}, {
  "id" : 6032,
  "icon" : "mat_034",
  "alt" : "“童”字令牌",
  "form" : "材料",
  "category" : 45,
  "quality" : 5,
  "tip" : "在任意副本关卡、上忍考试中获得胜利，即有机率获得，集齐一套“儿童节”令牌即可在【锻造】界面【合成】里换取一个“儿童节礼包”",
  "price" : "<gold|100>",
  "sell" : "<silver|200>",
  "stackmax" : 999
}, {
  "id" : 6033,
  "icon" : "mat_035",
  "alt" : "“节”字令牌",
  "form" : "材料",
  "category" : 45,
  "quality" : 5,
  "tip" : "在任意副本关卡、上忍考试中获得胜利，即有机率获得，集齐一套“儿童节”令牌即可在【锻造】界面【合成】里换取一个“儿童节礼包”",
  "price" : "<gold|100>",
  "sell" : "<silver|200>",
  "stackmax" : 999
}, {
  "id" : 6034,
  "icon" : "mat_036",
  "alt" : "“端”字令牌",
  "form" : "材料",
  "category" : 45,
  "quality" : 5,
  "tip" : "在任意副本关卡、上忍考试中获得胜利，即有机率获得，集齐一套“端午节”令牌即可在【锻造】界面【合成】里换取一个“端午节宝箱”",
  "price" : "<gold|100>",
  "sell" : "<silver|200>",
  "stackmax" : 999
}, {
  "id" : 6035,
  "icon" : "mat_037",
  "alt" : "“午”字令牌",
  "form" : "材料",
  "category" : 45,
  "quality" : 5,
  "tip" : "在任意副本关卡、上忍考试中获得胜利，即有机率获得，集齐一套“端午节”令牌即可在【锻造】界面【合成】里换取一个“端午节宝箱”",
  "price" : "<gold|100>",
  "sell" : "<silver|200>",
  "stackmax" : 999
}, {
  "id" : 6036,
  "icon" : "mat_038",
  "alt" : "“节”字令牌",
  "form" : "材料",
  "category" : 45,
  "quality" : 5,
  "tip" : "在任意副本关卡、上忍考试中获得胜利，即有机率获得，集齐一套“端午节”令牌即可在【锻造】界面【合成】里换取一个“端午节宝箱”",
  "price" : "<gold|100>",
  "sell" : "<silver|200>",
  "stackmax" : 999
}, {
  "id" : 6037,
  "icon" : "mat_039",
  "alt" : "“小”字令牌",
  "form" : "材料",
  "category" : 45,
  "quality" : 5,
  "tip" : "在任意副本关卡、上忍考试中获得胜利，即有机率获得，集齐一套“小忍者”令牌即可在【锻造】界面【合成】里换取一个“小忍者宝箱”",
  "price" : "<gold|100>",
  "sell" : "<silver|200>",
  "stackmax" : 999
}, {
  "id" : 6038,
  "icon" : "mat_040",
  "alt" : "“忍”字令牌",
  "form" : "材料",
  "category" : 45,
  "quality" : 5,
  "tip" : "在任意副本关卡、上忍考试中获得胜利，即有机率获得，集齐一套“小忍者”令牌即可在【锻造】界面【合成】里换取一个“小忍者宝箱”",
  "price" : "<gold|100>",
  "sell" : "<silver|200>",
  "stackmax" : 999
}, {
  "id" : 6039,
  "icon" : "mat_041",
  "alt" : "“者”字令牌",
  "form" : "材料",
  "category" : 45,
  "quality" : 5,
  "tip" : "在任意副本关卡、上忍考试中获得胜利，即有机率获得，集齐一套“小忍者”令牌即可在【锻造】界面【合成】里换取一个“小忍者宝箱”",
  "price" : "<gold|100>",
  "sell" : "<silver|200>",
  "stackmax" : 999
}, {
  "id" : 6040,
  "icon" : "mat_022",
  "alt" : "“庆”字令牌",
  "form" : "材料",
  "category" : 45,
  "quality" : 5,
  "tip" : "在任意副本关卡、上忍考试中获得胜利，即有机率获得，集齐一套“庆团圆”令牌即可在【锻造】界面【合成】里换取一个“庆团圆宝箱”",
  "price" : "<gold|100>",
  "sell" : "<silver|200>",
  "stackmax" : 999
}, {
  "id" : 6041,
  "icon" : "mat_042",
  "alt" : "“团”字令牌",
  "form" : "材料",
  "category" : 45,
  "quality" : 5,
  "tip" : "在任意副本关卡、上忍考试中获得胜利，即有机率获得，集齐一套“庆团圆”令牌即可在【锻造】界面【合成】里换取一个“庆团圆宝箱”",
  "price" : "<gold|100>",
  "sell" : "<silver|200>",
  "stackmax" : 999
}, {
  "id" : 6042,
  "icon" : "mat_043",
  "alt" : "“圆”字令牌",
  "form" : "材料",
  "category" : 45,
  "quality" : 5,
  "tip" : "在任意副本关卡、上忍考试中获得胜利，即有机率获得，集齐一套“庆团圆”令牌即可在【锻造】界面【合成】里换取一个“庆团圆宝箱”",
  "price" : "<gold|100>",
  "sell" : "<silver|200>",
  "stackmax" : 999
}, {
  "id" : 6100,
  "icon" : "mat_101",
  "alt" : "雏田召唤卡",
  "form" : "召唤卡",
  "category" : 100,
  "quality" : 2,
  "tip" : "可以兑换雏田，有几率在关卡2-10获得",
  "price" : "<gold|10>",
  "sell" : "<silver|50>",
  "stackmax" : 999
}, {
  "id" : 6101,
  "icon" : "mat_102",
  "alt" : "小李召唤卡",
  "form" : "召唤卡",
  "category" : 100,
  "quality" : 2,
  "tip" : "可以兑换小李，有几率在关卡3-5获得",
  "price" : "<gold|10>",
  "sell" : "<silver|50>",
  "stackmax" : 999
}, {
  "id" : 6102,
  "icon" : "mat_104",
  "alt" : "伊比喜召唤卡",
  "form" : "召唤卡",
  "category" : 100,
  "quality" : 3,
  "tip" : "可以兑换伊比喜，有几率在关卡3-23获得",
  "price" : "<gold|10>",
  "sell" : "<silver|100>",
  "stackmax" : 999
}, {
  "id" : 6103,
  "icon" : "mat_100",
  "alt" : "月光疾风召唤卡",
  "form" : "召唤卡",
  "category" : 100,
  "quality" : 3,
  "tip" : "可以兑换月光疾风，有几率在关卡3-1获得",
  "price" : "<gold|10>",
  "sell" : "<silver|100>",
  "stackmax" : 999
}, {
  "id" : 6104,
  "icon" : "mat_118",
  "alt" : "我爱罗召唤卡",
  "form" : "召唤卡",
  "category" : 100,
  "quality" : 3,
  "tip" : "可以兑换我爱罗，有几率在关卡3-26获得",
  "price" : "<gold|10>",
  "sell" : "<silver|100>",
  "stackmax" : 999
}, {
  "id" : 6105,
  "icon" : "mat_107",
  "alt" : "水月召唤卡",
  "form" : "召唤卡",
  "category" : 100,
  "quality" : 3,
  "tip" : "可以兑换水月，有几率在关卡2-2获得",
  "price" : "<gold|10>",
  "sell" : "<silver|100>",
  "stackmax" : 999
}, {
  "id" : 6106,
  "icon" : "mat_109",
  "alt" : "夕日红召唤卡",
  "form" : "召唤卡",
  "category" : 100,
  "quality" : 4,
  "tip" : "可以兑换夕日红，有几率在关卡6-5获得",
  "price" : "<gold|10>",
  "sell" : "<silver|200>",
  "stackmax" : 999
}, {
  "id" : 6107,
  "icon" : "mat_111",
  "alt" : "大和召唤卡",
  "form" : "召唤卡",
  "category" : 100,
  "quality" : 4,
  "tip" : "可以兑换大和，有几率在关卡7-18获得",
  "price" : "<gold|10>",
  "sell" : "<silver|200>",
  "stackmax" : 999
}, {
  "id" : 6108,
  "icon" : "mat_119",
  "alt" : "二尾召唤卡",
  "form" : "召唤卡",
  "category" : 100,
  "quality" : 4,
  "tip" : "可以兑换二尾人柱力，有几率在关卡4-26获得",
  "price" : "<gold|10>",
  "sell" : "<silver|200>",
  "stackmax" : 999
}, {
  "id" : 6109,
  "icon" : "mat_120",
  "alt" : "三尾召唤卡",
  "form" : "召唤卡",
  "category" : 100,
  "quality" : 4,
  "tip" : "可以兑换三尾人柱力，有几率在关卡4-27获得",
  "price" : "<gold|10>",
  "sell" : "<silver|200>",
  "stackmax" : 999
}, {
  "id" : 6110,
  "icon" : "mat_121",
  "alt" : "四尾召唤卡",
  "form" : "召唤卡",
  "category" : 100,
  "quality" : 4,
  "tip" : "可以兑换四尾人柱力，有几率在关卡5-31获得",
  "price" : "<gold|10>",
  "sell" : "<silver|200>",
  "stackmax" : 999
}, {
  "id" : 6111,
  "icon" : "mat_122",
  "alt" : "五尾召唤卡",
  "form" : "召唤卡",
  "category" : 100,
  "quality" : 4,
  "tip" : "可以兑换五尾人柱力，有几率在关卡5-30获得",
  "price" : "<gold|10>",
  "sell" : "<silver|200>",
  "stackmax" : 999
}, {
  "id" : 6112,
  "icon" : "mat_123",
  "alt" : "六尾召唤卡",
  "form" : "召唤卡",
  "category" : 100,
  "quality" : 4,
  "tip" : "可以兑换六尾人柱力，有几率在关卡6-22获得",
  "price" : "<gold|10>",
  "sell" : "<silver|200>",
  "stackmax" : 999
}, {
  "id" : 6113,
  "icon" : "mat_124",
  "alt" : "七尾召唤卡",
  "form" : "召唤卡",
  "category" : 100,
  "quality" : 4,
  "tip" : "可以兑换七尾人柱力，有几率在关卡6-23获得",
  "price" : "<gold|10>",
  "sell" : "<silver|200>",
  "stackmax" : 999
}, {
  "id" : 6114,
  "icon" : "mat_112",
  "alt" : "小南召唤卡",
  "form" : "召唤卡",
  "category" : 100,
  "quality" : 4,
  "tip" : "可以兑换小南，有几率在关卡8-26获得",
  "price" : "<gold|10>",
  "sell" : "<silver|200>",
  "stackmax" : 999
}, {
  "id" : 6115,
  "icon" : "mat_113",
  "alt" : "长十郎召唤卡",
  "form" : "召唤卡",
  "category" : 100,
  "quality" : 4,
  "tip" : "可以兑换长十郎，有几率在关卡9-24获得",
  "price" : "<gold|10>",
  "sell" : "<silver|200>",
  "stackmax" : 999
}, {
  "id" : 6116,
  "icon" : "mat_114",
  "alt" : "达鲁依召唤卡",
  "form" : "召唤卡",
  "category" : 100,
  "quality" : 4,
  "tip" : "可以兑换达鲁依，有几率在关卡9-18获得",
  "price" : "<gold|10>",
  "sell" : "<silver|200>",
  "stackmax" : 999
}, {
  "id" : 6117,
  "icon" : "mat_115",
  "alt" : "卡卡西召唤A卡",
  "form" : "召唤卡",
  "category" : 100,
  "quality" : 4,
  "tip" : "凑齐A卡和B卡可以兑换卡卡西，A卡有几率在关卡1-6获得",
  "price" : "<gold|10>",
  "sell" : "<silver|200>",
  "stackmax" : 999
}, {
  "id" : 6118,
  "icon" : "mat_115",
  "alt" : "卡卡西召唤B卡",
  "form" : "召唤卡",
  "category" : 100,
  "quality" : 5,
  "tip" : "凑齐A卡和B卡可以兑换卡卡西，B卡有几率在关卡9-32获得",
  "price" : "<gold|10>",
  "sell" : "<silver|300>",
  "stackmax" : 999
}, {
  "id" : 6119,
  "icon" : "mat_116",
  "alt" : "阿飞召唤A卡",
  "form" : "召唤卡",
  "category" : 100,
  "quality" : 4,
  "tip" : "凑齐A卡和B卡可以兑换阿飞，A卡有几率在关卡8-18获得",
  "price" : "<gold|10>",
  "sell" : "<silver|200>",
  "stackmax" : 999
}, {
  "id" : 6120,
  "icon" : "mat_116",
  "alt" : "阿飞召唤B卡",
  "form" : "召唤卡",
  "category" : 100,
  "quality" : 5,
  "tip" : "凑齐A卡和B卡可以兑换阿飞，B卡有几率在关卡10-40获得",
  "price" : "<gold|10>",
  "sell" : "<silver|300>",
  "stackmax" : 999
}, {
  "id" : 6121,
  "icon" : "mat_117",
  "alt" : "大蛇丸召唤A卡",
  "form" : "召唤卡",
  "category" : 100,
  "quality" : 4,
  "tip" : "凑齐A卡和B卡可以兑换大蛇丸，A卡有几率在关卡8-13获得",
  "price" : "<gold|10>",
  "sell" : "<silver|200>",
  "stackmax" : 999
}, {
  "id" : 6122,
  "icon" : "mat_117",
  "alt" : "大蛇丸召唤B卡",
  "form" : "召唤卡",
  "category" : 100,
  "quality" : 5,
  "tip" : "凑齐A卡和B卡可以兑换大蛇丸，B卡有几率在关卡12-20获得",
  "price" : "<gold|10>",
  "sell" : "<silver|300>",
  "stackmax" : 999
}, {
  "id" : 6123,
  "icon" : "mat_125",
  "alt" : "斑召唤卡",
  "form" : "召唤卡",
  "category" : 100,
  "quality" : 6,
  "tip" : "部分活动中会出现他的踪影。",
  "price" : "<gold|1000>",
  "sell" : "<silver|10000>",
  "stackmax" : 999
}, {
  "id" : 6124,
  "icon" : "mat_126",
  "alt" : "柱间召唤卡",
  "form" : "召唤卡",
  "category" : 100,
  "quality" : 6,
  "tip" : "竞技场商店有售。",
  "price" : "<gold|1000>",
  "sell" : "<silver|10000>",
  "stackmax" : 999
}, {
  "id" : 6125,
  "icon" : "mat_130",
  "alt" : "鸣人召唤卡",
  "form" : "召唤卡",
  "category" : 100,
  "quality" : 2,
  "tip" : "积累他的召唤卡，凑齐10个即可召唤。",
  "price" : "<gold|10>",
  "sell" : "<silver|50>",
  "stackmax" : 999
}, {
  "id" : 6126,
  "icon" : "mat_131",
  "alt" : "小樱召唤卡",
  "form" : "召唤卡",
  "category" : 100,
  "quality" : 2,
  "tip" : "积累他的召唤卡，凑齐10个即可召唤。",
  "price" : "<gold|10>",
  "sell" : "<silver|50>",
  "stackmax" : 999
}, {
  "id" : 6127,
  "icon" : "mat_132",
  "alt" : "井野召唤卡",
  "form" : "召唤卡",
  "category" : 100,
  "quality" : 2,
  "tip" : "积累他的召唤卡，凑齐10个即可召唤。",
  "price" : "<gold|10>",
  "sell" : "<silver|100>",
  "stackmax" : 999
}, {
  "id" : 6128,
  "icon" : "mat_133",
  "alt" : "天天召唤卡",
  "form" : "召唤卡",
  "category" : 100,
  "quality" : 2,
  "tip" : "积累他的召唤卡，凑齐10个即可召唤。",
  "price" : "<gold|10>",
  "sell" : "<silver|100>",
  "stackmax" : 999
}, {
  "id" : 6129,
  "icon" : "mat_134",
  "alt" : "丁次召唤卡",
  "form" : "召唤卡",
  "category" : 100,
  "quality" : 2,
  "tip" : "积累他的召唤卡，凑齐10个即可召唤。",
  "price" : "<gold|10>",
  "sell" : "<silver|100>",
  "stackmax" : 999
}, {
  "id" : 6130,
  "icon" : "mat_135",
  "alt" : "犬冢牙召唤卡",
  "form" : "召唤卡",
  "category" : 100,
  "quality" : 2,
  "tip" : "积累他的召唤卡，凑齐10个即可召唤。",
  "price" : "<gold|10>",
  "sell" : "<silver|100>",
  "stackmax" : 999
}, {
  "id" : 6131,
  "icon" : "mat_136",
  "alt" : "志乃召唤卡",
  "form" : "召唤卡",
  "category" : 100,
  "quality" : 2,
  "tip" : "积累他的召唤卡，凑齐10个即可召唤。",
  "price" : "<gold|10>",
  "sell" : "<silver|200>",
  "stackmax" : 999
}, {
  "id" : 6133,
  "icon" : "mat_137",
  "alt" : "宁次召唤卡",
  "form" : "召唤卡",
  "category" : 100,
  "quality" : 2,
  "tip" : "积累他的召唤卡，凑齐10个即可召唤。",
  "price" : "<gold|10>",
  "sell" : "<silver|200>",
  "stackmax" : 999
}, {
  "id" : 6135,
  "icon" : "mat_138",
  "alt" : "佐助召唤卡",
  "form" : "召唤卡",
  "category" : 100,
  "quality" : 2,
  "tip" : "积累他的召唤卡，凑齐10个即可召唤。",
  "price" : "<gold|10>",
  "sell" : "<silver|200>",
  "stackmax" : 999
}, {
  "id" : 6136,
  "icon" : "mat_139",
  "alt" : "鹿丸召唤卡",
  "form" : "召唤卡",
  "category" : 100,
  "quality" : 2,
  "tip" : "积累他的召唤卡，凑齐10个即可召唤。",
  "price" : "<gold|10>",
  "sell" : "<silver|200>",
  "stackmax" : 999
}, {
  "id" : 6137,
  "icon" : "mat_140",
  "alt" : "静音召唤卡",
  "form" : "召唤卡",
  "category" : 100,
  "quality" : 2,
  "tip" : "积累他的召唤卡，凑齐10个即可召唤。",
  "price" : "<gold|10>",
  "sell" : "<silver|200>",
  "stackmax" : 999
}, {
  "id" : 6138,
  "icon" : "mat_141",
  "alt" : "伊鲁卡召唤卡",
  "form" : "召唤卡",
  "category" : 100,
  "quality" : 2,
  "tip" : "积累他的召唤卡，凑齐10个即可召唤。",
  "price" : "<gold|10>",
  "sell" : "<silver|200>",
  "stackmax" : 999
}, {
  "id" : 6139,
  "icon" : "mat_142",
  "alt" : "手鞠召唤卡",
  "form" : "召唤卡",
  "category" : 100,
  "quality" : 2,
  "tip" : "积累他的召唤卡，凑齐10个即可召唤。",
  "price" : "<gold|10>",
  "sell" : "<silver|200>",
  "stackmax" : 999
}, {
  "id" : 6140,
  "icon" : "mat_143",
  "alt" : "勘九郎召唤卡",
  "form" : "召唤卡",
  "category" : 100,
  "quality" : 2,
  "tip" : "积累他的召唤卡，凑齐10个即可召唤。",
  "price" : "<gold|10>",
  "sell" : "<silver|200>",
  "stackmax" : 999
}, {
  "id" : 6142,
  "icon" : "mat_144",
  "alt" : "惠比斯召唤卡",
  "form" : "召唤卡",
  "category" : 100,
  "quality" : 3,
  "tip" : "积累他的召唤卡，凑齐20个即可召唤。",
  "price" : "<gold|10>",
  "sell" : "<silver|200>",
  "stackmax" : 999
}, {
  "id" : 6144,
  "icon" : "mat_145",
  "alt" : "山城青叶召唤卡",
  "form" : "召唤卡",
  "category" : 100,
  "quality" : 3,
  "tip" : "积累他的召唤卡，凑齐20个即可召唤。",
  "price" : "<gold|10>",
  "sell" : "<silver|200>",
  "stackmax" : 999
}, {
  "id" : 6145,
  "icon" : "mat_146",
  "alt" : "并足雷同召唤卡",
  "form" : "召唤卡",
  "category" : 100,
  "quality" : 3,
  "tip" : "积累他的召唤卡，凑齐20个即可召唤。",
  "price" : "<gold|10>",
  "sell" : "<silver|200>",
  "stackmax" : 999
}, {
  "id" : 6146,
  "icon" : "mat_147",
  "alt" : "不知火玄间召唤卡",
  "form" : "召唤卡",
  "category" : 100,
  "quality" : 3,
  "tip" : "积累他的召唤卡，凑齐20个即可召唤。",
  "price" : "<gold|10>",
  "sell" : "<silver|200>",
  "stackmax" : 999
}, {
  "id" : 6147,
  "icon" : "mat_148",
  "alt" : "御手洗红豆召唤卡",
  "form" : "召唤卡",
  "category" : 100,
  "quality" : 3,
  "tip" : "积累他的召唤卡，凑齐20个即可召唤。",
  "price" : "<gold|10>",
  "sell" : "<silver|300>",
  "stackmax" : 999
}, {
  "id" : 6149,
  "icon" : "mat_149",
  "alt" : "再不斩召唤卡",
  "form" : "召唤卡",
  "category" : 100,
  "quality" : 3,
  "tip" : "积累他的召唤卡，凑齐20个即可召唤。",
  "price" : "<gold|10>",
  "sell" : "<silver|200>",
  "stackmax" : 999
}, {
  "id" : 6150,
  "icon" : "mat_150",
  "alt" : "白召唤卡",
  "form" : "召唤卡",
  "category" : 100,
  "quality" : 3,
  "tip" : "积累他的召唤卡，凑齐20个即可召唤。",
  "price" : "<gold|10>",
  "sell" : "<silver|300>",
  "stackmax" : 999
}, {
  "id" : 6151,
  "icon" : "mat_151",
  "alt" : "鬼童丸召唤卡",
  "form" : "召唤卡",
  "category" : 100,
  "quality" : 3,
  "tip" : "积累他的召唤卡，凑齐20个即可召唤。",
  "price" : "<gold|10>",
  "sell" : "<silver|200>",
  "stackmax" : 999
}, {
  "id" : 6152,
  "icon" : "mat_152",
  "alt" : "多由也召唤卡",
  "form" : "召唤卡",
  "category" : 100,
  "quality" : 3,
  "tip" : "积累他的召唤卡，凑齐20个即可召唤。",
  "price" : "<gold|10>",
  "sell" : "<silver|300>",
  "stackmax" : 999
}, {
  "id" : 6153,
  "icon" : "mat_153",
  "alt" : "左近右近召唤卡",
  "form" : "召唤卡",
  "category" : 100,
  "quality" : 3,
  "tip" : "积累他的召唤卡，凑齐20个即可召唤。",
  "price" : "<gold|10>",
  "sell" : "<silver|200>",
  "stackmax" : 999
}, {
  "id" : 6154,
  "icon" : "mat_154",
  "alt" : "次郎坊召唤卡",
  "form" : "召唤卡",
  "category" : 100,
  "quality" : 3,
  "tip" : "积累他的召唤卡，凑齐20个即可召唤。",
  "price" : "<gold|10>",
  "sell" : "<silver|200>",
  "stackmax" : 999
}, {
  "id" : 6155,
  "icon" : "mat_155",
  "alt" : "君麻吕召唤卡",
  "form" : "召唤卡",
  "category" : 100,
  "quality" : 3,
  "tip" : "积累他的召唤卡，凑齐20个即可召唤。",
  "price" : "<gold|10>",
  "sell" : "<silver|300>",
  "stackmax" : 999
}, {
  "id" : 6156,
  "icon" : "mat_156",
  "alt" : "佐井召唤卡",
  "form" : "召唤卡",
  "category" : 100,
  "quality" : 3,
  "tip" : "积累他的召唤卡，凑齐20个即可召唤。",
  "price" : "<gold|10>",
  "sell" : "<silver|200>",
  "stackmax" : 999
}, {
  "id" : 6157,
  "icon" : "mat_157",
  "alt" : "香磷召唤卡",
  "form" : "召唤卡",
  "category" : 100,
  "quality" : 3,
  "tip" : "积累他的召唤卡，凑齐20个即可召唤。",
  "price" : "<gold|10>",
  "sell" : "<silver|300>",
  "stackmax" : 999
}, {
  "id" : 6158,
  "icon" : "mat_158",
  "alt" : "重吾召唤卡",
  "form" : "召唤卡",
  "category" : 100,
  "quality" : 3,
  "tip" : "积累他的召唤卡，凑齐20个即可召唤。",
  "price" : "<gold|10>",
  "sell" : "<silver|200>",
  "stackmax" : 999
}, {
  "id" : 6159,
  "icon" : "mat_159",
  "alt" : "兜召唤卡",
  "form" : "召唤卡",
  "category" : 100,
  "quality" : 3,
  "tip" : "积累他的召唤卡，凑齐20个即可召唤。",
  "price" : "<gold|10>",
  "sell" : "<silver|300>",
  "stackmax" : 999
}, {
  "id" : 6160,
  "icon" : "mat_160",
  "alt" : "咒印佐助召唤卡",
  "form" : "召唤卡",
  "category" : 100,
  "quality" : 4,
  "tip" : "积累他的召唤卡，凑齐30个即可召唤。",
  "price" : "<gold|10>",
  "sell" : "<silver|200>",
  "stackmax" : 999
}, {
  "id" : 6161,
  "icon" : "mat_161",
  "alt" : "阿斯玛召唤卡",
  "form" : "召唤卡",
  "category" : 100,
  "quality" : 4,
  "tip" : "积累他的召唤卡，凑齐30个即可召唤。",
  "price" : "<gold|10>",
  "sell" : "<silver|200>",
  "stackmax" : 999
}, {
  "id" : 6162,
  "icon" : "mat_162",
  "alt" : "马基召唤卡",
  "form" : "召唤卡",
  "category" : 100,
  "quality" : 4,
  "tip" : "积累他的召唤卡，凑齐30个即可召唤。",
  "price" : "<gold|10>",
  "sell" : "<silver|300>",
  "stackmax" : 999
}, {
  "id" : 6163,
  "icon" : "mat_163",
  "alt" : "千代婆婆召唤卡",
  "form" : "召唤卡",
  "category" : 100,
  "quality" : 4,
  "tip" : "积累他的召唤卡，凑齐30个即可召唤。",
  "price" : "<gold|10>",
  "sell" : "<silver|200>",
  "stackmax" : 999
}, {
  "id" : 6164,
  "icon" : "mat_164",
  "alt" : "飞段召唤卡",
  "form" : "召唤卡",
  "category" : 100,
  "quality" : 4,
  "tip" : "积累他的召唤卡，凑齐30个即可召唤。",
  "price" : "<gold|10>",
  "sell" : "<silver|300>",
  "stackmax" : 999
}, {
  "id" : 6165,
  "icon" : "mat_165",
  "alt" : "角都召唤卡",
  "form" : "召唤卡",
  "category" : 100,
  "quality" : 4,
  "tip" : "积累他的召唤卡，凑齐30个即可召唤。",
  "price" : "<gold|10>",
  "sell" : "<silver|200>",
  "stackmax" : 999
}, {
  "id" : 6166,
  "icon" : "mat_166",
  "alt" : "蝎召唤卡",
  "form" : "召唤卡",
  "category" : 100,
  "quality" : 4,
  "tip" : "积累他的召唤卡，凑齐30个即可召唤。",
  "price" : "<gold|10>",
  "sell" : "<silver|300>",
  "stackmax" : 999
}, {
  "id" : 6167,
  "icon" : "mat_167",
  "alt" : "迪达拉召唤卡",
  "form" : "召唤卡",
  "category" : 100,
  "quality" : 4,
  "tip" : "积累他的召唤卡，凑齐30个即可召唤。",
  "price" : "<gold|10>",
  "sell" : "<silver|200>",
  "stackmax" : 999
}, {
  "id" : 6168,
  "icon" : "mat_168",
  "alt" : "绝召唤卡",
  "form" : "召唤卡",
  "category" : 100,
  "quality" : 4,
  "tip" : "积累他的召唤卡，凑齐30个即可召唤。",
  "price" : "<gold|10>",
  "sell" : "<silver|200>",
  "stackmax" : 999
}, {
  "id" : 6169,
  "icon" : "mat_169",
  "alt" : "鬼鲛召唤卡",
  "form" : "召唤卡",
  "category" : 100,
  "quality" : 4,
  "tip" : "积累他的召唤卡，凑齐30个即可召唤。",
  "price" : "<gold|10>",
  "sell" : "<silver|300>",
  "stackmax" : 999
}, {
  "id" : 6170,
  "icon" : "mat_170",
  "alt" : "半藏召唤卡",
  "form" : "召唤卡",
  "category" : 100,
  "quality" : 4,
  "tip" : "积累他的召唤卡，凑齐30个即可召唤。",
  "price" : "<gold|10>",
  "sell" : "<silver|200>",
  "stackmax" : 999
}, {
  "id" : 6171,
  "icon" : "mat_171",
  "alt" : "青召唤卡",
  "form" : "召唤卡",
  "category" : 100,
  "quality" : 4,
  "tip" : "积累他的召唤卡，凑齐30个即可召唤。",
  "price" : "<gold|10>",
  "sell" : "<silver|300>",
  "stackmax" : 999
}, {
  "id" : 6172,
  "icon" : "mat_172",
  "alt" : "团臧召唤卡",
  "form" : "召唤卡",
  "category" : 100,
  "quality" : 4,
  "tip" : "积累他的召唤卡，凑齐30个即可召唤。",
  "price" : "<gold|10>",
  "sell" : "<silver|200>",
  "stackmax" : 999
}, {
  "id" : 6173,
  "icon" : "mat_173",
  "alt" : "奇拉比召唤卡",
  "form" : "召唤卡",
  "category" : 100,
  "quality" : 5,
  "tip" : "竞技商店可以兑换到。",
  "price" : "<gold|10>",
  "sell" : "<silver|300>",
  "stackmax" : 999
}, {
  "id" : 6174,
  "icon" : "mat_174",
  "alt" : "大蛇·兜召唤卡",
  "form" : "召唤卡",
  "category" : 100,
  "quality" : 5,
  "tip" : "竞技商店可以兑换到。",
  "price" : "<gold|10>",
  "sell" : "<silver|200>",
  "stackmax" : 999
}, {
  "id" : 6175,
  "icon" : "mat_175",
  "alt" : "佩恩召唤卡",
  "form" : "召唤卡",
  "category" : 100,
  "quality" : 5,
  "tip" : "积累他的召唤卡，凑齐70个即可召唤。",
  "price" : "<gold|10>",
  "sell" : "<silver|200>",
  "stackmax" : 999
}, {
  "id" : 6176,
  "icon" : "mat_176",
  "alt" : "仙人·鸣人召唤卡",
  "form" : "召唤卡",
  "category" : 100,
  "quality" : 5,
  "tip" : "积累他的召唤卡，凑齐70个即可召唤。",
  "price" : "<gold|10>",
  "sell" : "<silver|300>",
  "stackmax" : 999
}, {
  "id" : 6177,
  "icon" : "mat_177",
  "alt" : "鼬召唤卡",
  "form" : "召唤卡",
  "category" : 100,
  "quality" : 5,
  "tip" : "忍界商店可以兑换到。",
  "price" : "<gold|10>",
  "sell" : "<silver|200>",
  "stackmax" : 999
}, {
  "id" : 6178,
  "icon" : "mat_178",
  "alt" : "凯召唤卡",
  "form" : "召唤卡",
  "category" : 100,
  "quality" : 5,
  "tip" : "忍界商店可以兑换到。",
  "price" : "<gold|10>",
  "sell" : "<silver|300>",
  "stackmax" : 999
}, {
  "id" : 6179,
  "icon" : "mat_179",
  "alt" : "银角召唤卡",
  "form" : "召唤卡",
  "category" : 100,
  "quality" : 5,
  "tip" : "积累他的召唤卡，凑齐70个即可召唤。",
  "price" : "<gold|10>",
  "sell" : "<silver|200>",
  "stackmax" : 999
}, {
  "id" : 6180,
  "icon" : "mat_180",
  "alt" : "金角召唤卡",
  "form" : "召唤卡",
  "category" : 100,
  "quality" : 5,
  "tip" : "积累他的召唤卡，凑齐70个即可召唤。",
  "price" : "<gold|10>",
  "sell" : "<silver|300>",
  "stackmax" : 999
}, {
  "id" : 6181,
  "icon" : "mat_181",
  "alt" : "四代风影召唤卡",
  "form" : "召唤卡",
  "category" : 100,
  "quality" : 5,
  "tip" : "积累他的召唤卡，凑齐70个即可召唤。",
  "price" : "<gold|10>",
  "sell" : "<silver|200>",
  "stackmax" : 999
}, {
  "id" : 6182,
  "icon" : "mat_182",
  "alt" : "三代雷影召唤卡",
  "form" : "召唤卡",
  "category" : 100,
  "quality" : 5,
  "tip" : "积累他的召唤卡，凑齐70个即可召唤。",
  "price" : "<gold|10>",
  "sell" : "<silver|200>",
  "stackmax" : 999
}, {
  "id" : 6183,
  "icon" : "mat_183",
  "alt" : "纲手召唤卡",
  "form" : "召唤卡",
  "category" : 100,
  "quality" : 5,
  "tip" : "积累他的召唤卡，凑齐70个即可召唤。",
  "price" : "<gold|10>",
  "sell" : "<silver|300>",
  "stackmax" : 999
}, {
  "id" : 6184,
  "icon" : "mat_184",
  "alt" : "自来也召唤卡",
  "form" : "召唤卡",
  "category" : 100,
  "quality" : 5,
  "tip" : "积累他的召唤卡，凑齐70个即可召唤。",
  "price" : "<gold|10>",
  "sell" : "<silver|200>",
  "stackmax" : 999
}, {
  "id" : 6185,
  "icon" : "mat_185",
  "alt" : "照美冥召唤卡",
  "form" : "召唤卡",
  "category" : 100,
  "quality" : 5,
  "tip" : "积累他的召唤卡，凑齐70个即可召唤。",
  "price" : "<gold|10>",
  "sell" : "<silver|300>",
  "stackmax" : 999
}, {
  "id" : 6186,
  "icon" : "mat_186",
  "alt" : "大野木召唤卡",
  "form" : "召唤卡",
  "category" : 100,
  "quality" : 5,
  "tip" : "积累他的召唤卡，凑齐70个即可召唤。",
  "price" : "<gold|10>",
  "sell" : "<silver|200>",
  "stackmax" : 999
}, {
  "id" : 6187,
  "icon" : "mat_187",
  "alt" : "艾召唤卡",
  "form" : "召唤卡",
  "category" : 100,
  "quality" : 5,
  "tip" : "积累他的召唤卡，凑齐70个即可召唤。",
  "price" : "<gold|10>",
  "sell" : "<silver|300>",
  "stackmax" : 999
}, {
  "id" : 6188,
  "icon" : "mat_188",
  "alt" : "无召唤卡",
  "form" : "召唤卡",
  "category" : 100,
  "quality" : 5,
  "tip" : "积累他的召唤卡，凑齐70个即可召唤。",
  "price" : "<gold|10>",
  "sell" : "<silver|200>",
  "stackmax" : 999
}, {
  "id" : 6189,
  "icon" : "mat_189",
  "alt" : "二代水影召唤卡",
  "form" : "召唤卡",
  "category" : 100,
  "quality" : 5,
  "tip" : "积累他的召唤卡，凑齐70个即可召唤。",
  "price" : "<gold|10>",
  "sell" : "<silver|200>",
  "stackmax" : 999
}, {
  "id" : 6190,
  "icon" : "mat_190",
  "alt" : "风影我爱罗召唤卡",
  "form" : "召唤卡",
  "category" : 100,
  "quality" : 5,
  "tip" : "积累他的召唤卡，凑齐70个即可召唤。",
  "price" : "<gold|10>",
  "sell" : "<silver|300>",
  "stackmax" : 999
}, {
  "id" : 6191,
  "icon" : "mat_191",
  "alt" : "带土召唤卡",
  "form" : "召唤卡",
  "category" : 100,
  "quality" : 5,
  "tip" : "积累他的召唤卡，凑齐70个即可召唤。",
  "price" : "<gold|10>",
  "sell" : "<silver|200>",
  "stackmax" : 999
}, {
  "id" : 6192,
  "icon" : "mat_192",
  "alt" : "水门召唤卡",
  "form" : "召唤卡",
  "category" : 100,
  "quality" : 6,
  "tip" : "只有活动中会偶尔出现他的踪影。",
  "price" : "<gold|10>",
  "sell" : "<silver|300>",
  "stackmax" : 999
}, {
  "id" : 6193,
  "icon" : "mat_193",
  "alt" : "三代火影召唤卡",
  "form" : "召唤卡",
  "category" : 100,
  "quality" : 6,
  "tip" : "只有活动中会偶尔出现他的踪影。",
  "price" : "<gold|10>",
  "sell" : "<silver|200>",
  "stackmax" : 999
}, {
  "id" : 6194,
  "icon" : "mat_194",
  "alt" : "扉间召唤卡",
  "form" : "召唤卡",
  "category" : 100,
  "quality" : 6,
  "tip" : "只有活动中会偶尔出现他的踪影。",
  "price" : "<gold|10>",
  "sell" : "<silver|300>",
  "stackmax" : 999
}, {
  "id" : 6195,
  "icon" : "mat_195",
  "alt" : "六道·带土召唤卡",
  "form" : "召唤卡",
  "category" : 100,
  "quality" : 6,
  "tip" : "只有活动中会偶尔出现他的踪影。",
  "price" : "<gold|10>",
  "sell" : "<silver|200>",
  "stackmax" : 999
}, {
  "id" : 6196,
  "icon" : "mat_196",
  "alt" : "万花筒佐助召唤卡",
  "form" : "召唤卡",
  "category" : 100,
  "quality" : 6,
  "tip" : "只有活动中会偶尔出现他的踪影。",
  "price" : "<gold|10>",
  "sell" : "<silver|200>",
  "stackmax" : 999
}, {
  "id" : 6197,
  "icon" : "mat_197",
  "alt" : "九尾·鸣人召唤卡",
  "form" : "召唤卡",
  "category" : 100,
  "quality" : 6,
  "tip" : "只有活动中会偶尔出现他的踪影。",
  "price" : "<gold|10>",
  "sell" : "<silver|300>",
  "stackmax" : 999
}, {
  "id" : 6198,
  "icon" : "mat_198",
  "alt" : "六道·斑召唤卡",
  "form" : "召唤卡",
  "category" : 100,
  "quality" : 6,
  "tip" : "只有活动中会偶尔出现他的踪影。",
  "price" : "<gold|10>",
  "sell" : "<silver|200>",
  "stackmax" : 999
} ]