[ {
  "name1" : "神风",
  "name2" : "的",
  "name3" : "白",
  "name4" : "光",
  "name5" : "丸"
}, {
  "name1" : "无敌",
  "name2" : "之",
  "name3" : "赤",
  "name4" : "风",
  "name5" : "镇"
}, {
  "name1" : "神隐",
  "name2" : "の",
  "name3" : "橙",
  "name4" : "水",
  "name5" : "村"
}, {
  "name1" : "鬼隐",
  "name2" : "·",
  "name3" : "红",
  "name4" : "雷",
  "name5" : "堡"
}, {
  "name1" : "绝命",
  "name2" : "超",
  "name3" : "绿",
  "name4" : "云",
  "name5" : "寨"
}, {
  "name1" : "精准",
  "name2" : "十",
  "name3" : "蓝",
  "name4" : "土",
  "name5" : "城"
}, {
  "name1" : "传世",
  "name2" : "极",
  "name3" : "紫",
  "name4" : "雾",
  "name5" : "邦"
}, {
  "name1" : "幽暗",
  "name2" : "多",
  "name3" : "灰",
  "name4" : "冰",
  "name5" : "乡"
}, {
  "name1" : "破风",
  "name2" : "纯",
  "name3" : "黑",
  "name4" : "虹",
  "name5" : "湖"
}, {
  "name1" : "苍狼",
  "name2" : "生",
  "name3" : "暗",
  "name4" : "雪",
  "name5" : "山"
}, {
  "name1" : "狂暴",
  "name2" : "苍",
  "name3" : "黄",
  "name4" : "月",
  "name5" : "海"
}, {
  "name1" : "暗月",
  "name2" : "绯",
  "name3" : "褐",
  "name4" : "木",
  "name5" : "影"
}, {
  "name1" : "销魂",
  "name2" : "青",
  "name3" : "橘",
  "name4" : "石",
  "name5" : "叶"
}, {
  "name1" : "神灵",
  "name2" : "酷",
  "name3" : "一",
  "name4" : "火",
  "name5" : "轮"
}, {
  "name1" : "魂魄",
  "name2" : "炫",
  "name3" : "二",
  "name4" : "剑",
  "name5" : "森"
}, {
  "name1" : "疯狂",
  "name2" : "国",
  "name3" : "三",
  "name4" : "灵",
  "name5" : "豆"
}, {
  "name1" : "寒冰",
  "name2" : "州",
  "name3" : "四",
  "name4" : "天",
  "name5" : "寺"
}, {
  "name1" : "荣耀",
  "name3" : "五",
  "name4" : "井",
  "name5" : "院"
}, {
  "name1" : "奇迹",
  "name3" : "六",
  "name4" : "花"
}, {
  "name1" : "晴空",
  "name3" : "七"
} ]