[ {
  "id" : 1,
  "types" : "1",
  "name" : "壮大忍者村每日领好礼",
  "detail" : "1、初级抓取次数",
  "content" : "　　活动时间：{0}-{1}\n　　活动内容：活动期间内，每日在忍者屋累计完成10次初级抓取即可领取奖励，每日限领1次\n      活动奖励：秘银*1，银块*2",
  "values" : "10",
  "item" : "<6006;1><6001;2>",
  "send" : 1,
  "mailText" : "3071",
  "oldOpen" : 2
}, {
  "id" : 2,
  "types" : "1",
  "name" : "壮大忍者村每日领好礼",
  "detail" : "1、初级抓取次数",
  "content" : "　　活动时间：{0}-{1}\n　　活动内容：活动期间内，每日在忍者屋累计完成10次初级抓取即可领取奖励，每日限领1次\n      活动奖励：秘银*1，银块*2",
  "values" : "10",
  "item" : "<6006;1><6001;2>",
  "send" : 1,
  "mailText" : "3071",
  "oldOpen" : 2
}, {
  "id" : 3,
  "types" : "1",
  "name" : "壮大忍者村每日领好礼",
  "detail" : "1、初级抓取次数",
  "content" : "　　活动时间：{0}-{1}\n　　活动内容：活动期间内，每日在忍者屋累计完成10次初级抓取即可领取奖励，每日限领1次\n      活动奖励：秘银*1，银块*2",
  "values" : "10",
  "item" : "<6006;1><6001;2>",
  "send" : 1,
  "mailText" : "3071",
  "oldOpen" : 2
}, {
  "id" : 4,
  "types" : "1",
  "name" : "壮大忍者村每日领好礼",
  "detail" : "1、初级抓取次数",
  "content" : "　　活动时间：{0}-{1}\n　　活动内容：活动期间内，每日在忍者屋累计完成10次初级抓取即可领取奖励，每日限领1次\n      活动奖励：秘银*1，银块*2",
  "values" : "10",
  "item" : "<6006;1><6001;2>",
  "send" : 1,
  "mailText" : "3071",
  "oldOpen" : 2
}, {
  "id" : 5,
  "types" : "1",
  "name" : "壮大忍者村每日领好礼",
  "detail" : "1、初级抓取次数",
  "content" : "　　活动时间：{0}-{1}\n　　活动内容：活动期间内，每日在忍者屋累计完成10次初级抓取即可领取奖励，每日限领1次\n      活动奖励：秘银*1，银块*2",
  "values" : "10",
  "item" : "<6006;1><6001;2>",
  "send" : 1,
  "mailText" : "3071",
  "oldOpen" : 2
}, {
  "id" : 6,
  "types" : "1",
  "name" : "壮大忍者村每日领好礼",
  "detail" : "1、初级抓取次数",
  "content" : "　　活动时间：{0}-{1}\n　　活动内容：活动期间内，每日在忍者屋累计完成10次初级抓取即可领取奖励，每日限领1次\n      活动奖励：秘银*1，银块*2",
  "values" : "10",
  "item" : "<6006;1><6001;2>",
  "send" : 1,
  "mailText" : "3071",
  "oldOpen" : 2
}, {
  "id" : 7,
  "types" : "1",
  "name" : "壮大忍者村每日领好礼",
  "detail" : "1、初级抓取次数",
  "content" : "　　活动时间：{0}-{1}\n　　活动内容：活动期间内，每日在忍者屋累计完成10次初级抓取即可领取奖励，每日限领1次\n      活动奖励：秘银*1，银块*2",
  "values" : "10",
  "item" : "<6006;1><6001;2>",
  "send" : 1,
  "mailText" : "3071",
  "oldOpen" : 2
}, {
  "id" : 8,
  "types" : "2",
  "name" : "S级忍者招募令",
  "detail" : "2、高级抓取次数",
  "content" : "　　活动时间：{0}-{1}\n　　活动内容：活动期间内，在忍者屋完成1次高级抓取（单抓）（每日限1次）\n　　活动奖励：100金币、A级忍者卡片箱*5",
  "values" : "1",
  "item" : "<gold;100><5072;5>",
  "send" : 1,
  "mailText" : "3072"
}, {
  "id" : 9,
  "types" : "3",
  "name" : "十连抽返利",
  "detail" : "3、十连抓次数",
  "content" : "　　活动时间：{0}-{1}\n　　活动内容：活动期间内每次进行金币十连抽可获得指定奖励。\n      此活动奖励将在满足领奖条件时通过系统邮件形式发送，请注意查收。",
  "values" : "3",
  "item" : "<5383;5><5382;1>",
  "send" : 1,
  "mailText" : "3073",
  "oldOpen" : 1
}, {
  "id" : 10,
  "types" : "4",
  "detail" : "4、S级以上忍者加倍"
}, {
  "id" : 11,
  "types" : "5",
  "detail" : "5、忍术初级修炼N次"
}, {
  "id" : 12,
  "types" : "6",
  "name" : "忍术学费半价优惠",
  "detail" : "6、忍术高级修炼N次",
  "content" : "　　活动时间：{0}-{1}\n　　活动内容：活动期间内，在忍术学校累计完成2次高级修炼\n　　活动奖励：298金币",
  "values" : "2",
  "item" : "<gold;298>",
  "send" : 1,
  "mailText" : "3075"
}, {
  "id" : 13,
  "types" : "7",
  "detail" : "7、忍术初级修炼得道高级技能几率加倍"
}, {
  "id" : 14,
  "types" : "8",
  "detail" : "8、忍术高级修炼得道S级以上技能几率加倍"
}, {
  "id" : 15,
  "types" : "9",
  "detail" : "9、打劫银币数量加倍"
}, {
  "id" : 16,
  "types" : "10",
  "name" : "一乐拉面神秘打劫事件",
  "detail" : "10、打劫N次",
  "content" : "　　活动时间：{0}-{1}\n　　活动内容：活动期间内，完成6次打劫（每日限领1次）\n　　活动奖励：50金币、洗练石*5",
  "values" : "6",
  "item" : "<energy;50><6011;5>",
  "send" : 1,
  "mailText" : "3076"
}, {
  "id" : 17,
  "types" : "11",
  "name" : "夺宝福利大放送",
  "detail" : "11、完成N次夺宝",
  "content" : "　　活动时间：{0}-{1}\n　　活动内容：活动期间内，完成5次夺宝获得奖励\n　　活动奖励：20体力、洗练石*5",
  "values" : "5",
  "item" : "<energy;20><6011;5>",
  "send" : 1,
  "mailText" : "3077"
}, {
  "id" : 18,
  "types" : "12",
  "name" : "通灵兽快到碗里来！",
  "detail" : "12、完成N次通灵修炼",
  "content" : "　　活动时间：{0}-{1}\n　　活动内容：活动期间内，在通灵学院完成1次高级修炼\n　　活动奖励：100体力",
  "values" : "1",
  "item" : "<energy;100>",
  "send" : 1,
  "mailText" : "3078"
}, {
  "id" : 19,
  "types" : "13",
  "name" : "最强忍者争夺赛",
  "detail" : "13、活动结束后竞技场排名xx至xx名",
  "content" : "      活动时间：{0}-{1}\n　　活动内容：{1}将结算竞技场排名，并按照排名获得相应奖励。奖励将通过游戏内邮件形式发放，请注意查收。\n　　活动奖励：\n          　　第1名：天之秘籍*2、装备洗练石*5\n          　　第2—5名：天之秘籍*1、装备洗练石*3\n          　　第6—10名：天之秘籍*1\n          　　第11—20名：地之秘籍*3\n          　　第21—100名：地之秘籍*1",
  "values" : "1;5;10;20;100",
  "item" : "<5084;2><6011;5>,<5084;1><6011;3>,<5084;1>,<5083;3>,<5083;1>",
  "send" : 1,
  "mailText" : "3079"
}, {
  "id" : 20,
  "types" : "14",
  "name" : "来！战个痛快！",
  "detail" : "14、进行x场竞技场战斗",
  "content" : "　　活动时间：{0}-{1}\n　　活动内容：活动期间内，每日在竞技场进行10场战斗即可领取奖励，每日限领1次\n      活动奖励：术之秘籍*10",
  "values" : "10",
  "item" : "<5081;10>",
  "send" : 1,
  "mailText" : "3080",
  "oldOpen" : 2
}, {
  "id" : 21,
  "types" : "15",
  "detail" : "15、上忍考试掉落几率加倍"
}, {
  "id" : 22,
  "types" : "16",
  "detail" : "16、上忍考试经验和银币获得加倍"
}, {
  "id" : 23,
  "types" : "17",
  "name" : "上忍通关赢疯狂好礼",
  "detail" : "17、上忍考试超过xx关",
  "content" : "　　活动时间：永久有效\n　　活动内容：在上忍考试中通过特定层数即可领取相应奖励，每档奖励仅限领取一次。\n　　活动奖励：\n　　　　通过15关：银币5000\n　　　　通过20关：术之秘籍*5\n　　　　通过25关：20金币\n　　　　通过30关：B级装备箱*1\n　　　　通过35关：B级忍术卷轴*10\n　　　　通过40关：50体力\n　　　　通过45关：忍之秘籍*5\n　　　　通过50关：50金币\n　　　　通过55关：装备洗练石*20\n　　　　通过60关：A级装备箱*1\n　　　　通过65关：A级忍术卷轴*10\n　　　　通过70关：S级忍术卷轴*10\n　　　　通过75关：金块*5\n　　　　通过80关：地之秘籍*5\n　　　　通过85关：远古黑铁*5\n　　　　通过90关：洗练石*100\n　　　　通过95关：天之秘籍*10\n　　　　通过100关：六道舍利*10",
  "values" : "15;20;25;30;35;40;45;50;55;60;65;70;75;80;85;90;95;100",
  "item" : "<silver;5000>,<5081;5>,<gold;20>,<5053;1>,<5061;10>,<energy;50>,<5082;5>,<gold;50>,<6011;20>,<5054;1>,<5062;10>,<5063;10>,<6002;5>,<5083;5>,<6008;5>,<6011;100>,<5084;10>,<6010;10>",
  "send" : 1,
  "mailText" : "3081"
}, {
  "id" : 24,
  "types" : "18",
  "name" : "事半功倍拿忍者",
  "detail" : "18、进行N次尾兽注力",
  "content" : "　　活动时间：{0}-{1}\n　　活动内容：活动期间内，在影忍堂战斗所消耗体力减半",
  "values" : "0.5"
}, {
  "id" : 25,
  "types" : "19",
  "detail" : "19、集会所银币奖励加倍"
}, {
  "id" : 26,
  "types" : "20",
  "detail" : "20、集会所完成N个悬赏任务"
}, {
  "id" : 27,
  "types" : "21",
  "detail" : "21、影忍堂每次战斗消耗的体力减半"
}, {
  "id" : 28,
  "types" : "22",
  "detail" : "22、普通推图战斗，经验和银币奖励加倍"
}, {
  "id" : 29,
  "types" : "23",
  "detail" : "23、强化不增加冷却时间"
}, {
  "id" : 30,
  "types" : "24",
  "detail" : "24、冲值超过xx金币"
}, {
  "id" : 31,
  "types" : "25",
  "name" : "SS级忍者横空出世！",
  "detail" : "25、冲值活动结束后冲值第x名至第x名可获得某道具",
  "content" : "　　活动时间：{0}-{1}\n　　活动内容：\n　　截止活动结束，本服累计充值前10名获得超级大奖\n　　\n　　第1名：S级忍者带土*1、SS级斑兑换卡*50\n　　第2-3名：S级忍者带土*1、SS级斑兑换卡*30\n　　第4-10名：A级忍者箱*1（随机获得一名A级忍者）、SS级斑兑换卡*10\n　　\n　　活动期间玩家充值将计入充值排行榜，活动结束后将根据最终排名发奖。",
  "values" : "1;3;10",
  "item" : "<98;1><6123;50>,<98;1><6123;30>,<5094;1><6123;10>",
  "send" : 1,
  "mailText" : "3085",
  "oldOpen" : 1
}, {
  "id" : 32,
  "types" : "26",
  "name" : "元旦每日送好礼",
  "detail" : "26、登陆即可获得某道具",
  "content" : "　　活动时间：2015年1月1日至1月5日\n　　活动内容：为感谢玩家的厚爱，元旦期间每日登陆游戏将获得一份元旦登陆奖励。\n　　活动奖励：\n　　　　1月1日：B级忍者卡片箱*3、20体力\n　　　　1月2日：术之秘籍*5、20体力\n　　　　1月3日：尾兽查克拉袋*2、20体力\n　　　　1月4日：A级忍者卡片箱*5、20体力\n　　　　1月5日：洗练石*3、20体力",
  "values" : "1",
  "item" : "<5071;3><energy;20>",
  "send" : 1,
  "mailText" : "3086"
}, {
  "id" : 33,
  "types" : "27",
  "name" : "尾兽之怒1",
  "detail" : "27、尾兽之怒",
  "values" : "7000",
  "item" : "10;50;100;500;1000;5000;999999,50;40;35;25;20;15;10"
}, {
  "id" : 34,
  "types" : "27",
  "name" : "尾兽之怒2",
  "detail" : "28、尾兽之怒",
  "values" : "7001",
  "item" : "10;50;100;500;1000;5000;999999,50;40;35;25;20;15;10"
}, {
  "id" : 35,
  "types" : "27",
  "name" : "尾兽之怒3",
  "detail" : "29、尾兽之怒",
  "values" : "7002",
  "item" : "10;50;100;500;1000;5000;999999,50;40;35;25;20;15;10"
}, {
  "id" : 36,
  "types" : "27",
  "name" : "尾兽之怒4",
  "detail" : "30、尾兽之怒",
  "values" : "7003",
  "item" : "10;50;100;500;1000;5000;999999,50;40;35;25;20;15;10"
}, {
  "id" : 37,
  "types" : "27",
  "name" : "尾兽之怒5",
  "detail" : "31、尾兽之怒",
  "values" : "7004",
  "item" : "10;50;100;500;1000;5000;999999,50;40;35;25;20;15;10"
}, {
  "id" : 38,
  "types" : "27",
  "name" : "尾兽之怒6",
  "detail" : "32、尾兽之怒",
  "values" : "7005",
  "item" : "10;50;100;500;1000;5000;999999,50;40;35;25;20;15;10"
}, {
  "id" : 39,
  "types" : "27",
  "name" : "尾兽之怒7",
  "detail" : "33、尾兽之怒",
  "values" : "7006",
  "item" : "10;50;100;500;1000;5000;999999,50;40;35;25;20;15;10"
}, {
  "id" : 40,
  "types" : "27",
  "name" : "尾兽之怒8",
  "detail" : "34、尾兽之怒",
  "values" : "7007",
  "item" : "10;50;100;500;1000;5000;999999,50;40;35;25;20;15;10"
}, {
  "id" : 41,
  "types" : "27",
  "name" : "尾兽之怒9",
  "detail" : "35、尾兽之怒",
  "values" : "7008",
  "item" : "10;50;100;500;1000;5000;999999,50;40;35;25;20;15;10"
}, {
  "id" : 42,
  "types" : "28",
  "name" : "惊爆！十连抓5折！！",
  "content" : "　　活动时间：{0}-{1}\n　　活动内容：活动期间，在忍者屋进行十连抓的价格为5折优惠！一次十连抓仅需1490金币！",
  "values" : "0.5"
}, {
  "id" : 43,
  "types" : "29"
}, {
  "id" : 44,
  "types" : "30",
  "name" : "限时抽忍者",
  "detail" : "30、抓忍者活动",
  "content" : "活动时间：{0}-{1}\n活动内容：\n1、高级抓取298积分，十连抓2980积分，低级抓取不积分\n2、达到3000积分进入排行榜，根据积分从高到低来排名\n3、排行榜显示前10名的积分，最终前10名用户获得奖励\n活动奖励：\n第一名：获得万花筒佐助*1、A级忍者箱*15\n第二名：获得万花筒佐助*1、A级忍者箱*10\n第三名：获得万花筒佐助*1、A级忍者箱*5\n第四——六名：获得S级忍者箱*2\n第七——十名：S级忍者箱*1",
  "values" : "1;2;3;6;10",
  "item" : "<105;1><5094;15>,<105;1><5094;10>,<105;1><5094;5>,<5095;2>,<5095;1>",
  "send" : 1,
  "mailText" : "6175"
}, {
  "id" : 45,
  "types" : "31",
  "name" : "军团战1",
  "detail" : "31、军团战"
}, {
  "id" : 46,
  "types" : "31",
  "name" : "军团战1",
  "detail" : "31、军团战"
}, {
  "id" : 47,
  "types" : "31",
  "name" : "军团战1",
  "detail" : "31、军团战"
}, {
  "id" : 48,
  "types" : "31",
  "name" : "军团战1",
  "detail" : "31、军团战"
}, {
  "id" : 49,
  "types" : "31",
  "name" : "军团战1",
  "detail" : "31、军团战"
}, {
  "id" : 50,
  "types" : "31",
  "name" : "军团战1",
  "detail" : "31、军团战"
}, {
  "id" : 51,
  "types" : "31",
  "name" : "军团战1",
  "detail" : "31、军团战"
}, {
  "id" : 1000,
  "types" : "2",
  "name" : "S级忍者招募令",
  "detail" : "2、高级抓取次数",
  "content" : "　　活动时间：{0}-{1}\n　　活动内容：活动期间内，在忍者屋完成2次高级抓取（单抓）（每日限2次）\n　　活动奖励：233金币、洗练石*5",
  "values" : "2",
  "item" : "<gold;233><6011;5>",
  "send" : 1,
  "mailText" : "3072"
}, {
  "id" : 1001,
  "types" : "2",
  "name" : "S级忍者招募令",
  "detail" : "2、高级抓取次数",
  "content" : "　　活动时间：{0}-{1}\n　　活动内容：活动期间内，在忍者屋完成2次高级抓取（单抓）（每日限2次）\n　　活动奖励：233金币、S级忍者卡片箱*5",
  "values" : "2",
  "item" : "<gold;233><5073;5>",
  "send" : 1,
  "mailText" : "3072"
}, {
  "id" : 1002,
  "types" : "2",
  "name" : "S级忍者招募令",
  "detail" : "2、高级抓取次数",
  "content" : "　　活动时间：{0}-{1}\n　　活动内容：活动期间内，在忍者屋完成2次高级抓取（单抓）（每日限2次）\n　　活动奖励：233金币、白银宝箱*5",
  "values" : "2",
  "item" : "<gold;233><5422;5>",
  "send" : 1,
  "mailText" : "3072"
}, {
  "id" : 1003,
  "types" : "2",
  "name" : "S级忍者招募令",
  "detail" : "2、高级抓取次数",
  "content" : "　　活动时间：{0}-{1}\n　　活动内容：活动期间内，在忍者屋完成2次高级抓取（单抓）（每日限2次）\n　　活动奖励：233金币、银块*5",
  "values" : "2",
  "item" : "<gold;233><6001;5>",
  "send" : 1,
  "mailText" : "3072"
}, {
  "id" : 1004,
  "types" : "2",
  "name" : "S级忍者招募令",
  "detail" : "2、高级抓取次数",
  "content" : "　　活动时间：{0}-{1}\n　　活动内容：活动期间内，在忍者屋完成2次高级抓取（单抓）（每日限2次）\n　　活动奖励：233金币、高级经验丹*5",
  "values" : "2",
  "item" : "<gold;233><5426;5>",
  "send" : 1,
  "mailText" : "3072"
}, {
  "id" : 1005,
  "types" : "2",
  "name" : "S级忍者招募令",
  "detail" : "2、高级抓取次数",
  "content" : "　　活动时间：{0}-{1}\n　　活动内容：活动期间内，在忍者屋完成2次高级抓取（单抓）（每日限2次）\n　　活动奖励：233金币、A级忍术卷轴*5",
  "values" : "2",
  "item" : "<gold;233><5062;5>",
  "send" : 1,
  "mailText" : "3072"
}, {
  "id" : 1006,
  "types" : "2",
  "name" : "S级忍者招募令",
  "detail" : "2、高级抓取次数",
  "content" : "　　活动时间：{0}-{1}\n　　活动内容：活动期间内，在忍者屋完成2次高级抓取（单抓）（每日限2次）\n　　活动奖励：233金币、体力福袋*2",
  "values" : "2",
  "item" : "<gold;233><5060;2>",
  "send" : 1,
  "mailText" : "3072"
}, {
  "id" : 1007,
  "types" : "2",
  "name" : "S级忍者招募令",
  "detail" : "2、高级抓取次数",
  "content" : "　　活动时间：{0}-{1}\n　　活动内容：活动期间内，在忍者屋完成2次高级抓取（单抓）（每日限2次）\n　　活动奖励：233金币、秘银*5",
  "values" : "2",
  "item" : "<gold;233><6006;2>",
  "send" : 1,
  "mailText" : "3072"
}, {
  "id" : 1008,
  "types" : "2",
  "name" : "S级忍者招募令",
  "detail" : "2、高级抓取次数",
  "content" : "　　活动时间：{0}-{1}\n　　活动内容：活动期间内，在忍者屋完成2次高级抓取（单抓）（每日限2次）\n　　活动奖励：233金币、A级装备箱*1",
  "values" : "2",
  "item" : "<gold;233><5054;1>",
  "send" : 1,
  "mailText" : "3072"
}, {
  "id" : 2000,
  "types" : "3",
  "name" : "十连抽返利",
  "detail" : "3、十连抓次数",
  "content" : "　　活动时间：{0}-{1}\n　　活动内容：活动期间内每次进行金币十连抽可获得指定奖励。\n      活动奖励：洗练石*10、特级经验丹*10",
  "values" : "1",
  "item" : "<6011;10><5427;10>",
  "send" : 1,
  "mailText" : "3073"
}, {
  "id" : 2001,
  "types" : "3",
  "name" : "十连抽返利",
  "detail" : "3、十连抓次数",
  "content" : "　　活动时间：{0}-{1}\n　　活动内容：活动期间内每次进行金币十连抽可获得指定奖励。\n      活动奖励：S级忍者卡片箱*10、特级经验丹*10",
  "values" : "1",
  "item" : "<5073;10><5427;10>",
  "send" : 1,
  "mailText" : "3073"
}, {
  "id" : 2002,
  "types" : "3",
  "name" : "十连抽返利",
  "detail" : "3、十连抓次数",
  "content" : "　　活动时间：{0}-{1}\n　　活动内容：活动期间内每次进行金币十连抽可获得指定奖励。\n      活动奖励：白银宝箱*10、特级经验丹*10",
  "values" : "1",
  "item" : "<5422;10><5427;10>",
  "send" : 1,
  "mailText" : "3073"
}, {
  "id" : 2003,
  "types" : "3",
  "name" : "十连抽返利",
  "detail" : "3、十连抓次数",
  "content" : "　　活动时间：{0}-{1}\n　　活动内容：活动期间内每次进行金币十连抽可获得指定奖励。\n      活动奖励：银块*10、特级经验丹*10",
  "values" : "1",
  "item" : "<6001;10><5427;10>",
  "send" : 1,
  "mailText" : "3073"
}, {
  "id" : 2004,
  "types" : "3",
  "name" : "十连抽返利",
  "detail" : "3、十连抓次数",
  "content" : "　　活动时间：{0}-{1}\n　　活动内容：活动期间内每次进行金币十连抽可获得指定奖励。\n      活动奖励：高级经验丹*10、特级经验丹*10",
  "values" : "1",
  "item" : "<5426;10><5427;10>",
  "send" : 1,
  "mailText" : "3073"
}, {
  "id" : 2005,
  "types" : "3",
  "name" : "十连抽返利",
  "detail" : "3、十连抓次数",
  "content" : "　　活动时间：{0}-{1}\n　　活动内容：活动期间内每次进行金币十连抽可获得指定奖励。\n      活动奖励：A级忍术卷轴*10、特级经验丹*10",
  "values" : "1",
  "item" : "<5062;10><5427;10>",
  "send" : 1,
  "mailText" : "3073"
}, {
  "id" : 2006,
  "types" : "3",
  "name" : "十连抽返利",
  "detail" : "3、十连抓次数",
  "content" : "　　活动时间：{0}-{1}\n　　活动内容：活动期间内每次进行金币十连抽可获得指定奖励。\n      活动奖励：体力福袋*4、特级经验丹*10",
  "values" : "1",
  "item" : "<5060;4><5427;10>",
  "send" : 1,
  "mailText" : "3073"
}, {
  "id" : 2007,
  "types" : "3",
  "name" : "十连抽返利",
  "detail" : "3、十连抓次数",
  "content" : "　　活动时间：{0}-{1}\n　　活动内容：活动期间内每次进行金币十连抽可获得指定奖励。\n      活动奖励：秘银*10、特级经验丹*10",
  "values" : "1",
  "item" : "<6006;10><5427;10>",
  "send" : 1,
  "mailText" : "3073"
}, {
  "id" : 2008,
  "types" : "3",
  "name" : "十连抽返利",
  "detail" : "3、十连抓次数",
  "content" : "　　活动时间：{0}-{1}\n　　活动内容：活动期间内每次进行金币十连抽可获得指定奖励。\n      活动奖励：A级装备箱*2、特级经验丹*10",
  "values" : "1",
  "item" : "<5054;2><5427;10>",
  "send" : 1,
  "mailText" : "3073"
}, {
  "id" : 2009,
  "types" : "3",
  "name" : "十连抽换SS六道·带土！",
  "detail" : "3、十连抓次数",
  "content" : "　　活动时间：{0}-{1}\n　　活动内容：元旦期间，在忍者屋每进行1次十连抓可获得2张SS级“六道·带土兑换卡”！100张斑兑换卡可在忍者兑换界面兑换SS级忍者“六道·带土”！",
  "values" : "1",
  "item" : "<6195;2>",
  "send" : 1,
  "mailText" : "3073"
}, {
  "id" : 2010,
  "types" : "3",
  "name" : "十连抽换SS九尾·鸣人！",
  "detail" : "4、十连抓次数",
  "content" : "　　活动时间：{0}-{1}\n　　活动内容：元旦期间，在忍者屋每进行1次十连抓可获得2张SS级“九尾·鸣人兑换卡”！100张斑兑换卡可在忍者兑换界面兑换SS级忍者“九尾·鸣人”！",
  "values" : "1",
  "item" : "<6197;2>",
  "send" : 1,
  "mailText" : "3073"
}, {
  "id" : 2011,
  "types" : "3",
  "name" : "十连抽换SS六道·斑！",
  "detail" : "5、十连抓次数",
  "content" : "　　活动时间：{0}-{1}\n　　活动内容：元旦期间，在忍者屋每进行1次十连抓可获得2张SS级“六道·斑兑换卡”！100张斑兑换卡可在忍者兑换界面兑换SS级忍者“六道·斑”！",
  "values" : "1",
  "item" : "<6198;2>",
  "send" : 1,
  "mailText" : "3073"
}, {
  "id" : 3000,
  "types" : "10",
  "name" : "一乐拉面神秘打劫事件",
  "detail" : "10、打劫N次",
  "content" : "　　活动时间：{0}-{1}\n　　活动内容：活动期间内，完成6次打劫（每日限领1次）\n　　活动奖励：50金币",
  "values" : "6",
  "item" : "<gold;50>",
  "send" : 1,
  "mailText" : "3076"
}, {
  "id" : 3001,
  "types" : "10",
  "name" : "一乐拉面神秘打劫事件",
  "detail" : "10、打劫N次",
  "content" : "　　活动时间：{0}-{1}\n　　活动内容：活动期间内，完成6次打劫（每日限领1次）\n　　活动奖励：50体力",
  "values" : "6",
  "item" : "<energy;50>",
  "send" : 1,
  "mailText" : "3076"
}, {
  "id" : 3002,
  "types" : "10",
  "name" : "一乐拉面神秘打劫事件",
  "detail" : "10、打劫N次",
  "content" : "　　活动时间：{0}-{1}\n　　活动内容：活动期间内，完成6次打劫（每日限领1次）\n　　活动奖励：50金币",
  "values" : "6",
  "item" : "<gold;50>",
  "send" : 1,
  "mailText" : "3076"
}, {
  "id" : 3003,
  "types" : "10",
  "name" : "一乐拉面神秘打劫事件",
  "detail" : "10、打劫N次",
  "content" : "　　活动时间：{0}-{1}\n　　活动内容：活动期间内，完成6次打劫（每日限领1次）\n　　活动奖励：50体力",
  "values" : "6",
  "item" : "<energy;50>",
  "send" : 1,
  "mailText" : "3076"
}, {
  "id" : 3004,
  "types" : "10",
  "name" : "一乐拉面神秘打劫事件",
  "detail" : "10、打劫N次",
  "content" : "　　活动时间：{0}-{1}\n　　活动内容：活动期间内，完成6次打劫（每日限领1次）\n　　活动奖励：50金币",
  "values" : "6",
  "item" : "<gold;50>",
  "send" : 1,
  "mailText" : "3076"
}, {
  "id" : 3005,
  "types" : "10",
  "name" : "一乐拉面神秘打劫事件",
  "detail" : "10、打劫N次",
  "content" : "　　活动时间：{0}-{1}\n　　活动内容：活动期间内，完成6次打劫（每日限领1次）\n　　活动奖励：50体力",
  "values" : "6",
  "item" : "<energy;50>",
  "send" : 1,
  "mailText" : "3076"
}, {
  "id" : 3006,
  "types" : "10",
  "name" : "一乐拉面神秘打劫事件",
  "detail" : "10、打劫N次",
  "content" : "　　活动时间：{0}-{1}\n　　活动内容：活动期间内，完成6次打劫（每日限领1次）\n　　活动奖励：50金币",
  "values" : "6",
  "item" : "<gold;50>",
  "send" : 1,
  "mailText" : "3076"
}, {
  "id" : 3007,
  "types" : "10",
  "name" : "一乐拉面神秘打劫事件",
  "detail" : "10、打劫N次",
  "content" : "　　活动时间：{0}-{1}\n　　活动内容：活动期间内，完成6次打劫（每日限领1次）\n　　活动奖励：50体力",
  "values" : "6",
  "item" : "<energy;50>",
  "send" : 1,
  "mailText" : "3076"
}, {
  "id" : 3008,
  "types" : "10",
  "name" : "一乐拉面神秘打劫事件",
  "detail" : "10、打劫N次",
  "content" : "　　活动时间：{0}-{1}\n　　活动内容：活动期间内，完成6次打劫（每日限领1次）\n　　活动奖励：50金币",
  "values" : "6",
  "item" : "<gold;50>",
  "send" : 1,
  "mailText" : "3076"
}, {
  "id" : 4000,
  "types" : "11",
  "name" : "夺宝福利大放送",
  "detail" : "11、完成N次夺宝",
  "content" : "　　活动时间：{0}-{1}\n　　活动内容：活动期间内，完成5次夺宝获得奖励\n　　活动奖励：20体力",
  "values" : "5",
  "item" : "<energy;20>",
  "send" : 1,
  "mailText" : "3077"
}, {
  "id" : 4001,
  "types" : "11",
  "name" : "夺宝福利大放送",
  "detail" : "11、完成N次夺宝",
  "content" : "　　活动时间：{0}-{1}\n　　活动内容：活动期间内，完成5次夺宝获得奖励\n　　活动奖励：20金币",
  "values" : "5",
  "item" : "<gold;20>",
  "send" : 1,
  "mailText" : "3077"
}, {
  "id" : 4002,
  "types" : "11",
  "name" : "夺宝福利大放送",
  "detail" : "11、完成N次夺宝",
  "content" : "　　活动时间：{0}-{1}\n　　活动内容：活动期间内，完成5次夺宝获得奖励\n　　活动奖励：20体力",
  "values" : "5",
  "item" : "<energy;20>",
  "send" : 1,
  "mailText" : "3077"
}, {
  "id" : 4003,
  "types" : "11",
  "name" : "夺宝福利大放送",
  "detail" : "11、完成N次夺宝",
  "content" : "　　活动时间：{0}-{1}\n　　活动内容：活动期间内，完成5次夺宝获得奖励\n　　活动奖励：20金币",
  "values" : "5",
  "item" : "<gold;20>",
  "send" : 1,
  "mailText" : "3077"
}, {
  "id" : 4004,
  "types" : "11",
  "name" : "夺宝福利大放送",
  "detail" : "11、完成N次夺宝",
  "content" : "　　活动时间：{0}-{1}\n　　活动内容：活动期间内，完成5次夺宝获得奖励\n　　活动奖励：20体力",
  "values" : "5",
  "item" : "<energy;20>",
  "send" : 1,
  "mailText" : "3077"
}, {
  "id" : 4005,
  "types" : "11",
  "name" : "夺宝福利大放送",
  "detail" : "11、完成N次夺宝",
  "content" : "　　活动时间：{0}-{1}\n　　活动内容：活动期间内，完成5次夺宝获得奖励\n　　活动奖励：20金币",
  "values" : "5",
  "item" : "<gold;20>",
  "send" : 1,
  "mailText" : "3077"
}, {
  "id" : 4006,
  "types" : "11",
  "name" : "夺宝福利大放送",
  "detail" : "11、完成N次夺宝",
  "content" : "　　活动时间：{0}-{1}\n　　活动内容：活动期间内，完成5次夺宝获得奖励\n　　活动奖励：20体力",
  "values" : "5",
  "item" : "<energy;20>",
  "send" : 1,
  "mailText" : "3077"
}, {
  "id" : 4007,
  "types" : "11",
  "name" : "夺宝福利大放送",
  "detail" : "11、完成N次夺宝",
  "content" : "　　活动时间：{0}-{1}\n　　活动内容：活动期间内，完成5次夺宝获得奖励\n　　活动奖励：20金币",
  "values" : "5",
  "item" : "<gold;20>",
  "send" : 1,
  "mailText" : "3077"
}, {
  "id" : 4008,
  "types" : "11",
  "name" : "夺宝福利大放送",
  "detail" : "11、完成N次夺宝",
  "content" : "　　活动时间：{0}-{1}\n　　活动内容：活动期间内，完成5次夺宝获得奖励\n　　活动奖励：20体力",
  "values" : "5",
  "item" : "<energy;20>",
  "send" : 1,
  "mailText" : "3077"
}, {
  "id" : 5000,
  "types" : "12",
  "name" : "通灵兽快到碗里来！",
  "detail" : "12、完成N次通灵修炼",
  "content" : "　　活动时间：{0}-{1}\n　　活动内容：活动期间内，在通灵学院完成1次高级修炼\n　　活动奖励：洗练石*5",
  "values" : "1",
  "item" : "<6011;5>",
  "send" : 1,
  "mailText" : "3078"
}, {
  "id" : 5001,
  "types" : "12",
  "name" : "通灵兽快到碗里来！",
  "detail" : "12、完成N次通灵修炼",
  "content" : "　　活动时间：{0}-{1}\n　　活动内容：活动期间内，在通灵学院完成1次高级修炼\n　　活动奖励：S级忍者卡片箱*5",
  "values" : "1",
  "item" : "<5073;5>",
  "send" : 1,
  "mailText" : "3078"
}, {
  "id" : 5002,
  "types" : "12",
  "name" : "通灵兽快到碗里来！",
  "detail" : "12、完成N次通灵修炼",
  "content" : "　　活动时间：{0}-{1}\n　　活动内容：活动期间内，在通灵学院完成1次高级修炼\n　　活动奖励：白银宝箱*5",
  "values" : "1",
  "item" : "<5422;5>",
  "send" : 1,
  "mailText" : "3078"
}, {
  "id" : 5003,
  "types" : "12",
  "name" : "通灵兽快到碗里来！",
  "detail" : "12、完成N次通灵修炼",
  "content" : "　　活动时间：{0}-{1}\n　　活动内容：活动期间内，在通灵学院完成1次高级修炼\n　　活动奖励：银块*5",
  "values" : "1",
  "item" : "<6001;5>",
  "send" : 1,
  "mailText" : "3078"
}, {
  "id" : 5004,
  "types" : "12",
  "name" : "通灵兽快到碗里来！",
  "detail" : "12、完成N次通灵修炼",
  "content" : "　　活动时间：{0}-{1}\n　　活动内容：活动期间内，在通灵学院完成1次高级修炼\n　　活动奖励：高级经验丹*5",
  "values" : "1",
  "item" : "<5426;5>",
  "send" : 1,
  "mailText" : "3078"
}, {
  "id" : 5005,
  "types" : "12",
  "name" : "通灵兽快到碗里来！",
  "detail" : "12、完成N次通灵修炼",
  "content" : "　　活动时间：{0}-{1}\n　　活动内容：活动期间内，在通灵学院完成1次高级修炼\n　　活动奖励：A级忍术卷轴*5",
  "values" : "1",
  "item" : "<5062;5>",
  "send" : 1,
  "mailText" : "3078"
}, {
  "id" : 5006,
  "types" : "12",
  "name" : "通灵兽快到碗里来！",
  "detail" : "12、完成N次通灵修炼",
  "content" : "　　活动时间：{0}-{1}\n　　活动内容：活动期间内，在通灵学院完成1次高级修炼\n　　活动奖励：体力福袋*2",
  "values" : "1",
  "item" : "<5060;2>",
  "send" : 1,
  "mailText" : "3078"
}, {
  "id" : 5007,
  "types" : "12",
  "name" : "通灵兽快到碗里来！",
  "detail" : "12、完成N次通灵修炼",
  "content" : "　　活动时间：{0}-{1}\n　　活动内容：活动期间内，在通灵学院完成1次高级修炼\n　　活动奖励：秘银*5",
  "values" : "1",
  "item" : "<6006;5>",
  "send" : 1,
  "mailText" : "3078"
}, {
  "id" : 5008,
  "types" : "12",
  "name" : "通灵兽快到碗里来！",
  "detail" : "12、完成N次通灵修炼",
  "content" : "　　活动时间：{0}-{1}\n　　活动内容：活动期间内，在通灵学院完成1次高级修炼\n　　活动奖励：A级装备箱*1",
  "values" : "1",
  "item" : "<5054;1>",
  "send" : 1,
  "mailText" : "3078"
}, {
  "id" : 6000,
  "types" : "26",
  "name" : "元旦每日送好礼",
  "detail" : "每日登录送好礼",
  "content" : "　　活动时间：2016年1月1日至1月3日\n　　活动内容：为感谢玩家的厚爱，元旦期间每日登陆游戏将获得一份元旦登陆奖励。\n　　活动奖励：\n　　　　1月1日：B级忍者卡片箱*3、20体力\n　　　　1月2日：术之秘籍*5、20体力\n　　　　1月3日：尾兽查克拉袋*2、20体力",
  "values" : "1",
  "item" : "<5071;3><energy;20>",
  "send" : 1,
  "mailText" : "3086"
}, {
  "id" : 6001,
  "types" : "26",
  "name" : "元旦每日送好礼",
  "detail" : "每日登录送好礼",
  "content" : "　　活动时间：2016年1月1日至1月3日\n　　活动内容：为感谢玩家的厚爱，元旦期间每日登陆游戏将获得一份元旦登陆奖励。\n　　活动奖励：\n　　　　1月1日：B级忍者卡片箱*3、20体力\n　　　　1月2日：术之秘籍*5、20体力\n　　　　1月3日：尾兽查克拉袋*2、20体力",
  "values" : "1",
  "item" : "<5081;5><energy;20>",
  "send" : 1,
  "mailText" : "3086"
}, {
  "id" : 6002,
  "types" : "26",
  "name" : "元旦每日送好礼",
  "detail" : "每日登录送好礼",
  "content" : "　　活动时间：2016年1月1日至1月3日\n　　活动内容：为感谢玩家的厚爱，元旦期间每日登陆游戏将获得一份元旦登陆奖励。\n　　活动奖励：\n　　　　1月1日：B级忍者卡片箱*3、20体力\n　　　　1月2日：术之秘籍*5、20体力\n　　　　1月3日：尾兽查克拉袋*2、20体力",
  "values" : "1",
  "item" : "<5098;2><energy;20>",
  "send" : 1,
  "mailText" : "3086"
} ]