[ {
  "id" : 1,
  "type" : 1,
  "img" : "dengjidlb_bg",
  "desc1" : "升级送好礼，装备、金币、秘籍免费拿",
  "items" : "<gold|20><silver|2000><5081|2><5052|1>",
  "value" : 5,
  "tip" : "达到5级领取奖励"
}, {
  "id" : 2,
  "type" : 1,
  "items" : "<gold|50><silver|4000><5081|6><5052|1>",
  "value" : 10,
  "tip" : "达到10级领取奖励"
}, {
  "id" : 3,
  "type" : 1,
  "items" : "<gold|100><silver|10000><5081|10><5052|1>",
  "value" : 15,
  "tip" : "达到15级领取奖励"
}, {
  "id" : 4,
  "type" : 1,
  "items" : "<gold|150><silver|20000><5081|12><5053|1>",
  "value" : 20,
  "tip" : "达到20级领取奖励"
}, {
  "id" : 5,
  "type" : 1,
  "items" : "<gold|200><silver|30000><5081|14><5053|1>",
  "value" : 25,
  "tip" : "达到25级领取奖励"
}, {
  "id" : 6,
  "type" : 1,
  "items" : "<gold|200><silver|40000><5081|16><5099|1>",
  "value" : 30,
  "tip" : "达到30级领取奖励"
}, {
  "id" : 7,
  "type" : 1,
  "items" : "<gold|250><silver|50000><5081|18><5053|1>",
  "value" : 35,
  "tip" : "达到35级领取奖励"
}, {
  "id" : 8,
  "type" : 1,
  "items" : "<gold|250><silver|60000><5081|20><5054|1>",
  "value" : 40,
  "tip" : "达到40级领取奖励"
}, {
  "id" : 9,
  "type" : 1,
  "items" : "<gold|300><silver|70000><5081|22><5054|1>",
  "value" : 45,
  "tip" : "达到45级领取奖励"
}, {
  "id" : 10,
  "type" : 1,
  "items" : "<gold|300><silver|80000><5081|24><5054|1>",
  "value" : 50,
  "tip" : "达到50级领取奖励"
}, {
  "id" : 11,
  "type" : 1,
  "items" : "<gold|300><silver|90000><5081|26><5054|1>",
  "value" : 55,
  "tip" : "达到55级领取奖励"
}, {
  "id" : 12,
  "type" : 1,
  "items" : "<gold|300><silver|100000><5081|28><5054|1>",
  "value" : 60,
  "tip" : "达到60级领取奖励"
}, {
  "id" : 13,
  "type" : 1,
  "items" : "<gold|300><silver|100000><5082|6><5054|1>",
  "value" : 65,
  "tip" : "达到65级领取奖励"
}, {
  "id" : 14,
  "type" : 1,
  "items" : "<gold|300><silver|100000><5082|7><5054|1>",
  "value" : 70,
  "tip" : "达到70级领取奖励"
}, {
  "id" : 15,
  "type" : 1,
  "items" : "<gold|300><silver|100000><5082|8><5055|1>",
  "value" : 75,
  "tip" : "达到75级领取奖励"
}, {
  "id" : 16,
  "type" : 1,
  "items" : "<gold|300><silver|100000><5082|9><5055|1>",
  "value" : 80,
  "tip" : "达到80级领取奖励"
}, {
  "id" : 17,
  "type" : 1,
  "items" : "<gold|400><silver|100000><5082|10><5055|1>",
  "value" : 85,
  "tip" : "达到85级领取奖励"
}, {
  "id" : 18,
  "type" : 1,
  "items" : "<gold|400><silver|100000><5083|4><5055|1>",
  "value" : 90,
  "tip" : "达到90级领取奖励"
}, {
  "id" : 19,
  "type" : 1,
  "items" : "<gold|400><silver|100000><5083|5><5055|1>",
  "value" : 95,
  "tip" : "达到95级领取奖励"
}, {
  "id" : 20,
  "type" : 1,
  "items" : "<gold|400><silver|100000><5084|2><5056|1>",
  "value" : 100,
  "tip" : "达到100级领取奖励"
}, {
  "id" : 21,
  "type" : 2,
  "idx" : 4,
  "img" : "chaozhitz_bg",
  "desc1" : "VIP2及以上可买2000金币超值投资礼包，累计获得4888金币",
  "items" : "<gold|400><5061|10>",
  "value" : 15,
  "tip" : "15级领取：400金币、B级忍术卷轴*10"
}, {
  "id" : 22,
  "type" : 2,
  "items" : "<gold|450><5053|1>",
  "value" : 20,
  "tip" : "20级领取：450金币、B级装备箱*1"
}, {
  "id" : 23,
  "type" : 2,
  "items" : "<gold|500><5093|1>",
  "value" : 25,
  "tip" : "25级领取：500金币、B级忍者箱*1"
}, {
  "id" : 24,
  "type" : 2,
  "items" : "<gold|550><5054|1>",
  "value" : 30,
  "tip" : "30级领取：550金币、A级装备箱*1"
}, {
  "id" : 25,
  "type" : 2,
  "items" : "<gold|600><5062|10>",
  "value" : 35,
  "tip" : "35级领取：600金币、A级忍术卷轴*10"
}, {
  "id" : 26,
  "type" : 2,
  "items" : "<gold|650><5094|1>",
  "value" : 40,
  "tip" : "40级领取：650金币、A级忍者箱*1"
}, {
  "id" : 27,
  "type" : 2,
  "items" : "<gold|700><5055|1>",
  "value" : 45,
  "tip" : "45级领取：700金币、S级装备箱*1"
}, {
  "id" : 28,
  "type" : 2,
  "items" : "<gold|1038><5063|10>",
  "value" : 50,
  "tip" : "50级领取：1038金币、S级忍术卷轴*10"
}, {
  "id" : 29,
  "type" : 3,
  "idx" : 3,
  "img" : "shouchongfsb_bg",
  "desc1" : "首次充值30、98、198、648、1998、6498元时均可获得3倍金币（含应得金币）（翻倍金币不计入VIP）",
  "tip" : "首充3倍广告"
}, {
  "id" : 30,
  "type" : 5,
  "idx" : 7,
  "img" : "tianjiangfuli_bg",
  "desc1" : "单笔充值达到特定金额即可领取相应奖励",
  "items" : "<5061|10>",
  "value" : 60,
  "tip" : "单笔充值6元以上领取"
}, {
  "id" : 31,
  "type" : 5,
  "items" : "<5093|1><5061|20><gold|50>",
  "value" : 500,
  "tip" : "单笔充值50元以上领取"
}, {
  "id" : 32,
  "type" : 5,
  "items" : "<5094|1><5062|20><gold|100>",
  "value" : 980,
  "tip" : "单笔充值98元以上领取"
}, {
  "id" : 33,
  "type" : 5,
  "items" : "<5094|5><5063|30><gold|200>",
  "value" : 3280,
  "tip" : "单笔充值328元以上领取"
}, {
  "id" : 34,
  "type" : 5,
  "items" : "<5095|1><5064|40><gold|500>",
  "value" : 6480,
  "tip" : "单笔充值648元以上领取"
}, {
  "id" : 35,
  "type" : 6,
  "idx" : 6,
  "img" : "tiantianacz_bg",
  "desc1" : "连续每日充值任意金额即可领取相应奖励",
  "items" : "<energy|50><5995|1><5395|1>",
  "value" : 1,
  "tip" : "连续充值第1天领取"
}, {
  "id" : 36,
  "type" : 6,
  "items" : "<energy|50><5995|1><5395|1>",
  "value" : 2,
  "tip" : "连续充值第2天领取"
}, {
  "id" : 37,
  "type" : 6,
  "items" : "<energy|50><5995|1><5395|1>",
  "value" : 3,
  "tip" : "连续充值第3天领取"
}, {
  "id" : 38,
  "type" : 6,
  "items" : "<energy|50><5995|1><5395|1>",
  "value" : 4,
  "tip" : "连续充值第4天领取"
}, {
  "id" : 39,
  "type" : 6,
  "items" : "<energy|50><5995|1><5395|1>",
  "value" : 5,
  "tip" : "连续充值第5天领取"
}, {
  "id" : 40,
  "type" : 6,
  "items" : "<energy|50><5995|1><5395|1>",
  "value" : 6,
  "tip" : "连续充值第6天领取"
}, {
  "id" : 41,
  "type" : 6,
  "items" : "<energy|50><5995|1><5395|1>",
  "value" : 7,
  "tip" : "连续充值第7天领取"
}, {
  "id" : 42,
  "type" : 7,
  "idx" : 2,
  "img" : "shouchonglj_bg",
  "desc1" : "首次充值任意金额即可获得首充大礼包",
  "items" : "<53|1><3090|1><5062|10><silver|50000>",
  "value" : 1,
  "tip" : "A级忍者：咒印·佐助*1\nS级装备：死神镰刀*1\nA级忍术卷轴*10\n50000银币"
}, {
  "id" : 43,
  "type" : 8,
  "idx" : 9,
  "img" : "huijinrutu_bg",
  "desc1" : "单日累计消耗金币达到特定数量即可领取相应奖励",
  "items" : "<5061|10><silver|10000>",
  "value" : 100,
  "tip" : "每日累计消耗100金币"
}, {
  "id" : 44,
  "type" : 8,
  "items" : "<5043|10><silver|20000>",
  "value" : 300,
  "tip" : "每日累计消耗300金币"
}, {
  "id" : 45,
  "type" : 8,
  "items" : "<gold|50><5044|20><5062|10>",
  "value" : 500,
  "tip" : "每日累计消耗500金币"
}, {
  "id" : 46,
  "type" : 8,
  "items" : "<gold|100><5073|10>",
  "value" : 1000,
  "tip" : "每日累计消耗1000金币"
}, {
  "id" : 47,
  "type" : 8,
  "items" : "<gold|200><5083|5><5054|1>",
  "value" : 2000,
  "tip" : "每日累计消耗2000金币"
}, {
  "id" : 48,
  "type" : 8,
  "items" : "<gold|500><5083|10><5063|10>",
  "value" : 5000,
  "tip" : "每日累计消耗5000金币"
}, {
  "id" : 49,
  "type" : 8,
  "items" : "<gold|1000><5063|10><5055|1>",
  "value" : 10000,
  "tip" : "每日累计消耗10000金币"
}, {
  "id" : 50,
  "type" : 9,
  "idx" : 1,
  "img" : "qitiandenglu_bg",
  "desc1" : "7天登陆领奖",
  "items" : "<5052|2><silver|10000>",
  "value" : 1,
  "tip" : "登陆第1天领取"
}, {
  "id" : 51,
  "type" : 9,
  "items" : "<5053|1><silver|20000>",
  "value" : 2,
  "tip" : "登陆第2天领取"
}, {
  "id" : 52,
  "type" : 9,
  "items" : "<5061|10><gold|100>",
  "value" : 3,
  "tip" : "登陆第3天领取"
}, {
  "id" : 53,
  "type" : 9,
  "items" : "<5081|20><silver|20000>",
  "value" : 4,
  "tip" : "登陆第4天领取"
}, {
  "id" : 54,
  "type" : 9,
  "items" : "<5072|10>",
  "value" : 5,
  "tip" : "登陆第5天领取"
}, {
  "id" : 55,
  "type" : 9,
  "items" : "<5062|10><5082|5>",
  "value" : 6,
  "tip" : "登陆第6天领取"
}, {
  "id" : 56,
  "type" : 9,
  "items" : "<gold|300><5098|20>",
  "value" : 7,
  "tip" : "登陆第7天领取"
}, {
  "id" : 57,
  "type" : 10,
  "idx" : 5,
  "img" : "haolikh_bg",
  "desc1" : "活动期间内累计充值达到特定金额即可领取奖励",
  "items" : "<5053|1><energy|10>",
  "value" : 60,
  "tip" : "累计充值达到6元领取"
}, {
  "id" : 58,
  "type" : 10,
  "items" : "<4148|10><energy|20>",
  "value" : 300,
  "tip" : "累计充值达到30元领取"
}, {
  "id" : 59,
  "type" : 10,
  "items" : "<5054|1><5081|10>",
  "value" : 500,
  "tip" : "累计充值达到50元领取"
}, {
  "id" : 60,
  "type" : 10,
  "items" : "<55|1><energy|30>",
  "value" : 1000,
  "tip" : "累计充值达到100元领取"
}, {
  "id" : 61,
  "type" : 10,
  "items" : "<4103|10><5082|10>",
  "value" : 2000,
  "tip" : "累计充值达到200元领取"
}, {
  "id" : 62,
  "type" : 10,
  "items" : "<5055|1><energy|30>",
  "value" : 5000,
  "tip" : "累计充值达到500元领取"
}, {
  "id" : 63,
  "type" : 10,
  "items" : "<4100|10>",
  "value" : 10000,
  "tip" : "累计充值达到1000元领取"
}, {
  "id" : 64,
  "type" : 11,
  "idx" : 6,
  "img" : "viplingjiang",
  "desc1" : "达到指定的VIP等级可以领取奖励",
  "items" : "<energy|30>",
  "value" : 1,
  "tip" : "达到VIP1领取"
}, {
  "id" : 65,
  "type" : 11,
  "items" : "<gold|200>",
  "value" : 2,
  "tip" : "达到VIP2领取"
}, {
  "id" : 66,
  "type" : 11,
  "items" : "<6011|20>",
  "value" : 3,
  "tip" : "达到VIP3领取"
}, {
  "id" : 67,
  "type" : 11,
  "items" : "<5072|20>",
  "value" : 4,
  "tip" : "达到VIP4领取"
}, {
  "id" : 68,
  "type" : 11,
  "items" : "<gold|500>",
  "value" : 5,
  "tip" : "达到VIP5领取"
}, {
  "id" : 69,
  "type" : 11,
  "items" : "<6011|50>",
  "value" : 6,
  "tip" : "达到VIP6领取"
}, {
  "id" : 70,
  "type" : 11,
  "items" : "<5063|10>",
  "value" : 7,
  "tip" : "达到VIP7领取"
}, {
  "id" : 71,
  "type" : 11,
  "items" : "<5055|1>",
  "value" : 8,
  "tip" : "达到VIP8领取"
}, {
  "id" : 72,
  "type" : 4,
  "idx" : 8,
  "img" : "haolikh_bg",
  "desc1" : "活动期间内每日累计充值达到特定金额即可领取奖励",
  "items" : "<5093|5><5062|10><6011|5>",
  "value" : 300,
  "tip" : "单日累计充值达到30元领取"
}, {
  "id" : 73,
  "type" : 4,
  "items" : "<5093|10><5063|20><6011|10>",
  "value" : 1000,
  "tip" : "单日累计充值达到100元领取"
}, {
  "id" : 74,
  "type" : 4,
  "items" : "<5094|5><5063|40><6011|20>",
  "value" : 2000,
  "tip" : "单日累计充值达到200元领取"
}, {
  "id" : 75,
  "type" : 4,
  "items" : "<5094|10><5063|60><6011|30>",
  "value" : 5000,
  "tip" : "单日累计充值达到500元领取"
}, {
  "id" : 76,
  "type" : 4,
  "items" : "<5095|1><5064|30><6011|50>",
  "value" : 10000,
  "tip" : "单日累计充值达到1000元领取"
}, {
  "id" : 77,
  "type" : 4,
  "items" : "<5095|2><5064|50><6011|80>",
  "value" : 20000,
  "tip" : "单日累计充值达到2000元领取"
}, {
  "id" : 78,
  "type" : 4,
  "items" : "<5096|2><5056|1><6011|200>",
  "value" : 50000,
  "tip" : "单日累计充值达到5000元领取"
}, {
  "id" : 10000,
  "type" : 6,
  "idx" : 6,
  "img" : "tiantianacz_bg",
  "desc1" : "连续每日充值任意金额即可领取相应奖励",
  "items" : "<energy|50><5995|1>",
  "value" : 1,
  "tip" : "连续充值第1天领取"
}, {
  "id" : 10001,
  "type" : 6,
  "items" : "<energy|50><5995|1>",
  "value" : 2,
  "tip" : "连续充值第2天领取"
}, {
  "id" : 10002,
  "type" : 6,
  "items" : "<energy|50><5995|1>",
  "value" : 3,
  "tip" : "连续充值第3天领取"
}, {
  "id" : 10003,
  "type" : 6,
  "items" : "<energy|50><5995|1>",
  "value" : 4,
  "tip" : "连续充值第4天领取"
}, {
  "id" : 10004,
  "type" : 6,
  "items" : "<energy|50><5995|1>",
  "value" : 5,
  "tip" : "连续充值第5天领取"
}, {
  "id" : 10005,
  "type" : 6,
  "items" : "<energy|50><5995|1>",
  "value" : 6,
  "tip" : "连续充值第6天领取"
}, {
  "id" : 10006,
  "type" : 6,
  "items" : "<energy|50><5995|1>",
  "value" : 7,
  "tip" : "连续充值第7天领取"
}, {
  "id" : 10007,
  "type" : 6,
  "idx" : 6,
  "img" : "tiantianacz_bg",
  "desc1" : "连续每日充值任意金额即可领取相应奖励",
  "items" : "<gold|50><5995|1>",
  "value" : 1,
  "tip" : "连续充值第1天领取"
}, {
  "id" : 10008,
  "type" : 6,
  "items" : "<gold|50><5995|1>",
  "value" : 2,
  "tip" : "连续充值第2天领取"
}, {
  "id" : 10009,
  "type" : 6,
  "items" : "<gold|50><5995|1>",
  "value" : 3,
  "tip" : "连续充值第3天领取"
}, {
  "id" : 10010,
  "type" : 6,
  "items" : "<gold|50><5995|1>",
  "value" : 4,
  "tip" : "连续充值第4天领取"
}, {
  "id" : 10011,
  "type" : 6,
  "items" : "<gold|50><5995|1>",
  "value" : 5,
  "tip" : "连续充值第5天领取"
}, {
  "id" : 10012,
  "type" : 6,
  "items" : "<gold|50><5995|1>",
  "value" : 6,
  "tip" : "连续充值第6天领取"
}, {
  "id" : 10013,
  "type" : 6,
  "items" : "<gold|50><5995|1>",
  "value" : 7,
  "tip" : "连续充值第7天领取"
}, {
  "id" : 10014,
  "type" : 6,
  "idx" : 6,
  "img" : "tiantianacz_bg",
  "desc1" : "连续每日充值任意金额即可领取相应奖励",
  "items" : "<energy|50><5995|1>",
  "value" : 1,
  "tip" : "连续充值第1天领取"
}, {
  "id" : 10015,
  "type" : 6,
  "items" : "<energy|50><5995|1>",
  "value" : 2,
  "tip" : "连续充值第2天领取"
}, {
  "id" : 10016,
  "type" : 6,
  "items" : "<energy|50><5995|1>",
  "value" : 3,
  "tip" : "连续充值第3天领取"
}, {
  "id" : 10017,
  "type" : 6,
  "items" : "<energy|50><5995|1>",
  "value" : 4,
  "tip" : "连续充值第4天领取"
}, {
  "id" : 10018,
  "type" : 6,
  "items" : "<energy|50><5995|1>",
  "value" : 5,
  "tip" : "连续充值第5天领取"
}, {
  "id" : 10019,
  "type" : 6,
  "items" : "<energy|50><5995|1>",
  "value" : 6,
  "tip" : "连续充值第6天领取"
}, {
  "id" : 10020,
  "type" : 6,
  "items" : "<energy|50><5995|1>",
  "value" : 7,
  "tip" : "连续充值第7天领取"
}, {
  "id" : 10021,
  "type" : 6,
  "idx" : 6,
  "img" : "tiantianacz_bg",
  "desc1" : "连续每日充值任意金额即可领取相应奖励",
  "items" : "<gold|50><5995|1>",
  "value" : 1,
  "tip" : "连续充值第1天领取"
}, {
  "id" : 10022,
  "type" : 6,
  "items" : "<gold|50><5995|1>",
  "value" : 2,
  "tip" : "连续充值第2天领取"
}, {
  "id" : 10023,
  "type" : 6,
  "items" : "<gold|50><5995|1>",
  "value" : 3,
  "tip" : "连续充值第3天领取"
}, {
  "id" : 10024,
  "type" : 6,
  "items" : "<gold|50><5995|1>",
  "value" : 4,
  "tip" : "连续充值第4天领取"
}, {
  "id" : 10025,
  "type" : 6,
  "items" : "<gold|50><5995|1>",
  "value" : 5,
  "tip" : "连续充值第5天领取"
}, {
  "id" : 10026,
  "type" : 6,
  "items" : "<gold|50><5995|1>",
  "value" : 6,
  "tip" : "连续充值第6天领取"
}, {
  "id" : 10027,
  "type" : 6,
  "items" : "<gold|50><5995|1>",
  "value" : 7,
  "tip" : "连续充值第7天领取"
}, {
  "id" : 10028,
  "type" : 6,
  "idx" : 6,
  "img" : "tiantianacz_bg",
  "desc1" : "连续每日充值任意金额即可领取相应奖励",
  "items" : "<energy|50><5995|1>",
  "value" : 1,
  "tip" : "连续充值第1天领取"
}, {
  "id" : 10029,
  "type" : 6,
  "items" : "<energy|50><5995|1>",
  "value" : 2,
  "tip" : "连续充值第2天领取"
}, {
  "id" : 10030,
  "type" : 6,
  "items" : "<energy|50><5995|1>",
  "value" : 3,
  "tip" : "连续充值第3天领取"
}, {
  "id" : 10031,
  "type" : 6,
  "items" : "<energy|50><5995|1>",
  "value" : 4,
  "tip" : "连续充值第4天领取"
}, {
  "id" : 10032,
  "type" : 6,
  "items" : "<energy|50><5995|1>",
  "value" : 5,
  "tip" : "连续充值第5天领取"
}, {
  "id" : 10033,
  "type" : 6,
  "items" : "<energy|50><5995|1>",
  "value" : 6,
  "tip" : "连续充值第6天领取"
}, {
  "id" : 10034,
  "type" : 6,
  "items" : "<energy|50><5995|1>",
  "value" : 7,
  "tip" : "连续充值第7天领取"
}, {
  "id" : 10035,
  "type" : 6,
  "idx" : 6,
  "img" : "tiantianacz_bg",
  "desc1" : "连续每日充值任意金额即可领取相应奖励",
  "items" : "<gold|50><5995|1>",
  "value" : 1,
  "tip" : "连续充值第1天领取"
}, {
  "id" : 10036,
  "type" : 6,
  "items" : "<gold|50><5995|1>",
  "value" : 2,
  "tip" : "连续充值第2天领取"
}, {
  "id" : 10037,
  "type" : 6,
  "items" : "<gold|50><5995|1>",
  "value" : 3,
  "tip" : "连续充值第3天领取"
}, {
  "id" : 10038,
  "type" : 6,
  "items" : "<gold|50><5995|1>",
  "value" : 4,
  "tip" : "连续充值第4天领取"
}, {
  "id" : 10039,
  "type" : 6,
  "items" : "<gold|50><5995|1>",
  "value" : 5,
  "tip" : "连续充值第5天领取"
}, {
  "id" : 10040,
  "type" : 6,
  "items" : "<gold|50><5995|1>",
  "value" : 6,
  "tip" : "连续充值第6天领取"
}, {
  "id" : 10041,
  "type" : 6,
  "items" : "<gold|50><5995|1>",
  "value" : 7,
  "tip" : "连续充值第7天领取"
}, {
  "id" : 10042,
  "type" : 6,
  "idx" : 6,
  "img" : "tiantianacz_bg",
  "desc1" : "连续每日充值任意金额即可领取相应奖励",
  "items" : "<energy|50><5995|1>",
  "value" : 1,
  "tip" : "连续充值第1天领取"
}, {
  "id" : 10043,
  "type" : 6,
  "items" : "<energy|50><5995|1>",
  "value" : 2,
  "tip" : "连续充值第2天领取"
}, {
  "id" : 10044,
  "type" : 6,
  "items" : "<energy|50><5995|1>",
  "value" : 3,
  "tip" : "连续充值第3天领取"
}, {
  "id" : 10045,
  "type" : 6,
  "items" : "<energy|50><5995|1>",
  "value" : 4,
  "tip" : "连续充值第4天领取"
}, {
  "id" : 10046,
  "type" : 6,
  "items" : "<energy|50><5995|1>",
  "value" : 5,
  "tip" : "连续充值第5天领取"
}, {
  "id" : 10047,
  "type" : 6,
  "items" : "<energy|50><5995|1>",
  "value" : 6,
  "tip" : "连续充值第6天领取"
}, {
  "id" : 10048,
  "type" : 6,
  "items" : "<energy|50><5995|1>",
  "value" : 7,
  "tip" : "连续充值第7天领取"
}, {
  "id" : 10049,
  "type" : 6,
  "idx" : 6,
  "img" : "tiantianacz_bg",
  "desc1" : "连续每日充值任意金额即可领取相应奖励",
  "items" : "<gold|50><5995|1>",
  "value" : 1,
  "tip" : "连续充值第1天领取"
}, {
  "id" : 10050,
  "type" : 6,
  "items" : "<gold|50><5995|1>",
  "value" : 2,
  "tip" : "连续充值第2天领取"
}, {
  "id" : 10051,
  "type" : 6,
  "items" : "<gold|50><5995|1>",
  "value" : 3,
  "tip" : "连续充值第3天领取"
}, {
  "id" : 10052,
  "type" : 6,
  "items" : "<gold|50><5995|1>",
  "value" : 4,
  "tip" : "连续充值第4天领取"
}, {
  "id" : 10053,
  "type" : 6,
  "items" : "<gold|50><5995|1>",
  "value" : 5,
  "tip" : "连续充值第5天领取"
}, {
  "id" : 10054,
  "type" : 6,
  "items" : "<gold|50><5995|1>",
  "value" : 6,
  "tip" : "连续充值第6天领取"
}, {
  "id" : 10055,
  "type" : 6,
  "items" : "<gold|50><5995|1>",
  "value" : 7,
  "tip" : "连续充值第7天领取"
}, {
  "id" : 10056,
  "type" : 6,
  "idx" : 6,
  "img" : "tiantianacz_bg",
  "desc1" : "连续每日充值任意金额即可领取相应奖励",
  "items" : "<energy|50><5995|1>",
  "value" : 1,
  "tip" : "连续充值第1天领取"
}, {
  "id" : 10057,
  "type" : 6,
  "items" : "<energy|50><5995|1>",
  "value" : 2,
  "tip" : "连续充值第2天领取"
}, {
  "id" : 10058,
  "type" : 6,
  "items" : "<energy|50><5995|1>",
  "value" : 3,
  "tip" : "连续充值第3天领取"
}, {
  "id" : 10059,
  "type" : 6,
  "items" : "<energy|50><5995|1>",
  "value" : 4,
  "tip" : "连续充值第4天领取"
}, {
  "id" : 10060,
  "type" : 6,
  "items" : "<energy|50><5995|1>",
  "value" : 5,
  "tip" : "连续充值第5天领取"
}, {
  "id" : 10061,
  "type" : 6,
  "items" : "<energy|50><5995|1>",
  "value" : 6,
  "tip" : "连续充值第6天领取"
}, {
  "id" : 10062,
  "type" : 6,
  "items" : "<energy|50><5995|1>",
  "value" : 7,
  "tip" : "连续充值第7天领取"
}, {
  "id" : 20000,
  "type" : 8,
  "idx" : 9,
  "img" : "huijinrutu_bg",
  "desc1" : "单日累计消耗金币达到特定数量即可领取相应奖励",
  "items" : "<5422|1><5425|10>",
  "value" : 100,
  "tip" : "每日累计消耗100金币"
}, {
  "id" : 20001,
  "type" : 8,
  "items" : "<5422|5><5425|20>",
  "value" : 300,
  "tip" : "每日累计消耗300金币"
}, {
  "id" : 20002,
  "type" : 8,
  "items" : "<5423|1><5426|5>",
  "value" : 500,
  "tip" : "每日累计消耗500金币"
}, {
  "id" : 20003,
  "type" : 8,
  "items" : "<5423|5><5426|10>",
  "value" : 1000,
  "tip" : "每日累计消耗1000金币"
}, {
  "id" : 20004,
  "type" : 8,
  "items" : "<5423|10><5427|5><6006|5>",
  "value" : 2000,
  "tip" : "每日累计消耗2000金币"
}, {
  "id" : 20005,
  "type" : 8,
  "items" : "<5995|20><5427|10><6007|5>",
  "value" : 5000,
  "tip" : "每日累计消耗5000金币"
}, {
  "id" : 20006,
  "type" : 8,
  "items" : "<5995|20><5427|10><6010|5>",
  "value" : 10000,
  "tip" : "每日累计消耗10000金币"
}, {
  "id" : 20007,
  "type" : 8,
  "idx" : 9,
  "img" : "huijinrutu_bg",
  "desc1" : "单日累计消耗金币达到特定数量即可领取相应奖励",
  "items" : "<5422|1><5425|10>",
  "value" : 100,
  "tip" : "每日累计消耗100金币"
}, {
  "id" : 20008,
  "type" : 8,
  "items" : "<5422|5><5425|20>",
  "value" : 300,
  "tip" : "每日累计消耗300金币"
}, {
  "id" : 20009,
  "type" : 8,
  "items" : "<5423|1><5426|5>",
  "value" : 500,
  "tip" : "每日累计消耗500金币"
}, {
  "id" : 20010,
  "type" : 8,
  "items" : "<5423|5><5426|10>",
  "value" : 1000,
  "tip" : "每日累计消耗1000金币"
}, {
  "id" : 20011,
  "type" : 8,
  "items" : "<5423|10><5427|5><6002|5>",
  "value" : 2000,
  "tip" : "每日累计消耗2000金币"
}, {
  "id" : 20012,
  "type" : 8,
  "items" : "<5995|20><5427|10><6008|5>",
  "value" : 5000,
  "tip" : "每日累计消耗5000金币"
}, {
  "id" : 20013,
  "type" : 8,
  "items" : "<5995|20><5427|10><6009|5>",
  "value" : 10000,
  "tip" : "每日累计消耗10000金币"
}, {
  "id" : 20014,
  "type" : 8,
  "idx" : 9,
  "img" : "huijinrutu_bg",
  "desc1" : "单日累计消耗金币达到特定数量即可领取相应奖励",
  "items" : "<5422|1><5425|10>",
  "value" : 100,
  "tip" : "每日累计消耗100金币"
}, {
  "id" : 20015,
  "type" : 8,
  "items" : "<5422|5><5425|20>",
  "value" : 300,
  "tip" : "每日累计消耗300金币"
}, {
  "id" : 20016,
  "type" : 8,
  "items" : "<5423|1><5426|5>",
  "value" : 500,
  "tip" : "每日累计消耗500金币"
}, {
  "id" : 20017,
  "type" : 8,
  "items" : "<5423|5><5426|10>",
  "value" : 1000,
  "tip" : "每日累计消耗1000金币"
}, {
  "id" : 20018,
  "type" : 8,
  "items" : "<5423|10><5427|5><6006|5>",
  "value" : 2000,
  "tip" : "每日累计消耗2000金币"
}, {
  "id" : 20019,
  "type" : 8,
  "items" : "<5995|20><5427|10><6007|5>",
  "value" : 5000,
  "tip" : "每日累计消耗5000金币"
}, {
  "id" : 20020,
  "type" : 8,
  "items" : "<5995|20><5427|10><6010|5>",
  "value" : 10000,
  "tip" : "每日累计消耗10000金币"
}, {
  "id" : 20021,
  "type" : 8,
  "idx" : 9,
  "img" : "huijinrutu_bg",
  "desc1" : "单日累计消耗金币达到特定数量即可领取相应奖励",
  "items" : "<5422|1><5425|10>",
  "value" : 100,
  "tip" : "每日累计消耗100金币"
}, {
  "id" : 20022,
  "type" : 8,
  "items" : "<5422|5><5425|20>",
  "value" : 300,
  "tip" : "每日累计消耗300金币"
}, {
  "id" : 20023,
  "type" : 8,
  "items" : "<5423|1><5426|5>",
  "value" : 500,
  "tip" : "每日累计消耗500金币"
}, {
  "id" : 20024,
  "type" : 8,
  "items" : "<5423|5><5426|10>",
  "value" : 1000,
  "tip" : "每日累计消耗1000金币"
}, {
  "id" : 20025,
  "type" : 8,
  "items" : "<5423|10><5427|5><6002|5>",
  "value" : 2000,
  "tip" : "每日累计消耗2000金币"
}, {
  "id" : 20026,
  "type" : 8,
  "items" : "<5995|20><5427|10><6008|5>",
  "value" : 5000,
  "tip" : "每日累计消耗5000金币"
}, {
  "id" : 20027,
  "type" : 8,
  "items" : "<5995|20><5427|10><6009|5>",
  "value" : 10000,
  "tip" : "每日累计消耗10000金币"
}, {
  "id" : 20028,
  "type" : 8,
  "idx" : 9,
  "img" : "huijinrutu_bg",
  "desc1" : "单日累计消耗金币达到特定数量即可领取相应奖励",
  "items" : "<5422|1><5425|10>",
  "value" : 100,
  "tip" : "每日累计消耗100金币"
}, {
  "id" : 20029,
  "type" : 8,
  "items" : "<5422|5><5425|20>",
  "value" : 300,
  "tip" : "每日累计消耗300金币"
}, {
  "id" : 20030,
  "type" : 8,
  "items" : "<5423|1><5426|5>",
  "value" : 500,
  "tip" : "每日累计消耗500金币"
}, {
  "id" : 20031,
  "type" : 8,
  "items" : "<5423|5><5426|10>",
  "value" : 1000,
  "tip" : "每日累计消耗1000金币"
}, {
  "id" : 20032,
  "type" : 8,
  "items" : "<5423|10><5427|5><6006|5>",
  "value" : 2000,
  "tip" : "每日累计消耗2000金币"
}, {
  "id" : 20033,
  "type" : 8,
  "items" : "<5995|20><5427|10><6007|5>",
  "value" : 5000,
  "tip" : "每日累计消耗5000金币"
}, {
  "id" : 20034,
  "type" : 8,
  "items" : "<5995|20><5427|10><6010|5>",
  "value" : 10000,
  "tip" : "每日累计消耗10000金币"
}, {
  "id" : 20035,
  "type" : 8,
  "idx" : 9,
  "img" : "huijinrutu_bg",
  "desc1" : "单日累计消耗金币达到特定数量即可领取相应奖励",
  "items" : "<5422|1><5425|10>",
  "value" : 100,
  "tip" : "每日累计消耗100金币"
}, {
  "id" : 20036,
  "type" : 8,
  "items" : "<5422|5><5425|20>",
  "value" : 300,
  "tip" : "每日累计消耗300金币"
}, {
  "id" : 20037,
  "type" : 8,
  "items" : "<5423|1><5426|5>",
  "value" : 500,
  "tip" : "每日累计消耗500金币"
}, {
  "id" : 20038,
  "type" : 8,
  "items" : "<5423|5><5426|10>",
  "value" : 1000,
  "tip" : "每日累计消耗1000金币"
}, {
  "id" : 20039,
  "type" : 8,
  "items" : "<5423|10><5427|5><6002|5>",
  "value" : 2000,
  "tip" : "每日累计消耗2000金币"
}, {
  "id" : 20040,
  "type" : 8,
  "items" : "<5995|20><5427|10><6008|5>",
  "value" : 5000,
  "tip" : "每日累计消耗5000金币"
}, {
  "id" : 20041,
  "type" : 8,
  "items" : "<5995|20><5427|10><6009|5>",
  "value" : 10000,
  "tip" : "每日累计消耗10000金币"
}, {
  "id" : 20042,
  "type" : 8,
  "idx" : 9,
  "img" : "huijinrutu_bg",
  "desc1" : "单日累计消耗金币达到特定数量即可领取相应奖励",
  "items" : "<5422|1><5425|10>",
  "value" : 100,
  "tip" : "每日累计消耗100金币"
}, {
  "id" : 20043,
  "type" : 8,
  "items" : "<5422|5><5425|20>",
  "value" : 300,
  "tip" : "每日累计消耗300金币"
}, {
  "id" : 20044,
  "type" : 8,
  "items" : "<5423|1><5426|5>",
  "value" : 500,
  "tip" : "每日累计消耗500金币"
}, {
  "id" : 20045,
  "type" : 8,
  "items" : "<5423|5><5426|10>",
  "value" : 1000,
  "tip" : "每日累计消耗1000金币"
}, {
  "id" : 20046,
  "type" : 8,
  "items" : "<5423|10><5427|5><6006|5>",
  "value" : 2000,
  "tip" : "每日累计消耗2000金币"
}, {
  "id" : 20047,
  "type" : 8,
  "items" : "<5995|20><5427|10><6007|5>",
  "value" : 5000,
  "tip" : "每日累计消耗5000金币"
}, {
  "id" : 20048,
  "type" : 8,
  "items" : "<5995|20><5427|10><6010|5>",
  "value" : 10000,
  "tip" : "每日累计消耗10000金币"
}, {
  "id" : 20049,
  "type" : 8,
  "idx" : 9,
  "img" : "huijinrutu_bg",
  "desc1" : "单日累计消耗金币达到特定数量即可领取相应奖励",
  "items" : "<5422|1><5425|10>",
  "value" : 100,
  "tip" : "每日累计消耗100金币"
}, {
  "id" : 20050,
  "type" : 8,
  "items" : "<5422|5><5425|20>",
  "value" : 300,
  "tip" : "每日累计消耗300金币"
}, {
  "id" : 20051,
  "type" : 8,
  "items" : "<5423|1><5426|5>",
  "value" : 500,
  "tip" : "每日累计消耗500金币"
}, {
  "id" : 20052,
  "type" : 8,
  "items" : "<5423|5><5426|10>",
  "value" : 1000,
  "tip" : "每日累计消耗1000金币"
}, {
  "id" : 20053,
  "type" : 8,
  "items" : "<5423|10><5427|5><6002|5>",
  "value" : 2000,
  "tip" : "每日累计消耗2000金币"
}, {
  "id" : 20054,
  "type" : 8,
  "items" : "<5995|20><5427|10><6008|5>",
  "value" : 5000,
  "tip" : "每日累计消耗5000金币"
}, {
  "id" : 20055,
  "type" : 8,
  "items" : "<5995|20><5427|10><6009|5>",
  "value" : 10000,
  "tip" : "每日累计消耗10000金币"
}, {
  "id" : 20056,
  "type" : 8,
  "idx" : 9,
  "img" : "huijinrutu_bg",
  "desc1" : "单日累计消耗金币达到特定数量即可领取相应奖励",
  "items" : "<5422|1><5425|10>",
  "value" : 100,
  "tip" : "每日累计消耗100金币"
}, {
  "id" : 20057,
  "type" : 8,
  "items" : "<5422|5><5425|20>",
  "value" : 300,
  "tip" : "每日累计消耗300金币"
}, {
  "id" : 20058,
  "type" : 8,
  "items" : "<5423|1><5426|5>",
  "value" : 500,
  "tip" : "每日累计消耗500金币"
}, {
  "id" : 20059,
  "type" : 8,
  "items" : "<5423|5><5426|10>",
  "value" : 1000,
  "tip" : "每日累计消耗1000金币"
}, {
  "id" : 20060,
  "type" : 8,
  "items" : "<5423|10><5427|5><6006|5>",
  "value" : 2000,
  "tip" : "每日累计消耗2000金币"
}, {
  "id" : 20061,
  "type" : 8,
  "items" : "<5995|20><5427|10><6007|5>",
  "value" : 5000,
  "tip" : "每日累计消耗5000金币"
}, {
  "id" : 20062,
  "type" : 8,
  "items" : "<5995|20><5427|10><6010|5>",
  "value" : 10000,
  "tip" : "每日累计消耗10000金币"
}, {
  "id" : 30000,
  "type" : 9,
  "idx" : 1,
  "img" : "qitiandenglu_bg",
  "desc1" : "7天登陆领奖",
  "items" : "<gold|20><6011|2>",
  "value" : 1,
  "tip" : "登陆第1天领取"
}, {
  "id" : 30001,
  "type" : 9,
  "items" : "<gold|30><5073|2>",
  "value" : 2,
  "tip" : "登陆第2天领取"
}, {
  "id" : 30002,
  "type" : 9,
  "items" : "<gold|30><5422|2>",
  "value" : 3,
  "tip" : "登陆第3天领取"
}, {
  "id" : 30003,
  "type" : 9,
  "items" : "<gold|40><6001|2>",
  "value" : 4,
  "tip" : "登陆第4天领取"
}, {
  "id" : 30004,
  "type" : 9,
  "items" : "<gold|40><5426|2>",
  "value" : 5,
  "tip" : "登陆第5天领取"
}, {
  "id" : 30005,
  "type" : 9,
  "items" : "<gold|50><5062|2>",
  "value" : 6,
  "tip" : "登陆第6天领取"
}, {
  "id" : 30006,
  "type" : 9,
  "items" : "<gold|50><6006|2>",
  "value" : 7,
  "tip" : "登陆第7天领取"
}, {
  "id" : 30007,
  "type" : 9,
  "idx" : 1,
  "img" : "qitiandenglu_bg",
  "desc1" : "7天登陆领奖",
  "items" : "<energy|20><6011|2>",
  "value" : 1,
  "tip" : "登陆第1天领取"
}, {
  "id" : 30008,
  "type" : 9,
  "items" : "<energy|30><5073|2>",
  "value" : 2,
  "tip" : "登陆第2天领取"
}, {
  "id" : 30009,
  "type" : 9,
  "items" : "<energy|30><5422|2>",
  "value" : 3,
  "tip" : "登陆第3天领取"
}, {
  "id" : 30010,
  "type" : 9,
  "items" : "<energy|40><6001|2>",
  "value" : 4,
  "tip" : "登陆第4天领取"
}, {
  "id" : 30011,
  "type" : 9,
  "items" : "<energy|40><5426|2>",
  "value" : 5,
  "tip" : "登陆第5天领取"
}, {
  "id" : 30012,
  "type" : 9,
  "items" : "<energy|50><5062|2>",
  "value" : 6,
  "tip" : "登陆第6天领取"
}, {
  "id" : 30013,
  "type" : 9,
  "items" : "<energy|50><6006|2>",
  "value" : 7,
  "tip" : "登陆第7天领取"
}, {
  "id" : 30014,
  "type" : 9,
  "idx" : 1,
  "img" : "qitiandenglu_bg",
  "desc1" : "7天登陆领奖",
  "items" : "<gold|20><6011|2>",
  "value" : 1,
  "tip" : "登陆第1天领取"
}, {
  "id" : 30015,
  "type" : 9,
  "items" : "<gold|30><5073|2>",
  "value" : 2,
  "tip" : "登陆第2天领取"
}, {
  "id" : 30016,
  "type" : 9,
  "items" : "<gold|30><5422|2>",
  "value" : 3,
  "tip" : "登陆第3天领取"
}, {
  "id" : 30017,
  "type" : 9,
  "items" : "<gold|40><6001|2>",
  "value" : 4,
  "tip" : "登陆第4天领取"
}, {
  "id" : 30018,
  "type" : 9,
  "items" : "<gold|40><5426|2>",
  "value" : 5,
  "tip" : "登陆第5天领取"
}, {
  "id" : 30019,
  "type" : 9,
  "items" : "<gold|50><5062|2>",
  "value" : 6,
  "tip" : "登陆第6天领取"
}, {
  "id" : 30020,
  "type" : 9,
  "items" : "<gold|50><6006|2>",
  "value" : 7,
  "tip" : "登陆第7天领取"
}, {
  "id" : 30021,
  "type" : 9,
  "idx" : 1,
  "img" : "qitiandenglu_bg",
  "desc1" : "7天登陆领奖",
  "items" : "<energy|20><6011|2>",
  "value" : 1,
  "tip" : "登陆第1天领取"
}, {
  "id" : 30022,
  "type" : 9,
  "items" : "<energy|30><5073|2>",
  "value" : 2,
  "tip" : "登陆第2天领取"
}, {
  "id" : 30023,
  "type" : 9,
  "items" : "<energy|30><5422|2>",
  "value" : 3,
  "tip" : "登陆第3天领取"
}, {
  "id" : 30024,
  "type" : 9,
  "items" : "<energy|40><6001|2>",
  "value" : 4,
  "tip" : "登陆第4天领取"
}, {
  "id" : 30025,
  "type" : 9,
  "items" : "<energy|40><5426|2>",
  "value" : 5,
  "tip" : "登陆第5天领取"
}, {
  "id" : 30026,
  "type" : 9,
  "items" : "<energy|50><5062|2>",
  "value" : 6,
  "tip" : "登陆第6天领取"
}, {
  "id" : 30027,
  "type" : 9,
  "items" : "<energy|50><6006|2>",
  "value" : 7,
  "tip" : "登陆第7天领取"
}, {
  "id" : 30028,
  "type" : 9,
  "idx" : 1,
  "img" : "qitiandenglu_bg",
  "desc1" : "7天登陆领奖",
  "items" : "<gold|20><6011|2>",
  "value" : 1,
  "tip" : "登陆第1天领取"
}, {
  "id" : 30029,
  "type" : 9,
  "items" : "<gold|30><5073|2>",
  "value" : 2,
  "tip" : "登陆第2天领取"
}, {
  "id" : 30030,
  "type" : 9,
  "items" : "<gold|30><5422|2>",
  "value" : 3,
  "tip" : "登陆第3天领取"
}, {
  "id" : 30031,
  "type" : 9,
  "items" : "<gold|40><6001|2>",
  "value" : 4,
  "tip" : "登陆第4天领取"
}, {
  "id" : 30032,
  "type" : 9,
  "items" : "<gold|40><5426|2>",
  "value" : 5,
  "tip" : "登陆第5天领取"
}, {
  "id" : 30033,
  "type" : 9,
  "items" : "<gold|50><5062|2>",
  "value" : 6,
  "tip" : "登陆第6天领取"
}, {
  "id" : 30034,
  "type" : 9,
  "items" : "<gold|50><6006|2>",
  "value" : 7,
  "tip" : "登陆第7天领取"
}, {
  "id" : 30035,
  "type" : 9,
  "idx" : 1,
  "img" : "qitiandenglu_bg",
  "desc1" : "7天登陆领奖",
  "items" : "<energy|20><6011|2>",
  "value" : 1,
  "tip" : "登陆第1天领取"
}, {
  "id" : 30036,
  "type" : 9,
  "items" : "<energy|30><5073|2>",
  "value" : 2,
  "tip" : "登陆第2天领取"
}, {
  "id" : 30037,
  "type" : 9,
  "items" : "<energy|30><5422|2>",
  "value" : 3,
  "tip" : "登陆第3天领取"
}, {
  "id" : 30038,
  "type" : 9,
  "items" : "<energy|40><6001|2>",
  "value" : 4,
  "tip" : "登陆第4天领取"
}, {
  "id" : 30039,
  "type" : 9,
  "items" : "<energy|40><5426|2>",
  "value" : 5,
  "tip" : "登陆第5天领取"
}, {
  "id" : 30040,
  "type" : 9,
  "items" : "<energy|50><5062|2>",
  "value" : 6,
  "tip" : "登陆第6天领取"
}, {
  "id" : 30041,
  "type" : 9,
  "items" : "<energy|50><6006|2>",
  "value" : 7,
  "tip" : "登陆第7天领取"
}, {
  "id" : 30042,
  "type" : 9,
  "idx" : 1,
  "img" : "qitiandenglu_bg",
  "desc1" : "7天登陆领奖",
  "items" : "<gold|20><6011|2>",
  "value" : 1,
  "tip" : "登陆第1天领取"
}, {
  "id" : 30043,
  "type" : 9,
  "items" : "<gold|30><5073|2>",
  "value" : 2,
  "tip" : "登陆第2天领取"
}, {
  "id" : 30044,
  "type" : 9,
  "items" : "<gold|30><5422|2>",
  "value" : 3,
  "tip" : "登陆第3天领取"
}, {
  "id" : 30045,
  "type" : 9,
  "items" : "<gold|40><6001|2>",
  "value" : 4,
  "tip" : "登陆第4天领取"
}, {
  "id" : 30046,
  "type" : 9,
  "items" : "<gold|40><5426|2>",
  "value" : 5,
  "tip" : "登陆第5天领取"
}, {
  "id" : 30047,
  "type" : 9,
  "items" : "<gold|50><5062|2>",
  "value" : 6,
  "tip" : "登陆第6天领取"
}, {
  "id" : 30048,
  "type" : 9,
  "items" : "<gold|50><6006|2>",
  "value" : 7,
  "tip" : "登陆第7天领取"
}, {
  "id" : 30049,
  "type" : 9,
  "idx" : 1,
  "img" : "qitiandenglu_bg",
  "desc1" : "7天登陆领奖",
  "items" : "<energy|20><6011|2>",
  "value" : 1,
  "tip" : "登陆第1天领取"
}, {
  "id" : 30050,
  "type" : 9,
  "items" : "<energy|30><5073|2>",
  "value" : 2,
  "tip" : "登陆第2天领取"
}, {
  "id" : 30051,
  "type" : 9,
  "items" : "<energy|30><5422|2>",
  "value" : 3,
  "tip" : "登陆第3天领取"
}, {
  "id" : 30052,
  "type" : 9,
  "items" : "<energy|40><6001|2>",
  "value" : 4,
  "tip" : "登陆第4天领取"
}, {
  "id" : 30053,
  "type" : 9,
  "items" : "<energy|40><5426|2>",
  "value" : 5,
  "tip" : "登陆第5天领取"
}, {
  "id" : 30054,
  "type" : 9,
  "items" : "<energy|50><5062|2>",
  "value" : 6,
  "tip" : "登陆第6天领取"
}, {
  "id" : 30055,
  "type" : 9,
  "items" : "<energy|50><6006|2>",
  "value" : 7,
  "tip" : "登陆第7天领取"
}, {
  "id" : 30056,
  "type" : 9,
  "idx" : 1,
  "img" : "qitiandenglu_bg",
  "desc1" : "7天登陆领奖",
  "items" : "<gold|20><6011|2>",
  "value" : 1,
  "tip" : "登陆第1天领取"
}, {
  "id" : 30057,
  "type" : 9,
  "items" : "<gold|30><5073|2>",
  "value" : 2,
  "tip" : "登陆第2天领取"
}, {
  "id" : 30058,
  "type" : 9,
  "items" : "<gold|30><5422|2>",
  "value" : 3,
  "tip" : "登陆第3天领取"
}, {
  "id" : 30059,
  "type" : 9,
  "items" : "<gold|40><6001|2>",
  "value" : 4,
  "tip" : "登陆第4天领取"
}, {
  "id" : 30060,
  "type" : 9,
  "items" : "<gold|40><5426|2>",
  "value" : 5,
  "tip" : "登陆第5天领取"
}, {
  "id" : 30061,
  "type" : 9,
  "items" : "<gold|50><5062|2>",
  "value" : 6,
  "tip" : "登陆第6天领取"
}, {
  "id" : 30062,
  "type" : 9,
  "items" : "<gold|50><6006|2>",
  "value" : 7,
  "tip" : "登陆第7天领取"
}, {
  "id" : 40000,
  "type" : 10,
  "idx" : 5,
  "img" : "haolikh_bg",
  "desc1" : "活动期间内累计充值达到特定金额即可领取奖励",
  "items" : "<5053|1><energy|10>",
  "value" : 60,
  "tip" : "累计充值达到6元领取"
}, {
  "id" : 40001,
  "type" : 10,
  "items" : "<4148|10><energy|20>",
  "value" : 300,
  "tip" : "累计充值达到30元领取"
}, {
  "id" : 40002,
  "type" : 10,
  "items" : "<5054|1><5081|10>",
  "value" : 500,
  "tip" : "累计充值达到50元领取"
}, {
  "id" : 40003,
  "type" : 10,
  "items" : "<55|1><energy|30>",
  "value" : 1000,
  "tip" : "累计充值达到100元领取"
}, {
  "id" : 40004,
  "type" : 10,
  "items" : "<4103|10><5082|10>",
  "value" : 2000,
  "tip" : "累计充值达到200元领取"
}, {
  "id" : 40005,
  "type" : 10,
  "items" : "<5055|1><energy|30>",
  "value" : 5000,
  "tip" : "累计充值达到500元领取"
}, {
  "id" : 40006,
  "type" : 10,
  "items" : "<4100|10>",
  "value" : 10000,
  "tip" : "累计充值达到1000元领取"
}, {
  "id" : 40007,
  "type" : 10,
  "idx" : 5,
  "img" : "haolikh_bg",
  "desc1" : "活动期间内累计充值达到特定金额即可领取奖励",
  "items" : "<5053|1><energy|10>",
  "value" : 60,
  "tip" : "累计充值达到6元领取"
}, {
  "id" : 40008,
  "type" : 10,
  "items" : "<4148|10><energy|20>",
  "value" : 300,
  "tip" : "累计充值达到30元领取"
}, {
  "id" : 40009,
  "type" : 10,
  "items" : "<5054|1><5081|10>",
  "value" : 500,
  "tip" : "累计充值达到50元领取"
}, {
  "id" : 40010,
  "type" : 10,
  "items" : "<55|1><energy|30>",
  "value" : 1000,
  "tip" : "累计充值达到100元领取"
}, {
  "id" : 40011,
  "type" : 10,
  "items" : "<4103|10><5082|10>",
  "value" : 2000,
  "tip" : "累计充值达到200元领取"
}, {
  "id" : 40012,
  "type" : 10,
  "items" : "<5055|1><energy|30>",
  "value" : 5000,
  "tip" : "累计充值达到500元领取"
}, {
  "id" : 40013,
  "type" : 10,
  "items" : "<4100|10>",
  "value" : 10000,
  "tip" : "累计充值达到1000元领取"
}, {
  "id" : 40014,
  "type" : 10,
  "idx" : 5,
  "img" : "haolikh_bg",
  "desc1" : "活动期间内累计充值达到特定金额即可领取奖励",
  "items" : "<5053|1><energy|10>",
  "value" : 60,
  "tip" : "累计充值达到6元领取"
}, {
  "id" : 40015,
  "type" : 10,
  "items" : "<4148|10><energy|20>",
  "value" : 300,
  "tip" : "累计充值达到30元领取"
}, {
  "id" : 40016,
  "type" : 10,
  "items" : "<5054|1><5081|10>",
  "value" : 500,
  "tip" : "累计充值达到50元领取"
}, {
  "id" : 40017,
  "type" : 10,
  "items" : "<55|1><energy|30>",
  "value" : 1000,
  "tip" : "累计充值达到100元领取"
}, {
  "id" : 40018,
  "type" : 10,
  "items" : "<4103|10><5082|10>",
  "value" : 2000,
  "tip" : "累计充值达到200元领取"
}, {
  "id" : 40019,
  "type" : 10,
  "items" : "<5055|1><energy|30>",
  "value" : 5000,
  "tip" : "累计充值达到500元领取"
}, {
  "id" : 40020,
  "type" : 10,
  "items" : "<4100|10>",
  "value" : 10000,
  "tip" : "累计充值达到1000元领取"
}, {
  "id" : 40021,
  "type" : 10,
  "idx" : 5,
  "img" : "haolikh_bg",
  "desc1" : "活动期间内累计充值达到特定金额即可领取奖励",
  "items" : "<5053|1><energy|10>",
  "value" : 60,
  "tip" : "累计充值达到6元领取"
}, {
  "id" : 40022,
  "type" : 10,
  "items" : "<4148|10><energy|20>",
  "value" : 300,
  "tip" : "累计充值达到30元领取"
}, {
  "id" : 40023,
  "type" : 10,
  "items" : "<5054|1><5081|10>",
  "value" : 500,
  "tip" : "累计充值达到50元领取"
}, {
  "id" : 40024,
  "type" : 10,
  "items" : "<55|1><energy|30>",
  "value" : 1000,
  "tip" : "累计充值达到100元领取"
}, {
  "id" : 40025,
  "type" : 10,
  "items" : "<4103|10><5082|10>",
  "value" : 2000,
  "tip" : "累计充值达到200元领取"
}, {
  "id" : 40026,
  "type" : 10,
  "items" : "<5055|1><energy|30>",
  "value" : 5000,
  "tip" : "累计充值达到500元领取"
}, {
  "id" : 40027,
  "type" : 10,
  "items" : "<4100|10>",
  "value" : 10000,
  "tip" : "累计充值达到1000元领取"
}, {
  "id" : 40028,
  "type" : 10,
  "idx" : 5,
  "img" : "haolikh_bg",
  "desc1" : "活动期间内累计充值达到特定金额即可领取奖励",
  "items" : "<5053|1><energy|10>",
  "value" : 60,
  "tip" : "累计充值达到6元领取"
}, {
  "id" : 40029,
  "type" : 10,
  "items" : "<4148|10><energy|20>",
  "value" : 300,
  "tip" : "累计充值达到30元领取"
}, {
  "id" : 40030,
  "type" : 10,
  "items" : "<5054|1><5081|10>",
  "value" : 500,
  "tip" : "累计充值达到50元领取"
}, {
  "id" : 40031,
  "type" : 10,
  "items" : "<55|1><energy|30>",
  "value" : 1000,
  "tip" : "累计充值达到100元领取"
}, {
  "id" : 40032,
  "type" : 10,
  "items" : "<4103|10><5082|10>",
  "value" : 2000,
  "tip" : "累计充值达到200元领取"
}, {
  "id" : 40033,
  "type" : 10,
  "items" : "<5055|1><energy|30>",
  "value" : 5000,
  "tip" : "累计充值达到500元领取"
}, {
  "id" : 40034,
  "type" : 10,
  "items" : "<4100|10>",
  "value" : 10000,
  "tip" : "累计充值达到1000元领取"
}, {
  "id" : 40035,
  "type" : 10,
  "idx" : 5,
  "img" : "haolikh_bg",
  "desc1" : "活动期间内累计充值达到特定金额即可领取奖励",
  "items" : "<5053|1><energy|10>",
  "value" : 60,
  "tip" : "累计充值达到6元领取"
}, {
  "id" : 40036,
  "type" : 10,
  "items" : "<4148|10><energy|20>",
  "value" : 300,
  "tip" : "累计充值达到30元领取"
}, {
  "id" : 40037,
  "type" : 10,
  "items" : "<5054|1><5081|10>",
  "value" : 500,
  "tip" : "累计充值达到50元领取"
}, {
  "id" : 40038,
  "type" : 10,
  "items" : "<55|1><energy|30>",
  "value" : 1000,
  "tip" : "累计充值达到100元领取"
}, {
  "id" : 40039,
  "type" : 10,
  "items" : "<4103|10><5082|10>",
  "value" : 2000,
  "tip" : "累计充值达到200元领取"
}, {
  "id" : 40040,
  "type" : 10,
  "items" : "<5055|1><energy|30>",
  "value" : 5000,
  "tip" : "累计充值达到500元领取"
}, {
  "id" : 40041,
  "type" : 10,
  "items" : "<4100|10>",
  "value" : 10000,
  "tip" : "累计充值达到1000元领取"
}, {
  "id" : 40042,
  "type" : 10,
  "idx" : 5,
  "img" : "haolikh_bg",
  "desc1" : "活动期间内累计充值达到特定金额即可领取奖励",
  "items" : "<5053|1><energy|10>",
  "value" : 60,
  "tip" : "累计充值达到6元领取"
}, {
  "id" : 40043,
  "type" : 10,
  "items" : "<4148|10><energy|20>",
  "value" : 300,
  "tip" : "累计充值达到30元领取"
}, {
  "id" : 40044,
  "type" : 10,
  "items" : "<5054|1><5081|10>",
  "value" : 500,
  "tip" : "累计充值达到50元领取"
}, {
  "id" : 40045,
  "type" : 10,
  "items" : "<55|1><energy|30>",
  "value" : 1000,
  "tip" : "累计充值达到100元领取"
}, {
  "id" : 40046,
  "type" : 10,
  "items" : "<4103|10><5082|10>",
  "value" : 2000,
  "tip" : "累计充值达到200元领取"
}, {
  "id" : 40047,
  "type" : 10,
  "items" : "<5055|1><energy|30>",
  "value" : 5000,
  "tip" : "累计充值达到500元领取"
}, {
  "id" : 40048,
  "type" : 10,
  "items" : "<4100|10>",
  "value" : 10000,
  "tip" : "累计充值达到1000元领取"
}, {
  "id" : 40049,
  "type" : 10,
  "idx" : 5,
  "img" : "haolikh_bg",
  "desc1" : "活动期间内累计充值达到特定金额即可领取奖励",
  "items" : "<5053|1><energy|10>",
  "value" : 60,
  "tip" : "累计充值达到6元领取"
}, {
  "id" : 40050,
  "type" : 10,
  "items" : "<4148|10><energy|20>",
  "value" : 300,
  "tip" : "累计充值达到30元领取"
}, {
  "id" : 40051,
  "type" : 10,
  "items" : "<5054|1><5081|10>",
  "value" : 500,
  "tip" : "累计充值达到50元领取"
}, {
  "id" : 40052,
  "type" : 10,
  "items" : "<55|1><energy|30>",
  "value" : 1000,
  "tip" : "累计充值达到100元领取"
}, {
  "id" : 40053,
  "type" : 10,
  "items" : "<4103|10><5082|10>",
  "value" : 2000,
  "tip" : "累计充值达到200元领取"
}, {
  "id" : 40054,
  "type" : 10,
  "items" : "<5055|1><energy|30>",
  "value" : 5000,
  "tip" : "累计充值达到500元领取"
}, {
  "id" : 40055,
  "type" : 10,
  "items" : "<4100|10>",
  "value" : 10000,
  "tip" : "累计充值达到1000元领取"
}, {
  "id" : 40056,
  "type" : 10,
  "idx" : 5,
  "img" : "haolikh_bg",
  "desc1" : "活动期间内累计充值达到特定金额即可领取奖励",
  "items" : "<5053|1><energy|10>",
  "value" : 60,
  "tip" : "累计充值达到6元领取"
}, {
  "id" : 40057,
  "type" : 10,
  "items" : "<4148|10><energy|20>",
  "value" : 300,
  "tip" : "累计充值达到30元领取"
}, {
  "id" : 40058,
  "type" : 10,
  "items" : "<5054|1><5081|10>",
  "value" : 500,
  "tip" : "累计充值达到50元领取"
}, {
  "id" : 40059,
  "type" : 10,
  "items" : "<55|1><energy|30>",
  "value" : 1000,
  "tip" : "累计充值达到100元领取"
}, {
  "id" : 40060,
  "type" : 10,
  "items" : "<4103|10><5082|10>",
  "value" : 2000,
  "tip" : "累计充值达到200元领取"
}, {
  "id" : 40061,
  "type" : 10,
  "items" : "<5055|1><energy|30>",
  "value" : 5000,
  "tip" : "累计充值达到500元领取"
}, {
  "id" : 40062,
  "type" : 10,
  "items" : "<4100|10>",
  "value" : 10000,
  "tip" : "累计充值达到1000元领取"
}, {
  "id" : 50000,
  "type" : 11,
  "idx" : 6,
  "img" : "viplingjiang",
  "desc1" : "达到指定的VIP等级可以领取奖励",
  "items" : "<energy|30>",
  "value" : 1,
  "tip" : "达到VIP1领取"
}, {
  "id" : 50001,
  "type" : 11,
  "items" : "<gold|200>",
  "value" : 2,
  "tip" : "达到VIP2领取"
}, {
  "id" : 50002,
  "type" : 11,
  "items" : "<6011|20>",
  "value" : 3,
  "tip" : "达到VIP3领取"
}, {
  "id" : 50003,
  "type" : 11,
  "items" : "<5072|20>",
  "value" : 4,
  "tip" : "达到VIP4领取"
}, {
  "id" : 50004,
  "type" : 11,
  "items" : "<gold|500>",
  "value" : 5,
  "tip" : "达到VIP5领取"
}, {
  "id" : 50005,
  "type" : 11,
  "items" : "<6011|50>",
  "value" : 6,
  "tip" : "达到VIP6领取"
}, {
  "id" : 50006,
  "type" : 11,
  "items" : "<5063|10>",
  "value" : 7,
  "tip" : "达到VIP7领取"
}, {
  "id" : 50007,
  "type" : 11,
  "items" : "<5055|1>",
  "value" : 8,
  "tip" : "达到VIP8领取"
}, {
  "id" : 50008,
  "type" : 11,
  "idx" : 6,
  "img" : "viplingjiang",
  "desc1" : "达到指定的VIP等级可以领取奖励",
  "items" : "<energy|30>",
  "value" : 1,
  "tip" : "达到VIP1领取"
}, {
  "id" : 50009,
  "type" : 11,
  "items" : "<gold|200>",
  "value" : 2,
  "tip" : "达到VIP2领取"
}, {
  "id" : 50010,
  "type" : 11,
  "items" : "<6011|20>",
  "value" : 3,
  "tip" : "达到VIP3领取"
}, {
  "id" : 50011,
  "type" : 11,
  "items" : "<5072|20>",
  "value" : 4,
  "tip" : "达到VIP4领取"
}, {
  "id" : 50012,
  "type" : 11,
  "items" : "<gold|500>",
  "value" : 5,
  "tip" : "达到VIP5领取"
}, {
  "id" : 50013,
  "type" : 11,
  "items" : "<6011|50>",
  "value" : 6,
  "tip" : "达到VIP6领取"
}, {
  "id" : 50014,
  "type" : 11,
  "items" : "<5063|10>",
  "value" : 7,
  "tip" : "达到VIP7领取"
}, {
  "id" : 50015,
  "type" : 11,
  "items" : "<5055|1>",
  "value" : 8,
  "tip" : "达到VIP8领取"
}, {
  "id" : 50016,
  "type" : 11,
  "idx" : 6,
  "img" : "viplingjiang",
  "desc1" : "达到指定的VIP等级可以领取奖励",
  "items" : "<energy|30>",
  "value" : 1,
  "tip" : "达到VIP1领取"
}, {
  "id" : 50017,
  "type" : 11,
  "items" : "<gold|200>",
  "value" : 2,
  "tip" : "达到VIP2领取"
}, {
  "id" : 50018,
  "type" : 11,
  "items" : "<6011|20>",
  "value" : 3,
  "tip" : "达到VIP3领取"
}, {
  "id" : 50019,
  "type" : 11,
  "items" : "<5072|20>",
  "value" : 4,
  "tip" : "达到VIP4领取"
}, {
  "id" : 50020,
  "type" : 11,
  "items" : "<gold|500>",
  "value" : 5,
  "tip" : "达到VIP5领取"
}, {
  "id" : 50021,
  "type" : 11,
  "items" : "<6011|50>",
  "value" : 6,
  "tip" : "达到VIP6领取"
}, {
  "id" : 50022,
  "type" : 11,
  "items" : "<5063|10>",
  "value" : 7,
  "tip" : "达到VIP7领取"
}, {
  "id" : 50023,
  "type" : 11,
  "items" : "<5055|1>",
  "value" : 8,
  "tip" : "达到VIP8领取"
}, {
  "id" : 50024,
  "type" : 11,
  "idx" : 6,
  "img" : "viplingjiang",
  "desc1" : "达到指定的VIP等级可以领取奖励",
  "items" : "<energy|30>",
  "value" : 1,
  "tip" : "达到VIP1领取"
}, {
  "id" : 50025,
  "type" : 11,
  "items" : "<gold|200>",
  "value" : 2,
  "tip" : "达到VIP2领取"
}, {
  "id" : 50026,
  "type" : 11,
  "items" : "<6011|20>",
  "value" : 3,
  "tip" : "达到VIP3领取"
}, {
  "id" : 50027,
  "type" : 11,
  "items" : "<5072|20>",
  "value" : 4,
  "tip" : "达到VIP4领取"
}, {
  "id" : 50028,
  "type" : 11,
  "items" : "<gold|500>",
  "value" : 5,
  "tip" : "达到VIP5领取"
}, {
  "id" : 50029,
  "type" : 11,
  "items" : "<6011|50>",
  "value" : 6,
  "tip" : "达到VIP6领取"
}, {
  "id" : 50030,
  "type" : 11,
  "items" : "<5063|10>",
  "value" : 7,
  "tip" : "达到VIP7领取"
}, {
  "id" : 50031,
  "type" : 11,
  "items" : "<5055|1>",
  "value" : 8,
  "tip" : "达到VIP8领取"
}, {
  "id" : 50032,
  "type" : 11,
  "idx" : 6,
  "img" : "viplingjiang",
  "desc1" : "达到指定的VIP等级可以领取奖励",
  "items" : "<energy|30>",
  "value" : 1,
  "tip" : "达到VIP1领取"
}, {
  "id" : 50033,
  "type" : 11,
  "items" : "<gold|200>",
  "value" : 2,
  "tip" : "达到VIP2领取"
}, {
  "id" : 50034,
  "type" : 11,
  "items" : "<6011|20>",
  "value" : 3,
  "tip" : "达到VIP3领取"
}, {
  "id" : 50035,
  "type" : 11,
  "items" : "<5072|20>",
  "value" : 4,
  "tip" : "达到VIP4领取"
}, {
  "id" : 50036,
  "type" : 11,
  "items" : "<gold|500>",
  "value" : 5,
  "tip" : "达到VIP5领取"
}, {
  "id" : 50037,
  "type" : 11,
  "items" : "<6011|50>",
  "value" : 6,
  "tip" : "达到VIP6领取"
}, {
  "id" : 50038,
  "type" : 11,
  "items" : "<5063|10>",
  "value" : 7,
  "tip" : "达到VIP7领取"
}, {
  "id" : 50039,
  "type" : 11,
  "items" : "<5055|1>",
  "value" : 8,
  "tip" : "达到VIP8领取"
}, {
  "id" : 50040,
  "type" : 11,
  "idx" : 6,
  "img" : "viplingjiang",
  "desc1" : "达到指定的VIP等级可以领取奖励",
  "items" : "<energy|30>",
  "value" : 1,
  "tip" : "达到VIP1领取"
}, {
  "id" : 50041,
  "type" : 11,
  "items" : "<gold|200>",
  "value" : 2,
  "tip" : "达到VIP2领取"
}, {
  "id" : 50042,
  "type" : 11,
  "items" : "<6011|20>",
  "value" : 3,
  "tip" : "达到VIP3领取"
}, {
  "id" : 50043,
  "type" : 11,
  "items" : "<5072|20>",
  "value" : 4,
  "tip" : "达到VIP4领取"
}, {
  "id" : 50044,
  "type" : 11,
  "items" : "<gold|500>",
  "value" : 5,
  "tip" : "达到VIP5领取"
}, {
  "id" : 50045,
  "type" : 11,
  "items" : "<6011|50>",
  "value" : 6,
  "tip" : "达到VIP6领取"
}, {
  "id" : 50046,
  "type" : 11,
  "items" : "<5063|10>",
  "value" : 7,
  "tip" : "达到VIP7领取"
}, {
  "id" : 50047,
  "type" : 11,
  "items" : "<5055|1>",
  "value" : 8,
  "tip" : "达到VIP8领取"
}, {
  "id" : 50048,
  "type" : 11,
  "idx" : 6,
  "img" : "viplingjiang",
  "desc1" : "达到指定的VIP等级可以领取奖励",
  "items" : "<energy|30>",
  "value" : 1,
  "tip" : "达到VIP1领取"
}, {
  "id" : 50049,
  "type" : 11,
  "items" : "<gold|200>",
  "value" : 2,
  "tip" : "达到VIP2领取"
}, {
  "id" : 50050,
  "type" : 11,
  "items" : "<6011|20>",
  "value" : 3,
  "tip" : "达到VIP3领取"
}, {
  "id" : 50051,
  "type" : 11,
  "items" : "<5072|20>",
  "value" : 4,
  "tip" : "达到VIP4领取"
}, {
  "id" : 50052,
  "type" : 11,
  "items" : "<gold|500>",
  "value" : 5,
  "tip" : "达到VIP5领取"
}, {
  "id" : 50053,
  "type" : 11,
  "items" : "<6011|50>",
  "value" : 6,
  "tip" : "达到VIP6领取"
}, {
  "id" : 50054,
  "type" : 11,
  "items" : "<5063|10>",
  "value" : 7,
  "tip" : "达到VIP7领取"
}, {
  "id" : 50055,
  "type" : 11,
  "items" : "<5055|1>",
  "value" : 8,
  "tip" : "达到VIP8领取"
}, {
  "id" : 50056,
  "type" : 11,
  "idx" : 6,
  "img" : "viplingjiang",
  "desc1" : "达到指定的VIP等级可以领取奖励",
  "items" : "<energy|30>",
  "value" : 1,
  "tip" : "达到VIP1领取"
}, {
  "id" : 50057,
  "type" : 11,
  "items" : "<gold|200>",
  "value" : 2,
  "tip" : "达到VIP2领取"
}, {
  "id" : 50058,
  "type" : 11,
  "items" : "<6011|20>",
  "value" : 3,
  "tip" : "达到VIP3领取"
}, {
  "id" : 50059,
  "type" : 11,
  "items" : "<5072|20>",
  "value" : 4,
  "tip" : "达到VIP4领取"
}, {
  "id" : 50060,
  "type" : 11,
  "items" : "<gold|500>",
  "value" : 5,
  "tip" : "达到VIP5领取"
}, {
  "id" : 50061,
  "type" : 11,
  "items" : "<6011|50>",
  "value" : 6,
  "tip" : "达到VIP6领取"
}, {
  "id" : 50062,
  "type" : 11,
  "items" : "<5063|10>",
  "value" : 7,
  "tip" : "达到VIP7领取"
}, {
  "id" : 50063,
  "type" : 11,
  "items" : "<5055|1>",
  "value" : 8,
  "tip" : "达到VIP8领取"
}, {
  "id" : 50064,
  "type" : 11,
  "idx" : 6,
  "img" : "viplingjiang",
  "desc1" : "达到指定的VIP等级可以领取奖励",
  "items" : "<energy|30>",
  "value" : 1,
  "tip" : "达到VIP1领取"
}, {
  "id" : 50065,
  "type" : 11,
  "items" : "<gold|200>",
  "value" : 2,
  "tip" : "达到VIP2领取"
}, {
  "id" : 50066,
  "type" : 11,
  "items" : "<6011|20>",
  "value" : 3,
  "tip" : "达到VIP3领取"
}, {
  "id" : 50067,
  "type" : 11,
  "items" : "<5072|20>",
  "value" : 4,
  "tip" : "达到VIP4领取"
}, {
  "id" : 50068,
  "type" : 11,
  "items" : "<gold|500>",
  "value" : 5,
  "tip" : "达到VIP5领取"
}, {
  "id" : 50069,
  "type" : 11,
  "items" : "<6011|50>",
  "value" : 6,
  "tip" : "达到VIP6领取"
}, {
  "id" : 50070,
  "type" : 11,
  "items" : "<5063|10>",
  "value" : 7,
  "tip" : "达到VIP7领取"
}, {
  "id" : 50071,
  "type" : 11,
  "items" : "<5055|1>",
  "value" : 8,
  "tip" : "达到VIP8领取"
}, {
  "id" : 60000,
  "type" : 4,
  "idx" : 8,
  "img" : "haolikh_bg",
  "desc1" : "活动期间内每日累计充值达到特定金额即可领取奖励",
  "items" : "<5423|2><5427|5><6011|5>",
  "value" : 300,
  "tip" : "单日累计充值达到30元领取"
}, {
  "id" : 60001,
  "type" : 4,
  "items" : "<5423|5><5427|10><6011|10>",
  "value" : 1000,
  "tip" : "单日累计充值达到100元领取"
}, {
  "id" : 60002,
  "type" : 4,
  "items" : "<5423|10><5427|25><6011|25>",
  "value" : 2000,
  "tip" : "单日累计充值达到200元领取"
}, {
  "id" : 60003,
  "type" : 4,
  "items" : "<5423|25><5427|50><5062|10>",
  "value" : 5000,
  "tip" : "单日累计充值达到500元领取"
}, {
  "id" : 60004,
  "type" : 4,
  "items" : "<5095|1><5055|1><5063|10>",
  "value" : 10000,
  "tip" : "单日累计充值达到1000元领取"
}, {
  "id" : 60005,
  "type" : 4,
  "items" : "<5095|2><5056|1><5064|10>",
  "value" : 20000,
  "tip" : "单日累计充值达到2000元领取"
}, {
  "id" : 60006,
  "type" : 4,
  "items" : "<5096|1><5056|1><5064|20>",
  "value" : 50000,
  "tip" : "单日累计充值达到5000元领取"
}, {
  "id" : 60007,
  "type" : 4,
  "idx" : 8,
  "img" : "haolikh_bg",
  "desc1" : "活动期间内每日累计充值达到特定金额即可领取奖励",
  "items" : "<5423|2><5427|5><6011|5>",
  "value" : 300,
  "tip" : "单日累计充值达到30元领取"
}, {
  "id" : 60008,
  "type" : 4,
  "items" : "<5423|5><5427|10><6011|10>",
  "value" : 1000,
  "tip" : "单日累计充值达到100元领取"
}, {
  "id" : 60009,
  "type" : 4,
  "items" : "<5423|10><5427|25><6011|25>",
  "value" : 2000,
  "tip" : "单日累计充值达到200元领取"
}, {
  "id" : 60010,
  "type" : 4,
  "items" : "<5423|25><5427|50><5062|10>",
  "value" : 5000,
  "tip" : "单日累计充值达到500元领取"
}, {
  "id" : 60011,
  "type" : 4,
  "items" : "<5095|1><5055|1><5063|10>",
  "value" : 10000,
  "tip" : "单日累计充值达到1000元领取"
}, {
  "id" : 60012,
  "type" : 4,
  "items" : "<5095|2><5056|1><5064|10>",
  "value" : 20000,
  "tip" : "单日累计充值达到2000元领取"
}, {
  "id" : 60013,
  "type" : 4,
  "items" : "<5096|1><5056|1><5064|20>",
  "value" : 50000,
  "tip" : "单日累计充值达到5000元领取"
}, {
  "id" : 60014,
  "type" : 4,
  "idx" : 8,
  "img" : "haolikh_bg",
  "desc1" : "活动期间内每日累计充值达到特定金额即可领取奖励",
  "items" : "<5423|2><5427|5><6011|5>",
  "value" : 300,
  "tip" : "单日累计充值达到30元领取"
}, {
  "id" : 60015,
  "type" : 4,
  "items" : "<5423|5><5427|10><6011|10>",
  "value" : 1000,
  "tip" : "单日累计充值达到100元领取"
}, {
  "id" : 60016,
  "type" : 4,
  "items" : "<5423|10><5427|25><6011|25>",
  "value" : 2000,
  "tip" : "单日累计充值达到200元领取"
}, {
  "id" : 60017,
  "type" : 4,
  "items" : "<5423|25><5427|50><5062|10>",
  "value" : 5000,
  "tip" : "单日累计充值达到500元领取"
}, {
  "id" : 60018,
  "type" : 4,
  "items" : "<5095|1><5055|1><5063|10>",
  "value" : 10000,
  "tip" : "单日累计充值达到1000元领取"
}, {
  "id" : 60019,
  "type" : 4,
  "items" : "<5095|2><5056|1><5064|10>",
  "value" : 20000,
  "tip" : "单日累计充值达到2000元领取"
}, {
  "id" : 60020,
  "type" : 4,
  "items" : "<5096|1><5056|1><5064|20>",
  "value" : 50000,
  "tip" : "单日累计充值达到5000元领取"
}, {
  "id" : 60021,
  "type" : 4,
  "idx" : 8,
  "img" : "haolikh_bg",
  "desc1" : "活动期间内每日累计充值达到特定金额即可领取奖励",
  "items" : "<5423|2><5427|5><6011|5>",
  "value" : 300,
  "tip" : "单日累计充值达到30元领取"
}, {
  "id" : 60022,
  "type" : 4,
  "items" : "<5423|5><5427|10><6011|10>",
  "value" : 1000,
  "tip" : "单日累计充值达到100元领取"
}, {
  "id" : 60023,
  "type" : 4,
  "items" : "<5423|10><5427|25><6011|25>",
  "value" : 2000,
  "tip" : "单日累计充值达到200元领取"
}, {
  "id" : 60024,
  "type" : 4,
  "items" : "<5423|25><5427|50><5062|10>",
  "value" : 5000,
  "tip" : "单日累计充值达到500元领取"
}, {
  "id" : 60025,
  "type" : 4,
  "items" : "<5095|1><5055|1><5063|10>",
  "value" : 10000,
  "tip" : "单日累计充值达到1000元领取"
}, {
  "id" : 60026,
  "type" : 4,
  "items" : "<5095|2><5056|1><5064|10>",
  "value" : 20000,
  "tip" : "单日累计充值达到2000元领取"
}, {
  "id" : 60027,
  "type" : 4,
  "items" : "<5096|1><5056|1><5064|20>",
  "value" : 50000,
  "tip" : "单日累计充值达到5000元领取"
}, {
  "id" : 60028,
  "type" : 4,
  "idx" : 8,
  "img" : "haolikh_bg",
  "desc1" : "活动期间内每日累计充值达到特定金额即可领取奖励",
  "items" : "<5423|2><5427|5><6011|5>",
  "value" : 300,
  "tip" : "单日累计充值达到30元领取"
}, {
  "id" : 60029,
  "type" : 4,
  "items" : "<5423|5><5427|10><6011|10>",
  "value" : 1000,
  "tip" : "单日累计充值达到100元领取"
}, {
  "id" : 60030,
  "type" : 4,
  "items" : "<5423|10><5427|25><6011|25>",
  "value" : 2000,
  "tip" : "单日累计充值达到200元领取"
}, {
  "id" : 60031,
  "type" : 4,
  "items" : "<5423|25><5427|50><5062|10>",
  "value" : 5000,
  "tip" : "单日累计充值达到500元领取"
}, {
  "id" : 60032,
  "type" : 4,
  "items" : "<5095|1><5055|1><5063|10>",
  "value" : 10000,
  "tip" : "单日累计充值达到1000元领取"
}, {
  "id" : 60033,
  "type" : 4,
  "items" : "<5095|2><5056|1><5064|10>",
  "value" : 20000,
  "tip" : "单日累计充值达到2000元领取"
}, {
  "id" : 60034,
  "type" : 4,
  "items" : "<5096|1><5056|1><5064|20>",
  "value" : 50000,
  "tip" : "单日累计充值达到5000元领取"
}, {
  "id" : 60035,
  "type" : 4,
  "idx" : 8,
  "img" : "haolikh_bg",
  "desc1" : "活动期间内每日累计充值达到特定金额即可领取奖励",
  "items" : "<5423|2><5427|5><6011|5>",
  "value" : 300,
  "tip" : "单日累计充值达到30元领取"
}, {
  "id" : 60036,
  "type" : 4,
  "items" : "<5423|5><5427|10><6011|10>",
  "value" : 1000,
  "tip" : "单日累计充值达到100元领取"
}, {
  "id" : 60037,
  "type" : 4,
  "items" : "<5423|10><5427|25><6011|25>",
  "value" : 2000,
  "tip" : "单日累计充值达到200元领取"
}, {
  "id" : 60038,
  "type" : 4,
  "items" : "<5423|25><5427|50><5062|10>",
  "value" : 5000,
  "tip" : "单日累计充值达到500元领取"
}, {
  "id" : 60039,
  "type" : 4,
  "items" : "<5095|1><5055|1><5063|10>",
  "value" : 10000,
  "tip" : "单日累计充值达到1000元领取"
}, {
  "id" : 60040,
  "type" : 4,
  "items" : "<5095|2><5056|1><5064|10>",
  "value" : 20000,
  "tip" : "单日累计充值达到2000元领取"
}, {
  "id" : 60041,
  "type" : 4,
  "items" : "<5096|1><5056|1><5064|20>",
  "value" : 50000,
  "tip" : "单日累计充值达到5000元领取"
}, {
  "id" : 60042,
  "type" : 4,
  "idx" : 8,
  "img" : "haolikh_bg",
  "desc1" : "活动期间内每日累计充值达到特定金额即可领取奖励",
  "items" : "<5423|2><5427|5><6011|5>",
  "value" : 300,
  "tip" : "单日累计充值达到30元领取"
}, {
  "id" : 60043,
  "type" : 4,
  "items" : "<5423|5><5427|10><6011|10>",
  "value" : 1000,
  "tip" : "单日累计充值达到100元领取"
}, {
  "id" : 60044,
  "type" : 4,
  "items" : "<5423|10><5427|25><6011|25>",
  "value" : 2000,
  "tip" : "单日累计充值达到200元领取"
}, {
  "id" : 60045,
  "type" : 4,
  "items" : "<5423|25><5427|50><5062|10>",
  "value" : 5000,
  "tip" : "单日累计充值达到500元领取"
}, {
  "id" : 60046,
  "type" : 4,
  "items" : "<5095|1><5055|1><5063|10>",
  "value" : 10000,
  "tip" : "单日累计充值达到1000元领取"
}, {
  "id" : 60047,
  "type" : 4,
  "items" : "<5095|2><5056|1><5064|10>",
  "value" : 20000,
  "tip" : "单日累计充值达到2000元领取"
}, {
  "id" : 60048,
  "type" : 4,
  "items" : "<5096|1><5056|1><5064|20>",
  "value" : 50000,
  "tip" : "单日累计充值达到5000元领取"
}, {
  "id" : 60049,
  "type" : 4,
  "idx" : 8,
  "img" : "haolikh_bg",
  "desc1" : "活动期间内每日累计充值达到特定金额即可领取奖励",
  "items" : "<5423|2><5427|5><6011|5>",
  "value" : 300,
  "tip" : "单日累计充值达到30元领取"
}, {
  "id" : 60050,
  "type" : 4,
  "items" : "<5423|5><5427|10><6011|10>",
  "value" : 1000,
  "tip" : "单日累计充值达到100元领取"
}, {
  "id" : 60051,
  "type" : 4,
  "items" : "<5423|10><5427|25><6011|25>",
  "value" : 2000,
  "tip" : "单日累计充值达到200元领取"
}, {
  "id" : 60052,
  "type" : 4,
  "items" : "<5423|25><5427|50><5062|10>",
  "value" : 5000,
  "tip" : "单日累计充值达到500元领取"
}, {
  "id" : 60053,
  "type" : 4,
  "items" : "<5095|1><5055|1><5063|10>",
  "value" : 10000,
  "tip" : "单日累计充值达到1000元领取"
}, {
  "id" : 60054,
  "type" : 4,
  "items" : "<5095|2><5056|1><5064|10>",
  "value" : 20000,
  "tip" : "单日累计充值达到2000元领取"
}, {
  "id" : 60055,
  "type" : 4,
  "items" : "<5096|1><5056|1><5064|20>",
  "value" : 50000,
  "tip" : "单日累计充值达到5000元领取"
}, {
  "id" : 60056,
  "type" : 4,
  "idx" : 8,
  "img" : "haolikh_bg",
  "desc1" : "活动期间内每日累计充值达到特定金额即可领取奖励",
  "items" : "<5423|2><5427|5><6011|5>",
  "value" : 300,
  "tip" : "单日累计充值达到30元领取"
}, {
  "id" : 60057,
  "type" : 4,
  "items" : "<5423|5><5427|10><6011|10>",
  "value" : 1000,
  "tip" : "单日累计充值达到100元领取"
}, {
  "id" : 60058,
  "type" : 4,
  "items" : "<5423|10><5427|25><6011|25>",
  "value" : 2000,
  "tip" : "单日累计充值达到200元领取"
}, {
  "id" : 60059,
  "type" : 4,
  "items" : "<5423|25><5427|50><5062|10>",
  "value" : 5000,
  "tip" : "单日累计充值达到500元领取"
}, {
  "id" : 60060,
  "type" : 4,
  "items" : "<5095|1><5055|1><5063|10>",
  "value" : 10000,
  "tip" : "单日累计充值达到1000元领取"
}, {
  "id" : 60061,
  "type" : 4,
  "items" : "<5095|2><5056|1><5064|10>",
  "value" : 20000,
  "tip" : "单日累计充值达到2000元领取"
}, {
  "id" : 60062,
  "type" : 4,
  "items" : "<5096|1><5056|1><5064|20>",
  "value" : 50000,
  "tip" : "单日累计充值达到5000元领取"
}, {
  "id" : 100000,
  "type" : 5,
  "idx" : 7,
  "img" : "tianjiangfuli_bg",
  "desc1" : "单笔充值达到特定金额即可领取相应奖励",
  "items" : "<5426|1><5422|1>",
  "value" : 60,
  "tip" : "单笔充值6元以上领取"
}, {
  "id" : 100001,
  "type" : 5,
  "items" : "<5426|10><5422|10>",
  "value" : 500,
  "tip" : "单笔充值50元以上领取"
}, {
  "id" : 100002,
  "type" : 5,
  "items" : "<5094|1><5062|20><gold|100>",
  "value" : 980,
  "tip" : "单笔充值98元以上领取"
}, {
  "id" : 100003,
  "type" : 5,
  "items" : "<5094|5><5063|30><gold|200>",
  "value" : 3280,
  "tip" : "单笔充值328元以上领取"
}, {
  "id" : 100004,
  "type" : 5,
  "items" : "<5095|1><5064|40><gold|500>",
  "value" : 6480,
  "tip" : "单笔充值648元以上领取"
}, {
  "id" : 100005,
  "type" : 5,
  "idx" : 7,
  "img" : "tianjiangfuli_bg",
  "desc1" : "单笔充值达到特定金额即可领取相应奖励",
  "items" : "<5061|10>",
  "value" : 60,
  "tip" : "单笔充值6元以上领取"
}, {
  "id" : 100006,
  "type" : 5,
  "items" : "<5093|1><5061|20><gold|50>",
  "value" : 500,
  "tip" : "单笔充值50元以上领取"
}, {
  "id" : 100007,
  "type" : 5,
  "items" : "<5094|1><5062|20><gold|100>",
  "value" : 980,
  "tip" : "单笔充值98元以上领取"
}, {
  "id" : 100008,
  "type" : 5,
  "items" : "<5094|5><5063|30><gold|200>",
  "value" : 3280,
  "tip" : "单笔充值328元以上领取"
}, {
  "id" : 100009,
  "type" : 5,
  "items" : "<5095|1><5064|40><gold|500>",
  "value" : 6480,
  "tip" : "单笔充值648元以上领取"
}, {
  "id" : 100010,
  "type" : 5,
  "idx" : 7,
  "img" : "tianjiangfuli_bg",
  "desc1" : "单笔充值达到特定金额即可领取相应奖励",
  "items" : "<5061|10>",
  "value" : 60,
  "tip" : "单笔充值6元以上领取"
}, {
  "id" : 100011,
  "type" : 5,
  "items" : "<5093|1><5061|20><gold|50>",
  "value" : 500,
  "tip" : "单笔充值50元以上领取"
}, {
  "id" : 100012,
  "type" : 5,
  "items" : "<5094|1><5062|20><gold|100>",
  "value" : 980,
  "tip" : "单笔充值98元以上领取"
}, {
  "id" : 100013,
  "type" : 5,
  "items" : "<5094|5><5063|30><gold|200>",
  "value" : 3280,
  "tip" : "单笔充值328元以上领取"
}, {
  "id" : 100014,
  "type" : 5,
  "items" : "<5095|1><5064|40><gold|500>",
  "value" : 6480,
  "tip" : "单笔充值648元以上领取"
}, {
  "id" : 100015,
  "type" : 5,
  "idx" : 7,
  "img" : "tianjiangfuli_bg",
  "desc1" : "单笔充值达到特定金额即可领取相应奖励",
  "items" : "<5061|10>",
  "value" : 60,
  "tip" : "单笔充值6元以上领取"
}, {
  "id" : 100016,
  "type" : 5,
  "items" : "<5093|1><5061|20><gold|50>",
  "value" : 500,
  "tip" : "单笔充值50元以上领取"
}, {
  "id" : 100017,
  "type" : 5,
  "items" : "<5094|1><5062|20><gold|100>",
  "value" : 980,
  "tip" : "单笔充值98元以上领取"
}, {
  "id" : 100018,
  "type" : 5,
  "items" : "<5094|5><5063|30><gold|200>",
  "value" : 3280,
  "tip" : "单笔充值328元以上领取"
}, {
  "id" : 100019,
  "type" : 5,
  "items" : "<5095|1><5064|40><gold|500>",
  "value" : 6480,
  "tip" : "单笔充值648元以上领取"
}, {
  "id" : 100020,
  "type" : 5,
  "idx" : 7,
  "img" : "tianjiangfuli_bg",
  "desc1" : "单笔充值达到特定金额即可领取相应奖励",
  "items" : "<5061|10>",
  "value" : 60,
  "tip" : "单笔充值6元以上领取"
}, {
  "id" : 100021,
  "type" : 5,
  "items" : "<5093|1><5061|20><gold|50>",
  "value" : 500,
  "tip" : "单笔充值50元以上领取"
}, {
  "id" : 100022,
  "type" : 5,
  "items" : "<5094|1><5062|20><gold|100>",
  "value" : 980,
  "tip" : "单笔充值98元以上领取"
}, {
  "id" : 100023,
  "type" : 5,
  "items" : "<5094|5><5063|30><gold|200>",
  "value" : 3280,
  "tip" : "单笔充值328元以上领取"
}, {
  "id" : 100024,
  "type" : 5,
  "items" : "<5095|1><5064|40><gold|500>",
  "value" : 6480,
  "tip" : "单笔充值648元以上领取"
}, {
  "id" : 100025,
  "type" : 5,
  "idx" : 7,
  "img" : "tianjiangfuli_bg",
  "desc1" : "单笔充值达到特定金额即可领取相应奖励",
  "items" : "<5061|10>",
  "value" : 60,
  "tip" : "单笔充值6元以上领取"
}, {
  "id" : 100026,
  "type" : 5,
  "items" : "<5093|1><5061|20><gold|50>",
  "value" : 500,
  "tip" : "单笔充值50元以上领取"
}, {
  "id" : 100027,
  "type" : 5,
  "items" : "<5094|1><5062|20><gold|100>",
  "value" : 980,
  "tip" : "单笔充值98元以上领取"
}, {
  "id" : 100028,
  "type" : 5,
  "items" : "<5094|5><5063|30><gold|200>",
  "value" : 3280,
  "tip" : "单笔充值328元以上领取"
}, {
  "id" : 100029,
  "type" : 5,
  "items" : "<5095|1><5064|40><gold|500>",
  "value" : 6480,
  "tip" : "单笔充值648元以上领取"
}, {
  "id" : 100030,
  "type" : 5,
  "idx" : 7,
  "img" : "tianjiangfuli_bg",
  "desc1" : "单笔充值达到特定金额即可领取相应奖励",
  "items" : "<5061|10>",
  "value" : 60,
  "tip" : "单笔充值6元以上领取"
}, {
  "id" : 100031,
  "type" : 5,
  "items" : "<5093|1><5061|20><gold|50>",
  "value" : 500,
  "tip" : "单笔充值50元以上领取"
}, {
  "id" : 100032,
  "type" : 5,
  "items" : "<5094|1><5062|20><gold|100>",
  "value" : 980,
  "tip" : "单笔充值98元以上领取"
}, {
  "id" : 100033,
  "type" : 5,
  "items" : "<5094|5><5063|30><gold|200>",
  "value" : 3280,
  "tip" : "单笔充值328元以上领取"
}, {
  "id" : 100034,
  "type" : 5,
  "items" : "<5095|1><5064|40><gold|500>",
  "value" : 6480,
  "tip" : "单笔充值648元以上领取"
}, {
  "id" : 100035,
  "type" : 5,
  "idx" : 7,
  "img" : "tianjiangfuli_bg",
  "desc1" : "单笔充值达到特定金额即可领取相应奖励",
  "items" : "<5061|10>",
  "value" : 60,
  "tip" : "单笔充值6元以上领取"
}, {
  "id" : 100036,
  "type" : 5,
  "items" : "<5093|1><5061|20><gold|50>",
  "value" : 500,
  "tip" : "单笔充值50元以上领取"
}, {
  "id" : 100037,
  "type" : 5,
  "items" : "<5094|1><5062|20><gold|100>",
  "value" : 980,
  "tip" : "单笔充值98元以上领取"
}, {
  "id" : 100038,
  "type" : 5,
  "items" : "<5094|5><5063|30><gold|200>",
  "value" : 3280,
  "tip" : "单笔充值328元以上领取"
}, {
  "id" : 100039,
  "type" : 5,
  "items" : "<5095|1><5064|40><gold|500>",
  "value" : 6480,
  "tip" : "单笔充值648元以上领取"
}, {
  "id" : 100040,
  "type" : 5,
  "idx" : 7,
  "img" : "tianjiangfuli_bg",
  "desc1" : "单笔充值达到特定金额即可领取相应奖励",
  "items" : "<5061|10>",
  "value" : 60,
  "tip" : "单笔充值6元以上领取"
}, {
  "id" : 100041,
  "type" : 5,
  "items" : "<5093|1><5061|20><gold|50>",
  "value" : 500,
  "tip" : "单笔充值50元以上领取"
}, {
  "id" : 100042,
  "type" : 5,
  "items" : "<5094|1><5062|20><gold|100>",
  "value" : 980,
  "tip" : "单笔充值98元以上领取"
}, {
  "id" : 100043,
  "type" : 5,
  "items" : "<5094|5><5063|30><gold|200>",
  "value" : 3280,
  "tip" : "单笔充值328元以上领取"
}, {
  "id" : 100044,
  "type" : 5,
  "items" : "<5095|1><5064|40><gold|500>",
  "value" : 6480,
  "tip" : "单笔充值648元以上领取"
}, {
  "id" : 100045,
  "type" : 5,
  "idx" : 7,
  "img" : "tianjiangfuli_bg",
  "desc1" : "单笔充值达到特定金额即可领取相应奖励",
  "items" : "<5061|10>",
  "value" : 60,
  "tip" : "单笔充值6元以上领取"
}, {
  "id" : 100046,
  "type" : 5,
  "items" : "<5093|1><5061|20><gold|50>",
  "value" : 500,
  "tip" : "单笔充值50元以上领取"
}, {
  "id" : 100047,
  "type" : 5,
  "items" : "<5094|1><5062|20><gold|100>",
  "value" : 980,
  "tip" : "单笔充值98元以上领取"
}, {
  "id" : 100048,
  "type" : 5,
  "items" : "<5094|5><5063|30><gold|200>",
  "value" : 3280,
  "tip" : "单笔充值328元以上领取"
}, {
  "id" : 100049,
  "type" : 5,
  "items" : "<5095|1><5064|40><gold|500>",
  "value" : 6480,
  "tip" : "单笔充值648元以上领取"
}, {
  "id" : 100050,
  "type" : 5,
  "idx" : 7,
  "img" : "tianjiangfuli_bg",
  "desc1" : "单笔充值达到特定金额即可领取相应奖励",
  "items" : "<5061|10>",
  "value" : 60,
  "tip" : "单笔充值6元以上领取"
}, {
  "id" : 100051,
  "type" : 5,
  "items" : "<5093|1><5061|20><gold|50>",
  "value" : 500,
  "tip" : "单笔充值50元以上领取"
}, {
  "id" : 100052,
  "type" : 5,
  "items" : "<5094|1><5062|20><gold|100>",
  "value" : 980,
  "tip" : "单笔充值98元以上领取"
}, {
  "id" : 100053,
  "type" : 5,
  "items" : "<5094|5><5063|30><gold|200>",
  "value" : 3280,
  "tip" : "单笔充值328元以上领取"
}, {
  "id" : 100054,
  "type" : 5,
  "items" : "<5095|1><5064|40><gold|500>",
  "value" : 6480,
  "tip" : "单笔充值648元以上领取"
}, {
  "id" : 100055,
  "type" : 5,
  "idx" : 7,
  "img" : "tianjiangfuli_bg",
  "desc1" : "单笔充值达到特定金额即可领取相应奖励",
  "items" : "<5061|10>",
  "value" : 60,
  "tip" : "单笔充值6元以上领取"
}, {
  "id" : 100056,
  "type" : 5,
  "items" : "<5093|1><5061|20><gold|50>",
  "value" : 500,
  "tip" : "单笔充值50元以上领取"
}, {
  "id" : 100057,
  "type" : 5,
  "items" : "<5094|1><5062|20><gold|100>",
  "value" : 980,
  "tip" : "单笔充值98元以上领取"
}, {
  "id" : 100058,
  "type" : 5,
  "items" : "<5094|5><5063|30><gold|200>",
  "value" : 3280,
  "tip" : "单笔充值328元以上领取"
}, {
  "id" : 100059,
  "type" : 5,
  "items" : "<5095|1><5064|40><gold|500>",
  "value" : 6480,
  "tip" : "单笔充值648元以上领取"
}, {
  "id" : 100060,
  "type" : 5,
  "idx" : 7,
  "img" : "tianjiangfuli_bg",
  "desc1" : "单笔充值达到特定金额即可领取相应奖励",
  "items" : "<5061|10>",
  "value" : 60,
  "tip" : "单笔充值6元以上领取"
}, {
  "id" : 100061,
  "type" : 5,
  "items" : "<5093|1><5061|20><gold|50>",
  "value" : 500,
  "tip" : "单笔充值50元以上领取"
}, {
  "id" : 100062,
  "type" : 5,
  "items" : "<5094|1><5062|20><gold|100>",
  "value" : 980,
  "tip" : "单笔充值98元以上领取"
}, {
  "id" : 100063,
  "type" : 5,
  "items" : "<5094|5><5063|30><gold|200>",
  "value" : 3280,
  "tip" : "单笔充值328元以上领取"
}, {
  "id" : 100064,
  "type" : 5,
  "items" : "<5095|1><5064|40><gold|500>",
  "value" : 6480,
  "tip" : "单笔充值648元以上领取"
}, {
  "id" : 100065,
  "type" : 5,
  "idx" : 7,
  "img" : "tianjiangfuli_bg",
  "desc1" : "单笔充值达到特定金额即可领取相应奖励",
  "items" : "<5061|10>",
  "value" : 60,
  "tip" : "单笔充值6元以上领取"
}, {
  "id" : 100066,
  "type" : 5,
  "items" : "<5093|1><5061|20><gold|50>",
  "value" : 500,
  "tip" : "单笔充值50元以上领取"
}, {
  "id" : 100067,
  "type" : 5,
  "items" : "<5094|1><5062|20><gold|100>",
  "value" : 980,
  "tip" : "单笔充值98元以上领取"
}, {
  "id" : 100068,
  "type" : 5,
  "items" : "<5094|5><5063|30><gold|200>",
  "value" : 3280,
  "tip" : "单笔充值328元以上领取"
}, {
  "id" : 100069,
  "type" : 5,
  "items" : "<5095|1><5064|40><gold|500>",
  "value" : 6480,
  "tip" : "单笔充值648元以上领取"
}, {
  "id" : 100070,
  "type" : 5,
  "idx" : 7,
  "img" : "tianjiangfuli_bg",
  "desc1" : "单笔充值达到特定金额即可领取相应奖励",
  "items" : "<5061|10>",
  "value" : 60,
  "tip" : "单笔充值6元以上领取"
}, {
  "id" : 100071,
  "type" : 5,
  "items" : "<5093|1><5061|20><gold|50>",
  "value" : 500,
  "tip" : "单笔充值50元以上领取"
}, {
  "id" : 100072,
  "type" : 5,
  "items" : "<5094|1><5062|20><gold|100>",
  "value" : 980,
  "tip" : "单笔充值98元以上领取"
}, {
  "id" : 100073,
  "type" : 5,
  "items" : "<5094|5><5063|30><gold|200>",
  "value" : 3280,
  "tip" : "单笔充值328元以上领取"
}, {
  "id" : 100074,
  "type" : 5,
  "items" : "<5095|1><5064|40><gold|500>",
  "value" : 6480,
  "tip" : "单笔充值648元以上领取"
}, {
  "id" : 100075,
  "type" : 5,
  "idx" : 7,
  "img" : "tianjiangfuli_bg",
  "desc1" : "单笔充值达到特定金额即可领取相应奖励",
  "items" : "<5061|10>",
  "value" : 60,
  "tip" : "单笔充值6元以上领取"
}, {
  "id" : 100076,
  "type" : 5,
  "items" : "<5093|1><5061|20><gold|50>",
  "value" : 500,
  "tip" : "单笔充值50元以上领取"
}, {
  "id" : 100077,
  "type" : 5,
  "items" : "<5094|1><5062|20><gold|100>",
  "value" : 980,
  "tip" : "单笔充值98元以上领取"
}, {
  "id" : 100078,
  "type" : 5,
  "items" : "<5094|5><5063|30><gold|200>",
  "value" : 3280,
  "tip" : "单笔充值328元以上领取"
}, {
  "id" : 100079,
  "type" : 5,
  "items" : "<5095|1><5064|40><gold|500>",
  "value" : 6480,
  "tip" : "单笔充值648元以上领取"
}, {
  "id" : 100080,
  "type" : 5,
  "idx" : 7,
  "img" : "tianjiangfuli_bg",
  "desc1" : "单笔充值达到特定金额即可领取相应奖励",
  "items" : "<5061|10>",
  "value" : 60,
  "tip" : "单笔充值6元以上领取"
}, {
  "id" : 100081,
  "type" : 5,
  "items" : "<5093|1><5061|20><gold|50>",
  "value" : 500,
  "tip" : "单笔充值50元以上领取"
}, {
  "id" : 100082,
  "type" : 5,
  "items" : "<5094|1><5062|20><gold|100>",
  "value" : 980,
  "tip" : "单笔充值98元以上领取"
}, {
  "id" : 100083,
  "type" : 5,
  "items" : "<5094|5><5063|30><gold|200>",
  "value" : 3280,
  "tip" : "单笔充值328元以上领取"
}, {
  "id" : 100084,
  "type" : 5,
  "items" : "<5095|1><5064|40><gold|500>",
  "value" : 6480,
  "tip" : "单笔充值648元以上领取"
}, {
  "id" : 100085,
  "type" : 5,
  "idx" : 7,
  "img" : "tianjiangfuli_bg",
  "desc1" : "单笔充值达到特定金额即可领取相应奖励",
  "items" : "<5061|10>",
  "value" : 60,
  "tip" : "单笔充值6元以上领取"
}, {
  "id" : 100086,
  "type" : 5,
  "items" : "<5093|1><5061|20><gold|50>",
  "value" : 500,
  "tip" : "单笔充值50元以上领取"
}, {
  "id" : 100087,
  "type" : 5,
  "items" : "<5094|1><5062|20><gold|100>",
  "value" : 980,
  "tip" : "单笔充值98元以上领取"
}, {
  "id" : 100088,
  "type" : 5,
  "items" : "<5094|5><5063|30><gold|200>",
  "value" : 3280,
  "tip" : "单笔充值328元以上领取"
}, {
  "id" : 100089,
  "type" : 5,
  "items" : "<5095|1><5064|40><gold|500>",
  "value" : 6480,
  "tip" : "单笔充值648元以上领取"
}, {
  "id" : 100090,
  "type" : 5,
  "idx" : 7,
  "img" : "tianjiangfuli_bg",
  "desc1" : "单笔充值达到特定金额即可领取相应奖励",
  "items" : "<5061|10>",
  "value" : 60,
  "tip" : "单笔充值6元以上领取"
}, {
  "id" : 100091,
  "type" : 5,
  "items" : "<5093|1><5061|20><gold|50>",
  "value" : 500,
  "tip" : "单笔充值50元以上领取"
}, {
  "id" : 100092,
  "type" : 5,
  "items" : "<5094|1><5062|20><gold|100>",
  "value" : 980,
  "tip" : "单笔充值98元以上领取"
}, {
  "id" : 100093,
  "type" : 5,
  "items" : "<5094|5><5063|30><gold|200>",
  "value" : 3280,
  "tip" : "单笔充值328元以上领取"
}, {
  "id" : 100094,
  "type" : 5,
  "items" : "<5095|1><5064|40><gold|500>",
  "value" : 6480,
  "tip" : "单笔充值648元以上领取"
}, {
  "id" : 100095,
  "type" : 5,
  "idx" : 7,
  "img" : "tianjiangfuli_bg",
  "desc1" : "单笔充值达到特定金额即可领取相应奖励",
  "items" : "<5061|10>",
  "value" : 60,
  "tip" : "单笔充值6元以上领取"
}, {
  "id" : 100096,
  "type" : 5,
  "items" : "<5093|1><5061|20><gold|50>",
  "value" : 500,
  "tip" : "单笔充值50元以上领取"
}, {
  "id" : 100097,
  "type" : 5,
  "items" : "<5094|1><5062|20><gold|100>",
  "value" : 980,
  "tip" : "单笔充值98元以上领取"
}, {
  "id" : 100098,
  "type" : 5,
  "items" : "<5094|5><5063|30><gold|200>",
  "value" : 3280,
  "tip" : "单笔充值328元以上领取"
}, {
  "id" : 100099,
  "type" : 5,
  "items" : "<5095|1><5064|40><gold|500>",
  "value" : 6480,
  "tip" : "单笔充值648元以上领取"
}, {
  "id" : 100100,
  "type" : 5,
  "idx" : 7,
  "img" : "tianjiangfuli_bg",
  "desc1" : "单笔充值达到特定金额即可领取相应奖励",
  "items" : "<5061|10>",
  "value" : 60,
  "tip" : "单笔充值6元以上领取"
}, {
  "id" : 100101,
  "type" : 5,
  "items" : "<5093|1><5061|20><gold|50>",
  "value" : 500,
  "tip" : "单笔充值50元以上领取"
}, {
  "id" : 100102,
  "type" : 5,
  "items" : "<5094|1><5062|20><gold|100>",
  "value" : 980,
  "tip" : "单笔充值98元以上领取"
}, {
  "id" : 100103,
  "type" : 5,
  "items" : "<5094|5><5063|30><gold|200>",
  "value" : 3280,
  "tip" : "单笔充值328元以上领取"
}, {
  "id" : 100104,
  "type" : 5,
  "items" : "<5095|1><5064|40><gold|500>",
  "value" : 6480,
  "tip" : "单笔充值648元以上领取"
}, {
  "id" : 100105,
  "type" : 5,
  "idx" : 7,
  "img" : "tianjiangfuli_bg",
  "desc1" : "单笔充值达到特定金额即可领取相应奖励",
  "items" : "<5061|10>",
  "value" : 60,
  "tip" : "单笔充值6元以上领取"
}, {
  "id" : 100106,
  "type" : 5,
  "items" : "<5093|1><5061|20><gold|50>",
  "value" : 500,
  "tip" : "单笔充值50元以上领取"
}, {
  "id" : 100107,
  "type" : 5,
  "items" : "<5094|1><5062|20><gold|100>",
  "value" : 980,
  "tip" : "单笔充值98元以上领取"
}, {
  "id" : 100108,
  "type" : 5,
  "items" : "<5094|5><5063|30><gold|200>",
  "value" : 3280,
  "tip" : "单笔充值328元以上领取"
}, {
  "id" : 100109,
  "type" : 5,
  "items" : "<5095|1><5064|40><gold|500>",
  "value" : 6480,
  "tip" : "单笔充值648元以上领取"
}, {
  "id" : 100110,
  "type" : 5,
  "idx" : 7,
  "img" : "tianjiangfuli_bg",
  "desc1" : "单笔充值达到特定金额即可领取相应奖励",
  "items" : "<5061|10>",
  "value" : 60,
  "tip" : "单笔充值6元以上领取"
}, {
  "id" : 100111,
  "type" : 5,
  "items" : "<5093|1><5061|20><gold|50>",
  "value" : 500,
  "tip" : "单笔充值50元以上领取"
}, {
  "id" : 100112,
  "type" : 5,
  "items" : "<5094|1><5062|20><gold|100>",
  "value" : 980,
  "tip" : "单笔充值98元以上领取"
}, {
  "id" : 100113,
  "type" : 5,
  "items" : "<5094|5><5063|30><gold|200>",
  "value" : 3280,
  "tip" : "单笔充值328元以上领取"
}, {
  "id" : 100114,
  "type" : 5,
  "items" : "<5095|1><5064|40><gold|500>",
  "value" : 6480,
  "tip" : "单笔充值648元以上领取"
}, {
  "id" : 100115,
  "type" : 5,
  "idx" : 7,
  "img" : "tianjiangfuli_bg",
  "desc1" : "单笔充值达到特定金额即可领取相应奖励",
  "items" : "<5061|10>",
  "value" : 60,
  "tip" : "单笔充值6元以上领取"
}, {
  "id" : 100116,
  "type" : 5,
  "items" : "<5093|1><5061|20><gold|50>",
  "value" : 500,
  "tip" : "单笔充值50元以上领取"
}, {
  "id" : 100117,
  "type" : 5,
  "items" : "<5094|1><5062|20><gold|100>",
  "value" : 980,
  "tip" : "单笔充值98元以上领取"
}, {
  "id" : 100118,
  "type" : 5,
  "items" : "<5094|5><5063|30><gold|200>",
  "value" : 3280,
  "tip" : "单笔充值328元以上领取"
}, {
  "id" : 100119,
  "type" : 5,
  "items" : "<5095|1><5064|40><gold|500>",
  "value" : 6480,
  "tip" : "单笔充值648元以上领取"
}, {
  "id" : 100120,
  "type" : 5,
  "idx" : 7,
  "img" : "tianjiangfuli_bg",
  "desc1" : "单笔充值达到特定金额即可领取相应奖励",
  "items" : "<5061|10>",
  "value" : 60,
  "tip" : "单笔充值6元以上领取"
}, {
  "id" : 100121,
  "type" : 5,
  "items" : "<5093|1><5061|20><gold|50>",
  "value" : 500,
  "tip" : "单笔充值50元以上领取"
}, {
  "id" : 100122,
  "type" : 5,
  "items" : "<5094|1><5062|20><gold|100>",
  "value" : 980,
  "tip" : "单笔充值98元以上领取"
}, {
  "id" : 100123,
  "type" : 5,
  "items" : "<5094|5><5063|30><gold|200>",
  "value" : 3280,
  "tip" : "单笔充值328元以上领取"
}, {
  "id" : 100124,
  "type" : 5,
  "items" : "<5095|1><5064|40><gold|500>",
  "value" : 6480,
  "tip" : "单笔充值648元以上领取"
}, {
  "id" : 100125,
  "type" : 5,
  "idx" : 7,
  "img" : "tianjiangfuli_bg",
  "desc1" : "单笔充值达到特定金额即可领取相应奖励",
  "items" : "<5061|10>",
  "value" : 60,
  "tip" : "单笔充值6元以上领取"
}, {
  "id" : 100126,
  "type" : 5,
  "items" : "<5093|1><5061|20><gold|50>",
  "value" : 500,
  "tip" : "单笔充值50元以上领取"
}, {
  "id" : 100127,
  "type" : 5,
  "items" : "<5094|1><5062|20><gold|100>",
  "value" : 980,
  "tip" : "单笔充值98元以上领取"
}, {
  "id" : 100128,
  "type" : 5,
  "items" : "<5094|5><5063|30><gold|200>",
  "value" : 3280,
  "tip" : "单笔充值328元以上领取"
}, {
  "id" : 100129,
  "type" : 5,
  "items" : "<5095|1><5064|40><gold|500>",
  "value" : 6480,
  "tip" : "单笔充值648元以上领取"
}, {
  "id" : 100130,
  "type" : 5,
  "idx" : 7,
  "img" : "tianjiangfuli_bg",
  "desc1" : "单笔充值达到特定金额即可领取相应奖励",
  "items" : "<5061|10>",
  "value" : 60,
  "tip" : "单笔充值6元以上领取"
}, {
  "id" : 100131,
  "type" : 5,
  "items" : "<5093|1><5061|20><gold|50>",
  "value" : 500,
  "tip" : "单笔充值50元以上领取"
}, {
  "id" : 100132,
  "type" : 5,
  "items" : "<5094|1><5062|20><gold|100>",
  "value" : 980,
  "tip" : "单笔充值98元以上领取"
}, {
  "id" : 100133,
  "type" : 5,
  "items" : "<5094|5><5063|30><gold|200>",
  "value" : 3280,
  "tip" : "单笔充值328元以上领取"
}, {
  "id" : 100134,
  "type" : 5,
  "items" : "<5095|1><5064|40><gold|500>",
  "value" : 6480,
  "tip" : "单笔充值648元以上领取"
}, {
  "id" : 100135,
  "type" : 5,
  "idx" : 7,
  "img" : "tianjiangfuli_bg",
  "desc1" : "单笔充值达到特定金额即可领取相应奖励",
  "items" : "<5061|10>",
  "value" : 60,
  "tip" : "单笔充值6元以上领取"
}, {
  "id" : 100136,
  "type" : 5,
  "items" : "<5093|1><5061|20><gold|50>",
  "value" : 500,
  "tip" : "单笔充值50元以上领取"
}, {
  "id" : 100137,
  "type" : 5,
  "items" : "<5094|1><5062|20><gold|100>",
  "value" : 980,
  "tip" : "单笔充值98元以上领取"
}, {
  "id" : 100138,
  "type" : 5,
  "items" : "<5094|5><5063|30><gold|200>",
  "value" : 3280,
  "tip" : "单笔充值328元以上领取"
}, {
  "id" : 100139,
  "type" : 5,
  "items" : "<5095|1><5064|40><gold|500>",
  "value" : 6480,
  "tip" : "单笔充值648元以上领取"
}, {
  "id" : 100140,
  "type" : 5,
  "idx" : 7,
  "img" : "tianjiangfuli_bg",
  "desc1" : "单笔充值达到特定金额即可领取相应奖励",
  "items" : "<5061|10>",
  "value" : 60,
  "tip" : "单笔充值6元以上领取"
}, {
  "id" : 100141,
  "type" : 5,
  "items" : "<5093|1><5061|20><gold|50>",
  "value" : 500,
  "tip" : "单笔充值50元以上领取"
}, {
  "id" : 100142,
  "type" : 5,
  "items" : "<5094|1><5062|20><gold|100>",
  "value" : 980,
  "tip" : "单笔充值98元以上领取"
}, {
  "id" : 100143,
  "type" : 5,
  "items" : "<5094|5><5063|30><gold|200>",
  "value" : 3280,
  "tip" : "单笔充值328元以上领取"
}, {
  "id" : 100144,
  "type" : 5,
  "items" : "<5095|1><5064|40><gold|500>",
  "value" : 6480,
  "tip" : "单笔充值648元以上领取"
}, {
  "id" : 100145,
  "type" : 5,
  "idx" : 7,
  "img" : "tianjiangfuli_bg",
  "desc1" : "单笔充值达到特定金额即可领取相应奖励",
  "items" : "<5061|10>",
  "value" : 60,
  "tip" : "单笔充值6元以上领取"
}, {
  "id" : 100146,
  "type" : 5,
  "items" : "<5093|1><5061|20><gold|50>",
  "value" : 500,
  "tip" : "单笔充值50元以上领取"
}, {
  "id" : 100147,
  "type" : 5,
  "items" : "<5094|1><5062|20><gold|100>",
  "value" : 980,
  "tip" : "单笔充值98元以上领取"
}, {
  "id" : 100148,
  "type" : 5,
  "items" : "<5094|5><5063|30><gold|200>",
  "value" : 3280,
  "tip" : "单笔充值328元以上领取"
}, {
  "id" : 100149,
  "type" : 5,
  "items" : "<5095|1><5064|40><gold|500>",
  "value" : 6480,
  "tip" : "单笔充值648元以上领取"
}, {
  "id" : 100150,
  "type" : 5,
  "idx" : 7,
  "img" : "tianjiangfuli_bg",
  "desc1" : "单笔充值达到特定金额即可领取相应奖励",
  "items" : "<5061|10>",
  "value" : 60,
  "tip" : "单笔充值6元以上领取"
}, {
  "id" : 100151,
  "type" : 5,
  "items" : "<5093|1><5061|20><gold|50>",
  "value" : 500,
  "tip" : "单笔充值50元以上领取"
}, {
  "id" : 100152,
  "type" : 5,
  "items" : "<5094|1><5062|20><gold|100>",
  "value" : 980,
  "tip" : "单笔充值98元以上领取"
}, {
  "id" : 100153,
  "type" : 5,
  "items" : "<5094|5><5063|30><gold|200>",
  "value" : 3280,
  "tip" : "单笔充值328元以上领取"
}, {
  "id" : 100154,
  "type" : 5,
  "items" : "<5095|1><5064|40><gold|500>",
  "value" : 6480,
  "tip" : "单笔充值648元以上领取"
}, {
  "id" : 100155,
  "type" : 5,
  "idx" : 7,
  "img" : "tianjiangfuli_bg",
  "desc1" : "单笔充值达到特定金额即可领取相应奖励",
  "items" : "<5061|10>",
  "value" : 60,
  "tip" : "单笔充值6元以上领取"
}, {
  "id" : 100156,
  "type" : 5,
  "items" : "<5093|1><5061|20><gold|50>",
  "value" : 500,
  "tip" : "单笔充值50元以上领取"
}, {
  "id" : 100157,
  "type" : 5,
  "items" : "<5094|1><5062|20><gold|100>",
  "value" : 980,
  "tip" : "单笔充值98元以上领取"
}, {
  "id" : 100158,
  "type" : 5,
  "items" : "<5094|5><5063|30><gold|200>",
  "value" : 3280,
  "tip" : "单笔充值328元以上领取"
}, {
  "id" : 100159,
  "type" : 5,
  "items" : "<5095|1><5064|40><gold|500>",
  "value" : 6480,
  "tip" : "单笔充值648元以上领取"
} ]