[ {
  "id" : 1,
  "type" : 1,
  "startTime" : "MON * ? 20 00 0",
  "endTime" : "MON * ? 20 30 0",
  "activity_gift_id" : "33"
}, {
  "id" : 2,
  "type" : 1,
  "startTime" : "TUE * ? 20 00 0",
  "endTime" : "TUE * ? 20 30 0",
  "activity_gift_id" : "34"
}, {
  "id" : 3,
  "type" : 1,
  "startTime" : "WED * ? 20 00 0",
  "endTime" : "WED * ? 20 30 0",
  "activity_gift_id" : "35"
}, {
  "id" : 4,
  "type" : 1,
  "startTime" : "THU * ? 20 00 0",
  "endTime" : "THU * ? 20 30 0",
  "activity_gift_id" : "36"
}, {
  "id" : 5,
  "type" : 1,
  "startTime" : "FRI * ? 20 00 0",
  "endTime" : "FRI * ? 20 30 0",
  "activity_gift_id" : "37"
}, {
  "id" : 6,
  "type" : 1,
  "startTime" : "SAT * ? 15 00 0",
  "endTime" : "SAT * ? 15 30 0",
  "activity_gift_id" : "38"
}, {
  "id" : 7,
  "type" : 1,
  "startTime" : "SAT * ? 20 00 0",
  "endTime" : "SAT * ? 20 30 0",
  "activity_gift_id" : "39"
}, {
  "id" : 80,
  "type" : 1,
  "startTime" : "SUN * ? 15 00 0",
  "endTime" : "SUN * ? 15 30 0",
  "activity_gift_id" : "40"
}, {
  "id" : 81,
  "type" : 1,
  "startTime" : "SUN * ? 20 00 0",
  "endTime" : "SUN * ? 20 30 0",
  "activity_gift_id" : "41"
}, {
  "id" : 8,
  "type" : 1,
  "startTime" : "MON * ? 20 30 10",
  "endTime" : "MON * ? 21 0 0",
  "activity_gift_id" : "45"
}, {
  "id" : 9,
  "type" : 1,
  "startTime" : "TUE * ? 20 30 10",
  "endTime" : "TUE * ? 21 0 0",
  "activity_gift_id" : "46"
}, {
  "id" : 10,
  "type" : 1,
  "startTime" : "WED * ? 20 30 10",
  "endTime" : "WED * ? 21 0 0",
  "activity_gift_id" : "47"
}, {
  "id" : 11,
  "type" : 1,
  "startTime" : "THU * ? 20 30 10",
  "endTime" : "THU * ? 21 0 0",
  "activity_gift_id" : "48"
}, {
  "id" : 12,
  "type" : 1,
  "startTime" : "FRI * ? 20 30 10",
  "endTime" : "FRI * ? 21 0 0",
  "activity_gift_id" : "49"
}, {
  "id" : 13,
  "type" : 1,
  "startTime" : "SAT * ? 20 30 10",
  "endTime" : "SAT * ? 21 0 0",
  "activity_gift_id" : "50"
}, {
  "id" : 14,
  "type" : 1,
  "startTime" : "SUN * ? 20 30 10",
  "endTime" : "SUN * ? 21 0 0",
  "activity_gift_id" : "51"
}, {
  "id" : 15,
  "type" : 1,
  "startDay" : 1,
  "endDay" : 1,
  "activity_gift_id" : "1"
}, {
  "id" : 16,
  "type" : 1,
  "startDay" : 2,
  "endDay" : 2,
  "activity_gift_id" : "2"
}, {
  "id" : 17,
  "type" : 1,
  "startDay" : 3,
  "endDay" : 3,
  "activity_gift_id" : "3"
}, {
  "id" : 18,
  "type" : 1,
  "startDay" : 4,
  "endDay" : 4,
  "activity_gift_id" : "4"
}, {
  "id" : 19,
  "type" : 1,
  "startDay" : 5,
  "endDay" : 5,
  "activity_gift_id" : "5"
}, {
  "id" : 20,
  "type" : 1,
  "startDay" : 6,
  "endDay" : 6,
  "activity_gift_id" : "6"
}, {
  "id" : 21,
  "type" : 1,
  "startDay" : 7,
  "endDay" : 7,
  "activity_gift_id" : "7"
}, {
  "id" : 22,
  "close" : 1,
  "type" : 1,
  "showTime" : "? 12 1 0 0 0",
  "startTime" : "? 12 1 0 0 1",
  "endTime" : "? 12 2 23 59 59",
  "activity_gift_id" : "12"
}, {
  "id" : 23,
  "close" : 1,
  "type" : 1,
  "showTime" : "? 12 1 0 0 0",
  "startTime" : "? 12 1 0 0 1",
  "endTime" : "? 12 2 23 59 59",
  "activity_gift_id" : "19"
}, {
  "id" : 24,
  "close" : 1,
  "type" : 1,
  "showTime" : "? 12 1 0 0 0",
  "startTime" : "? 12 1 0 0 1",
  "endTime" : "? 12 2 23 59 59",
  "activity_gift_id" : "20"
}, {
  "id" : 25,
  "close" : 1,
  "type" : 1,
  "showTime" : "? 12 1 0 0 0",
  "startTime" : "? 12 1 0 0 1",
  "endTime" : "? 12 2 23 59 59",
  "activity_gift_id" : "42"
}, {
  "id" : 26,
  "close" : 1,
  "type" : 1,
  "showTime" : "? 12 1 0 0 0",
  "startTime" : "? 12 1 0 0 1",
  "endTime" : "? 12 2 23 59 59",
  "activity_gift_id" : "44"
}, {
  "id" : 27,
  "type" : 1,
  "showTime" : "MON * ? 0 0 1",
  "startTime" : "MON * ? 0 0 1",
  "endTime" : "MON * ? 23 59 59",
  "activity_gift_id" : "1000|3000|4000|5000"
}, {
  "id" : 28,
  "type" : 1,
  "showTime" : "TUE * ? 0 0 1",
  "startTime" : "TUE * ? 0 0 1",
  "endTime" : "TUE * ? 23 59 59",
  "activity_gift_id" : "1001|3001|4001|5001"
}, {
  "id" : 29,
  "type" : 1,
  "showTime" : "WED * ? 0 0 1",
  "startTime" : "WED * ? 0 0 1",
  "endTime" : "WED * ? 23 59 59",
  "activity_gift_id" : "1002|3002|4002|5002"
}, {
  "id" : 30,
  "type" : 1,
  "showTime" : "THU * ? 0 0 1",
  "startTime" : "THU * ? 0 0 1",
  "endTime" : "THU * ? 23 59 59",
  "activity_gift_id" : "1003|3003|4003|5003"
}, {
  "id" : 31,
  "type" : 1,
  "showTime" : "FRI * ? 0 0 1",
  "startTime" : "FRI * ? 0 0 1",
  "endTime" : "FRI * ? 23 59 59",
  "activity_gift_id" : "1004|3004|4004|5004"
}, {
  "id" : 32,
  "type" : 1,
  "showTime" : "SAT * ? 0 0 1",
  "startTime" : "SAT * ? 0 0 1",
  "endTime" : "SAT * ? 23 59 59",
  "activity_gift_id" : "1005|3005|4005|5005"
}, {
  "id" : 33,
  "type" : 1,
  "showTime" : "SUN * ? 0 0 1",
  "startTime" : "SUN * ? 0 0 1",
  "endTime" : "SUN * ? 23 59 59",
  "activity_gift_id" : "1006|3006|4006|5006"
}, {
  "id" : 34,
  "type" : 1,
  "showTime" : "? 1 1 0 0 1",
  "startTime" : "? 1 1 0 0 1",
  "endTime" : "? 1 1 23 59 59",
  "activity_gift_id" : "2009"
}, {
  "id" : 35,
  "type" : 1,
  "showTime" : "? 1 2 0 0 1",
  "startTime" : "? 1 2 0 0 1",
  "endTime" : "? 1 2 23 59 59",
  "activity_gift_id" : "2010"
}, {
  "id" : 36,
  "type" : 1,
  "showTime" : "? 1 3 0 0 1",
  "startTime" : "? 1 3 0 0 1",
  "endTime" : "? 1 3 23 59 59",
  "activity_gift_id" : "2011"
}, {
  "id" : 37,
  "type" : 1,
  "showTime" : "? 1 1 0 0 1",
  "startTime" : "? 1 1 0 0 1",
  "endTime" : "? 1 1 23 59 59",
  "activity_gift_id" : "6000"
}, {
  "id" : 38,
  "type" : 1,
  "showTime" : "? 1 2 0 0 1",
  "startTime" : "? 1 2 0 0 1",
  "endTime" : "? 1 2 23 59 59",
  "activity_gift_id" : "6001"
}, {
  "id" : 39,
  "type" : 1,
  "showTime" : "? 1 3 0 0 1",
  "startTime" : "? 1 3 0 0 1",
  "endTime" : "? 1 3 23 59 59",
  "activity_gift_id" : "6002"
}, {
  "id" : 40,
  "type" : 2,
  "activity_gift_id" : "1|2|3|4|5|6|7|8|9|10|11|12|13|14|15|16|17|18|19|20|21|22|23|24|25|26|27|28|29|42"
}, {
  "id" : 41,
  "type" : 2,
  "startDay" : 1,
  "endDay" : 7,
  "activity_gift_id" : "50|51|52|53|54|55|56"
}, {
  "id" : 42,
  "type" : 2,
  "startDay" : 1,
  "endDay" : 3,
  "activity_gift_id" : "35|36|37|38|39|40|41|43|44|45|46|47|48|49|30|31|32|33|34|57|58|59|60|61|62|63"
}, {
  "id" : 43,
  "type" : 2,
  "startTime" : "? 12 18 0 0 1",
  "endTime" : "? 12 20 23 59 59",
  "activity_gift_id" : "10000|10001|10002|10003|10004|10005|10006|20000|20001|20002|20003|20004|20005|20006|30000|30001|30002|30003|30004|30005|30006|60000|60001|60002|60003|60004|60005|60006"
}, {
  "id" : 44,
  "type" : 2,
  "startTime" : "? 12 21 0 0 1",
  "endTime" : "? 12 27 23 59 59",
  "activity_gift_id" : "10007|10008|10009|10010|10011|10012|10013|20007|20008|20009|20010|20011|20012|20013|30007|30008|30009|30010|30011|30012|30013|60007|60008|60009|60010|60011|60012|60013"
}, {
  "id" : 45,
  "type" : 2,
  "startTime" : "? 12 28 0 0 1",
  "endTime" : "? 12 31 23 59 59",
  "activity_gift_id" : "10014|10015|10016|10017|10018|10019|10020|20014|20015|20016|20017|20018|20019|20020|30014|30015|30016|30017|30018|30019|30020|60014|60015|60016|60017|60018|60019|60020"
}, {
  "id" : 46,
  "type" : 2,
  "startTime" : "? 1 1 0 0 1",
  "endTime" : "? 1 10 23 59 59",
  "activity_gift_id" : "10021|10022|10023|10024|10025|10026|10027|20021|20022|20023|20024|20025|20026|20027|30021|30022|30023|30024|30025|30026|30027|60021|60022|60023|60024|60025|60026|60027"
}, {
  "id" : 47,
  "type" : 2,
  "startTime" : "? 1 11 0 0 1",
  "endTime" : "? 1 17 23 59 59",
  "activity_gift_id" : "10028|10029|10030|10031|10032|10033|10034|20028|20029|20030|20031|20032|20033|20034|30028|30029|30030|30031|30032|30033|30034|60028|60029|60030|60031|60032|60033|60034"
}, {
  "id" : 48,
  "type" : 2,
  "startTime" : "? 1 18 0 0 1",
  "endTime" : "? 1 24 23 59 59",
  "activity_gift_id" : "10035|10036|10037|10038|10039|10040|10041|20035|20036|20037|20038|20039|20040|20041|30035|30036|30037|30038|30039|30040|30041|60035|60036|60037|60038|60039|60040|60041"
}, {
  "id" : 49,
  "type" : 2,
  "startTime" : "? 1 25 0 0 1",
  "endTime" : "? 1 31 23 59 59",
  "activity_gift_id" : "10042|10043|10044|10045|10046|10047|10048|20042|20043|20044|20045|20046|20047|20048|30042|30043|30044|30045|30046|30047|30048|60042|60043|60044|60045|60046|60047|60048"
}, {
  "id" : 50,
  "type" : 2,
  "startTime" : "? 2 1 0 0 1",
  "endTime" : "? 2 5 23 59 59",
  "activity_gift_id" : "10049|10050|10051|10052|10053|10054|10055|20049|20050|20051|20052|20053|20054|20055|30049|30050|30051|30052|30053|30054|30055|60049|60050|60051|60052|60053|60054|60055"
}, {
  "id" : 51,
  "type" : 2,
  "startTime" : "? 2 6 0 0 1",
  "endTime" : "? 2 15 23 59 59",
  "activity_gift_id" : "10056|10057|10058|10059|10060|10061|10062|20056|20057|20058|20059|20060|20061|20062|30056|30057|30058|30059|30060|30061|30062|60056|60057|60058|60059|60060|60061|60062"
} ]