[{"guid":"vNFgTVOSlHKZL8SnQ9KfQXPyDCs","id":466},
{"guid":"vNFgTVOSlHKZL8SnQ9KfQXPyDCs","id":435},
{"guid":"81V3kvbzTE1CDbU5ATylSS9d5us","id":108},
{"guid":"zmPc5IGJomdqfeHWfca72/g2OeU","id":136},
{"guid":"VMuu2x6O9E1p8uAVY0aVo2MwlG4","id":191},
{"guid":"0Aln5+r4rdRxz1A+BPT3z8hdVAc","id":251},
{"guid":"0Aln5+r4rdRxz1A+BPT3z8hdVAc","id":260},
{"guid":"O23c8J8wmkX/irTfhaoQuCRX6WA","id":231},
{"guid":"O23c8J8wmkX/irTfhaoQuCRX6WA","id":21},
{"guid":"O23c8J8wmkX/irTfhaoQuCRX6WA","id":232},
{"guid":"agMY1kfT/gTOqMFfnKPlA1Ct2Ac","id":56},
{"guid":"QLoDOtZnzZN7JEG5m6gdpGfXFnM","id":25},
{"guid":"4EOnRhfU3rA/sKy+A4UoooNlgqw","id":92},
{"guid":"4EOnRhfU3rA/sKy+A4UoooNlgqw","id":20},
{"guid":"4EOnRhfU3rA/sKy+A4UoooNlgqw","id":63},
{"guid":"azkdbz4MNuXhtug6FHzq6gl8S/o","id":4},
{"guid":"y/E9DpDtFnXOoNiCduDConFRBnA","id":106},
{"guid":"n7RspteXb8LvPQSiHkANwk+8e6c","id":275},
{"guid":"n7RspteXb8LvPQSiHkANwk+8e6c","id":275},
{"guid":"n7RspteXb8LvPQSiHkANwk+8e6c","id":275},
{"guid":"hbQj/kLaqz3tDH7mOnmsxeLLEqw","id":87},
{"guid":"hbQj/kLaqz3tDH7mOnmsxeLLEqw","id":124},
{"guid":"hbQj/kLaqz3tDH7mOnmsxeLLEqw","id":114},
{"guid":"hbQj/kLaqz3tDH7mOnmsxeLLEqw","id":126},
{"guid":"hbQj/kLaqz3tDH7mOnmsxeLLEqw","id":113},
{"guid":"SZoNHMgvt72EwuwjVsGy9B0LKsw","id":179},
{"guid":"SZoNHMgvt72EwuwjVsGy9B0LKsw","id":1},
{"guid":"SZoNHMgvt72EwuwjVsGy9B0LKsw","id":38},
{"guid":"SZoNHMgvt72EwuwjVsGy9B0LKsw","id":180},
{"guid":"SZoNHMgvt72EwuwjVsGy9B0LKsw","id":181},
{"guid":"PjPrnMaPkPQ8AWGvoZYu+5Da7hY","id":154},
{"guid":"PjPrnMaPkPQ8AWGvoZYu+5Da7hY","id":153},
{"guid":"PjPrnMaPkPQ8AWGvoZYu+5Da7hY","id":152},
{"guid":"PjPrnMaPkPQ8AWGvoZYu+5Da7hY","id":151},
{"guid":"PjPrnMaPkPQ8AWGvoZYu+5Da7hY","id":66},
{"guid":"PLsozwNx10YDJKPwKg3INiGTSlI","id":34},
{"guid":"PLsozwNx10YDJKPwKg3INiGTSlI","id":47},
{"guid":"hsJAHeZrL4Q4K1r5Nb9U1WjbXRQ","id":286},
{"guid":"hsJAHeZrL4Q4K1r5Nb9U1WjbXRQ","id":302},
{"guid":"hsJAHeZrL4Q4K1r5Nb9U1WjbXRQ","id":303},
{"guid":"gsCipJ067zxjEkL/wt4Fqf/FNbs","id":186},
{"guid":"gsCipJ067zxjEkL/wt4Fqf/FNbs","id":144},
{"guid":"ix6KvCXKT7E0tI4BSlyCxuXEhGk","id":73},
{"guid":"yM9nLaTfptp94Hcdz6Y8PDnOiDo","id":140},
{"guid":"yM9nLaTfptp94Hcdz6Y8PDnOiDo","id":190},
{"guid":"4iIs3hFzlnA756QmpXWnKmJlTPc","id":80},
{"guid":"4iIs3hFzlnA756QmpXWnKmJlTPc","id":79},
{"guid":"D/CMxlbLzMki8XZlYM+Q83fEwy0","id":61},
{"guid":"D/CMxlbLzMki8XZlYM+Q83fEwy0","id":46},
{"guid":"D/CMxlbLzMki8XZlYM+Q83fEwy0","id":58},
{"guid":"OPIgNNztt8ZFc67hMXCy28249mw","id":321},
{"guid":"OPIgNNztt8ZFc67hMXCy28249mw","id":229},
{"guid":"OPIgNNztt8ZFc67hMXCy28249mw","id":334},
{"guid":"i7HVmcMIe3Zq1OANuifu5Y0/02I","id":45},
{"guid":"i7HVmcMIe3Zq1OANuifu5Y0/02I","id":1},
{"guid":"i7HVmcMIe3Zq1OANuifu5Y0/02I","id":8},
{"guid":"wS3/UGzWWbhG8FbOW22BI9QQdHI","id":36},
{"guid":"wS3/UGzWWbhG8FbOW22BI9QQdHI","id":7},
{"guid":"wS3/UGzWWbhG8FbOW22BI9QQdHI","id":37},
{"guid":"45fg5LbApf+PlDddpeRaxrIbQ9Y","id":65},
{"guid":"UZgdGLabBKm4nx+AncCajdoL2i8","id":71},
{"guid":"wGryF8+LpIWmy7bg7aKO7hH+svw","id":343},
{"guid":"wGryF8+LpIWmy7bg7aKO7hH+svw","id":344},
{"guid":"wGryF8+LpIWmy7bg7aKO7hH+svw","id":345},
{"guid":"6FRN8XYPyNJu188/iCEWmOET914","id":837},
{"guid":"6FRN8XYPyNJu188/iCEWmOET914","id":598},
{"guid":"IE6ae4kEcnGQSP45UDYhOZxFAsA","id":352},
{"guid":"Wbmk9oEBxf2Gbt0F0w+9HPTH1zU","id":129},
{"guid":"Wbmk9oEBxf2Gbt0F0w+9HPTH1zU","id":130},
{"guid":"VSdruNzGrFKTEkCtrU1mHCGLfms","id":4},
{"guid":"VSdruNzGrFKTEkCtrU1mHCGLfms","id":3},
{"guid":"VSdruNzGrFKTEkCtrU1mHCGLfms","id":5},
{"guid":"xvyWVEfKwsCawZGKjotIwL+T+7k","id":144},
{"guid":"xvyWVEfKwsCawZGKjotIwL+T+7k","id":122},
{"guid":"xvyWVEfKwsCawZGKjotIwL+T+7k","id":181},
{"guid":"/KKS+vVFZaegjSrYqGUgQ5cUuTs","id":57},
{"guid":"heglCxEbn4Rc9REbtiUhYDkG9Pc","id":62},
{"guid":"ZK2e8BhvnbhRgDpnLxYFG0xDAw4","id":108},
{"guid":"1Kbam/w9ZeECG0FPVVYL+T7Y0+E","id":220},
{"guid":"1Kbam/w9ZeECG0FPVVYL+T7Y0+E","id":296},
{"guid":"VAH/bB5QTTBZb9RCVPhexv04JHk","id":14},
{"guid":"VAH/bB5QTTBZb9RCVPhexv04JHk","id":7},
{"guid":"VAH/bB5QTTBZb9RCVPhexv04JHk","id":4},
{"guid":"kJoCnvdUraonSjaKPVxYix0n6gM","id":10},
{"guid":"tz/fcNhNZ5jBss/49LWTpOEmtPo","id":10},
{"guid":"tz/fcNhNZ5jBss/49LWTpOEmtPo","id":6},
{"guid":"vYfKpJB1HDvZ4X0w6j53TDXRhKA","id":271},
{"guid":"vYfKpJB1HDvZ4X0w6j53TDXRhKA","id":208},
{"guid":"vYfKpJB1HDvZ4X0w6j53TDXRhKA","id":270},
{"guid":"VcVevh3TtRykhlWGn7wiw1OcAOg","id":42},
{"guid":"VcVevh3TtRykhlWGn7wiw1OcAOg","id":1},
{"guid":"44qIdxOxxUFv9KYSR+FsW4rA44s","id":1},
{"guid":"dx9ggu6P0/Nf3+A4fMgkQEasB74","id":91},
{"guid":"dx9ggu6P0/Nf3+A4fMgkQEasB74","id":7},
{"guid":"dx9ggu6P0/Nf3+A4fMgkQEasB74","id":136},
{"guid":"9hwR8xw9uvzd1tKJQAUTpKuVjd0","id":87},
{"guid":"9hwR8xw9uvzd1tKJQAUTpKuVjd0","id":52},
{"guid":"/MxoXYLK6YjwG0zz48oG6fgOIVI","id":138},
{"guid":"/MxoXYLK6YjwG0zz48oG6fgOIVI","id":142},
{"guid":"/MxoXYLK6YjwG0zz48oG6fgOIVI","id":15},
{"guid":"togUcWd1aQcByf8EeVTOkSf3VIw","id":308},
{"guid":"togUcWd1aQcByf8EeVTOkSf3VIw","id":350},
{"guid":"togUcWd1aQcByf8EeVTOkSf3VIw","id":288},
{"guid":"QhdNDGv1RpR99p+zb2DvIJ/A8fs","id":62},
{"guid":"QhdNDGv1RpR99p+zb2DvIJ/A8fs","id":116},
{"guid":"QhdNDGv1RpR99p+zb2DvIJ/A8fs","id":98},
{"guid":"IGgkMqnxLEKBxNJdWaQrjpJhneI","id":230},
{"guid":"IGgkMqnxLEKBxNJdWaQrjpJhneI","id":231},
{"guid":"oUErjvQYFT/r422ZIF1OtXslUC8","id":357},
{"guid":"lKMx2ureh4Cltv30lxR0L9dW6Js","id":19},
{"guid":"lKMx2ureh4Cltv30lxR0L9dW6Js","id":231},
{"guid":"lKMx2ureh4Cltv30lxR0L9dW6Js","id":200},
{"guid":"aI7ikq9neKVPV6aAYY4KjRZEJDo","id":38},
{"guid":"1Fw31pjJU95XdgGYnons6AtzWg8","id":797},
{"guid":"1Fw31pjJU95XdgGYnons6AtzWg8","id":798},
{"guid":"1Fw31pjJU95XdgGYnons6AtzWg8","id":799},
{"guid":"1tfw8ltRb1S8AyxUmwd8nX0WaK8","id":8},
{"guid":"1tfw8ltRb1S8AyxUmwd8nX0WaK8","id":6},
{"guid":"1tfw8ltRb1S8AyxUmwd8nX0WaK8","id":19},
{"guid":"+rjiA3FS67trerhKnJd95nkfqtI","id":7},
{"guid":"iRcG258KvQeiNCfLehojVS6nULk","id":30},
{"guid":"iRcG258KvQeiNCfLehojVS6nULk","id":28},
{"guid":"//+L/fwM8270fosb02vJlqH8uYA","id":55},
{"guid":"//+L/fwM8270fosb02vJlqH8uYA","id":50},
{"guid":"//+L/fwM8270fosb02vJlqH8uYA","id":52},
{"guid":"DRpnGmX1Pw4uV5jPonRGpX0d7o8","id":17},
{"guid":"DRpnGmX1Pw4uV5jPonRGpX0d7o8","id":63},
{"guid":"DRpnGmX1Pw4uV5jPonRGpX0d7o8","id":81},
{"guid":"xtBrCT+QtZ6KjXGAUxgTNXZmDHA","id":130},
{"guid":"xtBrCT+QtZ6KjXGAUxgTNXZmDHA","id":201},
{"guid":"FmEAzZHKE7fNwGDuiCINSjdMRNI","id":188},
{"guid":"FmEAzZHKE7fNwGDuiCINSjdMRNI","id":186},
{"guid":"FmEAzZHKE7fNwGDuiCINSjdMRNI","id":189},
{"guid":"Qy7jY30g9f7rqGtKonPv3uA3mFI","id":634},
{"guid":"Qy7jY30g9f7rqGtKonPv3uA3mFI","id":644},
{"guid":"6SZf4XNZXLtubsixg9DPKVF+XSE","id":135},
{"guid":"cU1pON3tw32Cu4P7cl2gxtcyHdQ","id":99},
{"guid":"cU1pON3tw32Cu4P7cl2gxtcyHdQ","id":100},
{"guid":"cU1pON3tw32Cu4P7cl2gxtcyHdQ","id":108},
{"guid":"CrIy0/s1XIMTSBo2B+28+96hozo","id":99},
{"guid":"7IGk1teP4jiDQ7zrFzkiIiK1dGQ","id":227},
{"guid":"7IGk1teP4jiDQ7zrFzkiIiK1dGQ","id":234},
{"guid":"7IGk1teP4jiDQ7zrFzkiIiK1dGQ","id":235},
{"guid":"L8DOEgmZd6nChkXUTb7f2fHJQYs","id":22},
{"guid":"L8DOEgmZd6nChkXUTb7f2fHJQYs","id":25},
{"guid":"5kCVG0WCC5U3A5TMrix0n3lrY04","id":19},
{"guid":"KFIUTjqWxNvVVDVHeUltRWnKpmw","id":82},
{"guid":"KFIUTjqWxNvVVDVHeUltRWnKpmw","id":124},
{"guid":"KFIUTjqWxNvVVDVHeUltRWnKpmw","id":143},
{"guid":"Kdgr9LLqGfqDDX2+NXawIygvBQ0","id":58},
{"guid":"Kdgr9LLqGfqDDX2+NXawIygvBQ0","id":47},
{"guid":"CHci3suB28YiuRIyiqoI4HJmACM","id":33},
{"guid":"CHci3suB28YiuRIyiqoI4HJmACM","id":11},
{"guid":"CHci3suB28YiuRIyiqoI4HJmACM","id":53},
{"guid":"jOegLc3DRegQb+cLq8V2If+twpA","id":639},
{"guid":"jOegLc3DRegQb+cLq8V2If+twpA","id":640},
{"guid":"jOegLc3DRegQb+cLq8V2If+twpA","id":638},
{"guid":"86KvVTdFwxFN6GvTxJcZmCag/W0","id":900},
{"guid":"86KvVTdFwxFN6GvTxJcZmCag/W0","id":899},
{"guid":"qD7VtNubF3AMvpNcfja1vR5sc04","id":129},
{"guid":"A9cd9KSn4s6nS7mZGw/DwWuJOb0","id":169},
{"guid":"A9cd9KSn4s6nS7mZGw/DwWuJOb0","id":5},
{"guid":"A9cd9KSn4s6nS7mZGw/DwWuJOb0","id":170},
{"guid":"jOh4uGOvzMMNjoFJT72mnLqu740","id":215},
{"guid":"jOh4uGOvzMMNjoFJT72mnLqu740","id":214},
{"guid":"jOh4uGOvzMMNjoFJT72mnLqu740","id":174},
{"guid":"TmYsFrZqEYcjZ2bO3b2YpE78yzk","id":311},
{"guid":"IYl4pGBluENsAt+BtRgMlQkQssw","id":157},
{"guid":"IYl4pGBluENsAt+BtRgMlQkQssw","id":445},
{"guid":"9WWj4HqMVOy/sc69EnUypVIp9Kc","id":60},
{"guid":"9WWj4HqMVOy/sc69EnUypVIp9Kc","id":97},
{"guid":"/pbEJws2PdvjrYMI5GGysoy8KVU","id":173},
{"guid":"/pbEJws2PdvjrYMI5GGysoy8KVU","id":159},
{"guid":"/pbEJws2PdvjrYMI5GGysoy8KVU","id":174},
{"guid":"oP4mfpyg/UUQ/WR8tEyDbFMIZDU","id":42},
{"guid":"oP4mfpyg/UUQ/WR8tEyDbFMIZDU","id":71},
{"guid":"oP4mfpyg/UUQ/WR8tEyDbFMIZDU","id":42},
{"guid":"fPL1FqiTqHUnsU5mwKnkHVAA9RA","id":98},
{"guid":"fPL1FqiTqHUnsU5mwKnkHVAA9RA","id":97},
{"guid":"fPL1FqiTqHUnsU5mwKnkHVAA9RA","id":96},
{"guid":"UBxu3g8ftt0smzHdjoPb9DB3GP8","id":293},
{"guid":"UBxu3g8ftt0smzHdjoPb9DB3GP8","id":289},
{"guid":"UBxu3g8ftt0smzHdjoPb9DB3GP8","id":269},
{"guid":"DTKui706pqohhfUJiY+YriBVvS4","id":63},
{"guid":"DTKui706pqohhfUJiY+YriBVvS4","id":218},
{"guid":"DTKui706pqohhfUJiY+YriBVvS4","id":224},
{"guid":"UA6wJIWFnLy2U/IM/f/6v7hOs2M","id":180},
{"guid":"UA6wJIWFnLy2U/IM/f/6v7hOs2M","id":125},
{"guid":"UA6wJIWFnLy2U/IM/f/6v7hOs2M","id":113},
{"guid":"QP5O8wTgS+eNM/x3YP6s/NtJ8Oc","id":56},
{"guid":"CGzg4xG9PYQCc1Z8Jvgoi86VfG8","id":127},
{"guid":"CGzg4xG9PYQCc1Z8Jvgoi86VfG8","id":5},
{"guid":"CGzg4xG9PYQCc1Z8Jvgoi86VfG8","id":6},
{"guid":"aTu2OtsQMCzwRRIyKAPJWPKb7y0","id":10},
{"guid":"fm1Y2Lik+n29VFJMo5eFCgjYql0","id":67},
{"guid":"fm1Y2Lik+n29VFJMo5eFCgjYql0","id":70},
{"guid":"fm1Y2Lik+n29VFJMo5eFCgjYql0","id":100},
{"guid":"5P1rolCFogjDFsPOlulyH/oYado","id":159},
{"guid":"5P1rolCFogjDFsPOlulyH/oYado","id":163},
{"guid":"5P1rolCFogjDFsPOlulyH/oYado","id":160},
{"guid":"WN7zBDrU+i/sxsVfBentw1zikZw","id":45},
{"guid":"WN7zBDrU+i/sxsVfBentw1zikZw","id":46},
{"guid":"ocnJQCB2LgGQKaGua/y5YPmI2+k","id":691},
{"guid":"ocnJQCB2LgGQKaGua/y5YPmI2+k","id":692},
{"guid":"ocnJQCB2LgGQKaGua/y5YPmI2+k","id":693},
{"guid":"X9Zb638sY9HTUvnHVmqiCSrUDZI","id":325},
{"guid":"X9Zb638sY9HTUvnHVmqiCSrUDZI","id":56},
{"guid":"X9Zb638sY9HTUvnHVmqiCSrUDZI","id":174},
{"guid":"V/vgtD4JHTkzxhiepojuAFw/eNM","id":50},
{"guid":"iQwxexQ/LDbbcdiTP4o5CD5x9EA","id":271},
{"guid":"iQwxexQ/LDbbcdiTP4o5CD5x9EA","id":261},
{"guid":"iQwxexQ/LDbbcdiTP4o5CD5x9EA","id":248},
{"guid":"hqzmURJql8bFv7fJRyINJYmNke0","id":399},
{"guid":"pV0Mfl+VGLAURDq24qeFWPc0tlg","id":649},
{"guid":"pV0Mfl+VGLAURDq24qeFWPc0tlg","id":648},
{"guid":"pV0Mfl+VGLAURDq24qeFWPc0tlg","id":650},
{"guid":"G1Vkuz7cq+51r0Zow43qq0v3lJE","id":412},
{"guid":"YvVHXrTMTc/6Bq8Ht9hch730Cxw","id":407},
{"guid":"ASHmoT3qinZJec7+GbsYYdGVJ9U","id":186},
{"guid":"On+QndNa+dxqyJQrqhI1Zmbd73s","id":218},
{"guid":"On+QndNa+dxqyJQrqhI1Zmbd73s","id":218},
{"guid":"On+QndNa+dxqyJQrqhI1Zmbd73s","id":218},
{"guid":"yBbzmnmmlPfspVuDnE7iWAUOH5I","id":16},
{"guid":"87NehcdPobTxiYq3bfKctrWJkkM","id":13},
{"guid":"87NehcdPobTxiYq3bfKctrWJkkM","id":5},
{"guid":"87NehcdPobTxiYq3bfKctrWJkkM","id":44},
{"guid":"GftdXPj1R52WtZZuuawKrbAdXus","id":4},
{"guid":"b6JKkqIKy03rTQyoBgh5hMHC8Mw","id":24},
{"guid":"EYQwbb4wBLI2z4AllWwG/0OL4QE","id":21},
{"guid":"EYQwbb4wBLI2z4AllWwG/0OL4QE","id":10},
{"guid":"4pLqKIbvths36APLIWmldGV5V/g","id":30},
{"guid":"QioCkOI5FlPCb1zFfx4s2Dq5Zh0","id":161},
{"guid":"QioCkOI5FlPCb1zFfx4s2Dq5Zh0","id":169},
{"guid":"QioCkOI5FlPCb1zFfx4s2Dq5Zh0","id":173},
{"guid":"zlx1KpswUkzzJd7q+9mUk0FKwns","id":323},
{"guid":"P9wsl2aidaXbrhoKcBZNL0QlIyI","id":15},
{"guid":"P9wsl2aidaXbrhoKcBZNL0QlIyI","id":29},
{"guid":"P9wsl2aidaXbrhoKcBZNL0QlIyI","id":19},
{"guid":"VHaBVDZ2huv6HStZ2+h5GKexl3M","id":12},
{"guid":"VHaBVDZ2huv6HStZ2+h5GKexl3M","id":8},
{"guid":"VHaBVDZ2huv6HStZ2+h5GKexl3M","id":5},
{"guid":"/VUCxKPFX+qHu3QqJS7eYpSF8Ew","id":10},
{"guid":"/VUCxKPFX+qHu3QqJS7eYpSF8Ew","id":46},
{"guid":"/VUCxKPFX+qHu3QqJS7eYpSF8Ew","id":1},
{"guid":"hENyxopospaSs+458tLYjpVUevg","id":6},
{"guid":"hENyxopospaSs+458tLYjpVUevg","id":3},
{"guid":"hENyxopospaSs+458tLYjpVUevg","id":1},
{"guid":"bVS6zJLDj6fIkpcusJVGSkgDok8","id":36},
{"guid":"L/E/aqTzPvIixHHNuhFGRk/VFK0","id":112},
{"guid":"CMyTyIrNAzvG8CX7MJtKkWleyKc","id":302},
{"guid":"CMyTyIrNAzvG8CX7MJtKkWleyKc","id":306},
{"guid":"CMyTyIrNAzvG8CX7MJtKkWleyKc","id":313},
{"guid":"iWVa8zc9Ws5uFbLc5DHVvM8A6IE","id":22},
{"guid":"JaOyFsrVf44cqRybSTxEVbQH6xc","id":92},
{"guid":"JaOyFsrVf44cqRybSTxEVbQH6xc","id":91},
{"guid":"hgBPB33kEJ7O1hFhXocZNPllYXg","id":97},
{"guid":"hgBPB33kEJ7O1hFhXocZNPllYXg","id":135},
{"guid":"hgBPB33kEJ7O1hFhXocZNPllYXg","id":117},
{"guid":"w5e1LdL0yufehyquKWShwHnhiAI","id":14},
{"guid":"Js3PPIkkPFxRphBZQRMLmMvYxW4","id":67},
{"guid":"mdWQLHbDmiE0y2Fg+7H2IjOuFvs","id":224},
{"guid":"Lw+GbBWlJ529bPbN0Qbevd82Jiw","id":83},
{"guid":"Lw+GbBWlJ529bPbN0Qbevd82Jiw","id":76},
{"guid":"Lw+GbBWlJ529bPbN0Qbevd82Jiw","id":97},
{"guid":"hB5x71/MlsEJ1FZy/vPosrPLhLU","id":62},
{"guid":"yWbrHXkM17kAihu6IyAXGS5aGKM","id":173},
{"guid":"/rsyZJMf2sSd/hdD1Pa9RJIAWs4","id":4},
{"guid":"IHTJ2dOwLdw6iSEbun/q1QEY9to","id":47},
{"guid":"3rkACEX0z9F6cSoyoeeSvYIkIDo","id":161},
{"guid":"sLuNhLpvZk60AHeDvlVL1PKh8Eo","id":11},
{"guid":"es6u/bjWjdFh9QwTfPAOu2FtwEg","id":282},
{"guid":"es6u/bjWjdFh9QwTfPAOu2FtwEg","id":283},
{"guid":"es6u/bjWjdFh9QwTfPAOu2FtwEg","id":281},
{"guid":"IJw+iFKQN6p+d3TfrGPNejVxiBc","id":203},
{"guid":"IJw+iFKQN6p+d3TfrGPNejVxiBc","id":215},
{"guid":"IJw+iFKQN6p+d3TfrGPNejVxiBc","id":229},
{"guid":"HEJUt1yYMKG0Jy96reMZ/JNQHM4","id":328},
{"guid":"VCpNlASCHVy73jKluGJZ38XO7Qc","id":1032},
{"guid":"VCpNlASCHVy73jKluGJZ38XO7Qc","id":996},
{"guid":"VCpNlASCHVy73jKluGJZ38XO7Qc","id":868},
{"guid":"CP/7LUV4qoXdnPuVi7He1EOJ1Xg","id":808},
{"guid":"CP/7LUV4qoXdnPuVi7He1EOJ1Xg","id":809},
{"guid":"CP/7LUV4qoXdnPuVi7He1EOJ1Xg","id":810},
{"guid":"9PZf5kPN/50vsVemro3wOJD57Ww","id":90},
{"guid":"9PZf5kPN/50vsVemro3wOJD57Ww","id":235},
{"guid":"9PZf5kPN/50vsVemro3wOJD57Ww","id":153},
{"guid":"cjCFBcBhFfxZ6hXIDPzcxiUjOrM","id":560},
{"guid":"cjCFBcBhFfxZ6hXIDPzcxiUjOrM","id":259},
{"guid":"cjCFBcBhFfxZ6hXIDPzcxiUjOrM","id":559},
{"guid":"30xCrtq0GYXA/0Yin1BCcismt/w","id":142},
{"guid":"PazxuASL8XKQburo7bNGUfMBDzI","id":78},
{"guid":"Et3S8XFBcaGE5gPAG1PXNCEPhug","id":143},
{"guid":"Et3S8XFBcaGE5gPAG1PXNCEPhug","id":144},
{"guid":"Et3S8XFBcaGE5gPAG1PXNCEPhug","id":145},
{"guid":"ueFHX/OY4GHL4PNB6YznOvRFkWE","id":390},
{"guid":"ueFHX/OY4GHL4PNB6YznOvRFkWE","id":383},
{"guid":"FnYomNiKe7+VdClU23L8rqyMeEU","id":780},
{"guid":"FnYomNiKe7+VdClU23L8rqyMeEU","id":745},
{"guid":"FnYomNiKe7+VdClU23L8rqyMeEU","id":744},
{"guid":"HEGm1GAoCQh1aq/GxIikEZ7WQ6o","id":112},
{"guid":"HEGm1GAoCQh1aq/GxIikEZ7WQ6o","id":16},
{"guid":"HEGm1GAoCQh1aq/GxIikEZ7WQ6o","id":20},
{"guid":"gC29qCw1fk0TbrwnKsy+VhqM33U","id":219},
{"guid":"3e+AiuIEeLwiLw1MBH1aHEJi698","id":334},
{"guid":"3e+AiuIEeLwiLw1MBH1aHEJi698","id":113},
{"guid":"3e+AiuIEeLwiLw1MBH1aHEJi698","id":333},
{"guid":"B281nlW0MdY1EctTobOy09bWoRw","id":287},
{"guid":"B281nlW0MdY1EctTobOy09bWoRw","id":320},
{"guid":"B281nlW0MdY1EctTobOy09bWoRw","id":290},
{"guid":"qFQGdCEr97NcZ3lKPhabT9D2Iao","id":10},
{"guid":"qFQGdCEr97NcZ3lKPhabT9D2Iao","id":87},
{"guid":"qFQGdCEr97NcZ3lKPhabT9D2Iao","id":204},
{"guid":"ER8eSWZXP9es2ddfyQqZxRpJlkc","id":386},
{"guid":"ER8eSWZXP9es2ddfyQqZxRpJlkc","id":388},
{"guid":"ER8eSWZXP9es2ddfyQqZxRpJlkc","id":387},
{"guid":"2uSApoLW9u3yADpUH3I7t7kKU7M","id":154},
{"guid":"LQPkRUHzz6nK0eclhP5JXk0+nOY","id":265},
{"guid":"LQPkRUHzz6nK0eclhP5JXk0+nOY","id":283},
{"guid":"XHa3vy5hKJjmoToqv3y/DEJQhOY","id":44},
{"guid":"XHa3vy5hKJjmoToqv3y/DEJQhOY","id":20},
{"guid":"XHa3vy5hKJjmoToqv3y/DEJQhOY","id":43},
{"guid":"IHpwTuXUHPgCH23bmquhewklRig","id":265},
{"guid":"IHpwTuXUHPgCH23bmquhewklRig","id":264},
{"guid":"PU96ZUb2IjKMimxofTHKttLe8Qk","id":871},
{"guid":"PU96ZUb2IjKMimxofTHKttLe8Qk","id":873},
{"guid":"PU96ZUb2IjKMimxofTHKttLe8Qk","id":872},
{"guid":"BU+yb1++0BiAxjekr5J23Z1XR6k","id":785},
{"guid":"BU+yb1++0BiAxjekr5J23Z1XR6k","id":783},
{"guid":"BU+yb1++0BiAxjekr5J23Z1XR6k","id":784},
{"guid":"MLArmY4M72MWN6YZGA9/XolkYug","id":1061},
{"guid":"uMx+Krwu1TeLs04UAlWbHNeoB6g","id":341},
{"guid":"gQQlKIfqRusEFvB87iRUlVQRFrI","id":934},
{"guid":"Z7/4vW5Pk1OTavdlijx1U4KqCS4","id":113},
{"guid":"Z7/4vW5Pk1OTavdlijx1U4KqCS4","id":32},
{"guid":"zYucbnJpJz5Jca1WQhDD5DAOwZU","id":477},
{"guid":"zYucbnJpJz5Jca1WQhDD5DAOwZU","id":37},
{"guid":"zYucbnJpJz5Jca1WQhDD5DAOwZU","id":53},
{"guid":"79NRj2EuXf2YRUOYnOEA1TbXHeY","id":232},
{"guid":"79NRj2EuXf2YRUOYnOEA1TbXHeY","id":231},
{"guid":"79NRj2EuXf2YRUOYnOEA1TbXHeY","id":201},
{"guid":"u1YDP5kFDHkkRhZftt/1YV6me9A","id":17},
{"guid":"u1YDP5kFDHkkRhZftt/1YV6me9A","id":7},
{"guid":"LD0CVmGU80JHDQShyic1FdDeEAk","id":36},
{"guid":"LD0CVmGU80JHDQShyic1FdDeEAk","id":25},
{"guid":"3Zbfn0eIERhf8S6tO+UNEspTpQ4","id":72},
{"guid":"3Zbfn0eIERhf8S6tO+UNEspTpQ4","id":39},
{"guid":"3Zbfn0eIERhf8S6tO+UNEspTpQ4","id":54},
{"guid":"cnx2u/mzDEvdpOCwTjXBnTI6M9E","id":126},
{"guid":"cnx2u/mzDEvdpOCwTjXBnTI6M9E","id":111},
{"guid":"cnx2u/mzDEvdpOCwTjXBnTI6M9E","id":127},
{"guid":"yhxDOsS7n1Q3+DYCD0fEQ9V+chY","id":366},
{"guid":"yhxDOsS7n1Q3+DYCD0fEQ9V+chY","id":365},
{"guid":"yhxDOsS7n1Q3+DYCD0fEQ9V+chY","id":301},
{"guid":"LSSAGY4XJeR6aaXKu9PGWfIq09Y","id":18},
{"guid":"LSSAGY4XJeR6aaXKu9PGWfIq09Y","id":24},
{"guid":"LSSAGY4XJeR6aaXKu9PGWfIq09Y","id":23},
{"guid":"X+fNy2h/ukHp9YKZZ2fUA8kXxkQ","id":4},
{"guid":"X+fNy2h/ukHp9YKZZ2fUA8kXxkQ","id":128},
{"guid":"X+fNy2h/ukHp9YKZZ2fUA8kXxkQ","id":91},
{"guid":"GBR3LXDqT+uDhTcmbAQwa7QBCwo","id":315},
{"guid":"GBR3LXDqT+uDhTcmbAQwa7QBCwo","id":324},
{"guid":"GBR3LXDqT+uDhTcmbAQwa7QBCwo","id":413},
{"guid":"/znTP5X482qE0EpVxxQUajzOEkg","id":589},
{"guid":"/znTP5X482qE0EpVxxQUajzOEkg","id":946},
{"guid":"/znTP5X482qE0EpVxxQUajzOEkg","id":948},
{"guid":"m6U9ROctVmW2Iig2F5+FYiXO0wI","id":111},
{"guid":"m6U9ROctVmW2Iig2F5+FYiXO0wI","id":126},
{"guid":"m6U9ROctVmW2Iig2F5+FYiXO0wI","id":91},
{"guid":"Nvx6Dzuw4kxybxC/59zg86pSZ3g","id":1138},
{"guid":"HPYWntObBWuCyY71ExFSmMnwks4","id":174},
{"guid":"HPYWntObBWuCyY71ExFSmMnwks4","id":175},
{"guid":"HPYWntObBWuCyY71ExFSmMnwks4","id":169},
{"guid":"/gsQF6213mSzLb94dJWb72J9J7g","id":758},
{"guid":"hU1FD8pFb95AaMeFY9pbx24DCQM","id":351},
{"guid":"hU1FD8pFb95AaMeFY9pbx24DCQM","id":350},
{"guid":"KtTC6LiIxYiax6mPuiGGM2OIZKc","id":497},
{"guid":"KtTC6LiIxYiax6mPuiGGM2OIZKc","id":203},
{"guid":"KtTC6LiIxYiax6mPuiGGM2OIZKc","id":337},
{"guid":"oqqJhinilasrovS3qhBduJfyCMk","id":176},
{"guid":"7s7lSvOGD/hv+CHOkijrZ2p0biQ","id":67},
{"guid":"SpuUL/IMijYOJyEWiZ7kSHYotC4","id":132},
{"guid":"SpuUL/IMijYOJyEWiZ7kSHYotC4","id":42},
{"guid":"SpuUL/IMijYOJyEWiZ7kSHYotC4","id":127},
{"guid":"o89z7pSN6N/bMGuNNXb45r6mohg","id":90},
{"guid":"o89z7pSN6N/bMGuNNXb45r6mohg","id":496},
{"guid":"o89z7pSN6N/bMGuNNXb45r6mohg","id":498},
{"guid":"rtqq8yn4qacmKfNpLZ4/Too0vXM","id":703},
{"guid":"rtqq8yn4qacmKfNpLZ4/Too0vXM","id":705},
{"guid":"rtqq8yn4qacmKfNpLZ4/Too0vXM","id":704},
{"guid":"Cu0IDff+h7JVOkjMvSYAXTk9kmM","id":162},
{"guid":"Cu0IDff+h7JVOkjMvSYAXTk9kmM","id":163},
{"guid":"U70qF9flQuccMkWVQ08puWJgu5c","id":82},
{"guid":"U70qF9flQuccMkWVQ08puWJgu5c","id":88},
{"guid":"U70qF9flQuccMkWVQ08puWJgu5c","id":24},
{"guid":"DPUMe/ffKH0+y+oHp+tOGbM0le4","id":380},
{"guid":"48Ol0SRfCEss+V3Pj1T4fC3RkmM","id":358},
{"guid":"48Ol0SRfCEss+V3Pj1T4fC3RkmM","id":360},
{"guid":"48Ol0SRfCEss+V3Pj1T4fC3RkmM","id":359},
{"guid":"NtsbRYscZYEPIVZWUBHAd/Moo3E","id":414},
{"guid":"lKfQQxHai+9nSI0wQhEWbVnPj6k","id":82},
{"guid":"lKfQQxHai+9nSI0wQhEWbVnPj6k","id":1},
{"guid":"lKfQQxHai+9nSI0wQhEWbVnPj6k","id":20},
{"guid":"vT42FNBOmPyfJttaetujTCwLxOI","id":649},
{"guid":"vT42FNBOmPyfJttaetujTCwLxOI","id":638},
{"guid":"vT42FNBOmPyfJttaetujTCwLxOI","id":612},
{"guid":"wQbjMSa6+tdz9w2Uawr1NQIOeUs","id":168},
{"guid":"8+r7EpuOvF3EEhCA4YgM51SYsv8","id":173},
{"guid":"DaWqMpFltcWpItDHpqLz4550AP0","id":259},
{"guid":"DaWqMpFltcWpItDHpqLz4550AP0","id":258},
{"guid":"gLTq5jn1heVQUVcy9tsEfcZ0yfU","id":276},
{"guid":"gLTq5jn1heVQUVcy9tsEfcZ0yfU","id":277},
{"guid":"DOhdYnzdrA70uC6egjff6Wy9+Ss","id":400},
{"guid":"DOhdYnzdrA70uC6egjff6Wy9+Ss","id":400},
{"guid":"DOhdYnzdrA70uC6egjff6Wy9+Ss","id":400},
{"guid":"DnukPUR1N0tk7gxmKdPhZG4VAvU","id":132},
{"guid":"DnukPUR1N0tk7gxmKdPhZG4VAvU","id":115},
{"guid":"DnukPUR1N0tk7gxmKdPhZG4VAvU","id":142},
{"guid":"Ctga2P2cCw7NKjV/pugfMrQIxRI","id":73},
{"guid":"tGLvhXLrFkhiLFl4vD8MHE6gedI","id":618},
{"guid":"tGLvhXLrFkhiLFl4vD8MHE6gedI","id":637},
{"guid":"tGLvhXLrFkhiLFl4vD8MHE6gedI","id":687},
{"guid":"2wT5Lz/Odv6l/MFXDdRYSGlFQ0I","id":124},
{"guid":"2wT5Lz/Odv6l/MFXDdRYSGlFQ0I","id":199},
{"guid":"OQrzyKe6ilv0N7KKoVGdxiPz0lM","id":20},
{"guid":"OQrzyKe6ilv0N7KKoVGdxiPz0lM","id":17},
{"guid":"tkMGXLl4GuTzwMt5TqFuj4GdjD8","id":319},
{"guid":"lLQ/KdNtgy523JI0w3bc2BJ6Yug","id":184},
{"guid":"6/alUzxHDXHgpz7ZQ5AXLH+0yyQ","id":542},
{"guid":"aOL8lZhmfbv/Unxf7x/vIQIy1cM","id":462},
{"guid":"aOL8lZhmfbv/Unxf7x/vIQIy1cM","id":481},
{"guid":"4WcQCKwxdkilLNREb2e2MkDkxiA","id":746},
{"guid":"4WcQCKwxdkilLNREb2e2MkDkxiA","id":828},
{"guid":"OnsOI8aXvYeQ4L53mkRbMOJmI0Y","id":22},
{"guid":"OnsOI8aXvYeQ4L53mkRbMOJmI0Y","id":16},
{"guid":"OnsOI8aXvYeQ4L53mkRbMOJmI0Y","id":23},
{"guid":"YJoI0OZTHiTRFp6xmG1ZI0Cc6Co","id":45},
{"guid":"YJoI0OZTHiTRFp6xmG1ZI0Cc6Co","id":44},
{"guid":"YJoI0OZTHiTRFp6xmG1ZI0Cc6Co","id":43},
{"guid":"fFqAfRDCfwN5nt888T4sxVT/2fE","id":9},
{"guid":"fFqAfRDCfwN5nt888T4sxVT/2fE","id":252},
{"guid":"fFqAfRDCfwN5nt888T4sxVT/2fE","id":115},
{"guid":"OozzbTdq8pMoBErkB1eDKj8N4XM","id":280},
{"guid":"OozzbTdq8pMoBErkB1eDKj8N4XM","id":526},
{"guid":"OozzbTdq8pMoBErkB1eDKj8N4XM","id":280},
{"guid":"V3ftgy1iwu6MWe5FV+HWEgutSVk","id":307},
{"guid":"V3ftgy1iwu6MWe5FV+HWEgutSVk","id":799},
{"guid":"V3ftgy1iwu6MWe5FV+HWEgutSVk","id":798},
{"guid":"qwndiuV3rGM8YM0zdCoPCXBkYgA","id":411},
{"guid":"jWuKYK7sLpXjj8mO4h5mVJyLu+Y","id":330},
{"guid":"jWuKYK7sLpXjj8mO4h5mVJyLu+Y","id":331},
{"guid":"yM4y3e4QD5hdJDJl4QmNxu8Uge8","id":1420},
{"guid":"yM4y3e4QD5hdJDJl4QmNxu8Uge8","id":1422},
{"guid":"yM4y3e4QD5hdJDJl4QmNxu8Uge8","id":1421},
{"guid":"o0hYhWd1KsNQ5+JfNXp66Za9rbc","id":210},
{"guid":"o0hYhWd1KsNQ5+JfNXp66Za9rbc","id":168},
{"guid":"o0hYhWd1KsNQ5+JfNXp66Za9rbc","id":305},
{"guid":"fux7t6zLWS00O/yPcQQcLKKZNWg","id":28},
{"guid":"fux7t6zLWS00O/yPcQQcLKKZNWg","id":33},
{"guid":"VrC4NjYnRi1rpND44zAaK+co1vk","id":209},
{"guid":"wrh5TZJ5BwAW2P1wRYNPTBPhL3Q","id":1506},
{"guid":"wrh5TZJ5BwAW2P1wRYNPTBPhL3Q","id":1485},
{"guid":"wrh5TZJ5BwAW2P1wRYNPTBPhL3Q","id":1507},
{"guid":"wrh5TZJ5BwAW2P1wRYNPTBPhL3Q","id":1505},
{"guid":"X+f5p021yi4A941BxcOROFrTPic","id":389},
{"guid":"qNIuIoYmMg/T0dZdjYU0aWX6/xM","id":594},
{"guid":"qNIuIoYmMg/T0dZdjYU0aWX6/xM","id":618},
{"guid":"qNIuIoYmMg/T0dZdjYU0aWX6/xM","id":627},
{"guid":"FKEZj6Vv6cU2cNXdAMkzxMMu6Ws","id":1079},
{"guid":"FKEZj6Vv6cU2cNXdAMkzxMMu6Ws","id":510},
{"guid":"stS6HCbQP1P/ySVu02ZNEFIrDNk","id":180},
{"guid":"stS6HCbQP1P/ySVu02ZNEFIrDNk","id":169},
{"guid":"stS6HCbQP1P/ySVu02ZNEFIrDNk","id":171},
{"guid":"+B3W9fBDrP1YVadh3FEPJRaGp7U","id":1176},
{"guid":"KpYS07q+5VdUg6sv10CGYbNYzOM","id":396},
{"guid":"KpYS07q+5VdUg6sv10CGYbNYzOM","id":232},
{"guid":"Kd7+gonpJ2p75d5AU8hldDkDhNc","id":313},
{"guid":"Kd7+gonpJ2p75d5AU8hldDkDhNc","id":394},
{"guid":"Kd7+gonpJ2p75d5AU8hldDkDhNc","id":330},
{"guid":"vlGiKZcF0dPUK/rb5e1Cqt89L6o","id":61},
{"guid":"2T2J9ZAZR2FtSICPt/oYwZleX5U","id":9},
{"guid":"6IZkfDacGbsn7FdRHhyTyEJ39h8","id":490},
{"guid":"6IZkfDacGbsn7FdRHhyTyEJ39h8","id":459},
{"guid":"6IZkfDacGbsn7FdRHhyTyEJ39h8","id":493},
{"guid":"bzYveZ72dggMfefnX3I1Od46oO8","id":110},
{"guid":"bzYveZ72dggMfefnX3I1Od46oO8","id":111},
{"guid":"bzYveZ72dggMfefnX3I1Od46oO8","id":108},
{"guid":"DONgRVDLVXe2uGDjF64+WByH0iI","id":364},
{"guid":"DONgRVDLVXe2uGDjF64+WByH0iI","id":345},
{"guid":"DONgRVDLVXe2uGDjF64+WByH0iI","id":169},
{"guid":"SNEbDsOwR2/zrA9iJNbGPoCa0xU","id":2062},
{"guid":"TJl/elFfiLH7N3vMzeayI8rlwUI","id":109},
{"guid":"TJl/elFfiLH7N3vMzeayI8rlwUI","id":97},
{"guid":"TJl/elFfiLH7N3vMzeayI8rlwUI","id":96},
{"guid":"SAL5dhmTslCTFow7346sTb0dWn0","id":292},
{"guid":"SAL5dhmTslCTFow7346sTb0dWn0","id":293},
{"guid":"SAL5dhmTslCTFow7346sTb0dWn0","id":291},
{"guid":"KtK3Vc+J7y/YnEAwy3ZZ2IacfXs","id":168},
{"guid":"KtK3Vc+J7y/YnEAwy3ZZ2IacfXs","id":189},
{"guid":"KtK3Vc+J7y/YnEAwy3ZZ2IacfXs","id":191},
{"guid":"XZW+cij5pLF4iC0blQVfKxGgdMc","id":583},
{"guid":"4yszlTXp8v9xxKanLXtKZtEhVAk","id":261},
{"guid":"4yszlTXp8v9xxKanLXtKZtEhVAk","id":322},
{"guid":"4yszlTXp8v9xxKanLXtKZtEhVAk","id":333},
{"guid":"ZlUEiK6JDQ787f/3lb6OHURTk9I","id":114},
{"guid":"Yve8F7ExN0qvHmAJRq2ewJ5wnCM","id":149},
{"guid":"Yve8F7ExN0qvHmAJRq2ewJ5wnCM","id":150},
{"guid":"Yve8F7ExN0qvHmAJRq2ewJ5wnCM","id":118},
{"guid":"832vGOAmfiC5nL9oOJV420XPFgM","id":51},
{"guid":"nxWtGEtBT/WCKBIdQZxzunWf6Ho","id":121},
{"guid":"nxWtGEtBT/WCKBIdQZxzunWf6Ho","id":122},
{"guid":"nxWtGEtBT/WCKBIdQZxzunWf6Ho","id":123},
{"guid":"4BsPxvwwjU4jKym6zGP+yfOsdek","id":670},
{"guid":"4BsPxvwwjU4jKym6zGP+yfOsdek","id":671},
{"guid":"4BsPxvwwjU4jKym6zGP+yfOsdek","id":672},
{"guid":"UdoNO8KLnwiYgQRPsefxWY/Y250","id":460},
{"guid":"UdoNO8KLnwiYgQRPsefxWY/Y250","id":146},
{"guid":"UdoNO8KLnwiYgQRPsefxWY/Y250","id":463},
{"guid":"YiJUxJw1P9hzznL6gjeR52LUQAk","id":596},
{"guid":"YiJUxJw1P9hzznL6gjeR52LUQAk","id":588},
{"guid":"YiJUxJw1P9hzznL6gjeR52LUQAk","id":578},
{"guid":"ytj9Bk3/Rn9onvyilFcR2hovN4U","id":153},
{"guid":"ytj9Bk3/Rn9onvyilFcR2hovN4U","id":84},
{"guid":"ytj9Bk3/Rn9onvyilFcR2hovN4U","id":154},
{"guid":"n84+qReMhojJMJn4Hum8zE7iLEQ","id":355},
{"guid":"VLvyB9GZu/g/DGV2UjiM9/yy91Q","id":39},
{"guid":"VLvyB9GZu/g/DGV2UjiM9/yy91Q","id":24},
{"guid":"VLvyB9GZu/g/DGV2UjiM9/yy91Q","id":40},
{"guid":"8s6mUJl/RDhNtsNkl20T1xpcEBs","id":3},
{"guid":"8s6mUJl/RDhNtsNkl20T1xpcEBs","id":5},
{"guid":"8s6mUJl/RDhNtsNkl20T1xpcEBs","id":7},
{"guid":"FEzCOa7LZdHVqTolCR/vC45IEkk","id":455},
{"guid":"FEzCOa7LZdHVqTolCR/vC45IEkk","id":455},
{"guid":"FEzCOa7LZdHVqTolCR/vC45IEkk","id":455},
{"guid":"BTXCSFwC4RXcZ4Y3JL/+J4Zgdbw","id":121},
{"guid":"gSm6SZ2BnvTcwCCkVP9LFucHfjE","id":964},
{"guid":"W9xxxt1qSPNGGSlZRjbK8lUxky0","id":591},
{"guid":"/rCwb5mKDR3lMqmxfPbVRkQI22U","id":450},
{"guid":"/rCwb5mKDR3lMqmxfPbVRkQI22U","id":552},
{"guid":"/rCwb5mKDR3lMqmxfPbVRkQI22U","id":551},
{"guid":"GI7tmuyzwjc0KKlhRO0VWqX5oeU","id":68},
{"guid":"GI7tmuyzwjc0KKlhRO0VWqX5oeU","id":69},
{"guid":"GI7tmuyzwjc0KKlhRO0VWqX5oeU","id":80},
{"guid":"atnepvxDS2f5nF39yqByW/7KkIQ","id":17},
{"guid":"atnepvxDS2f5nF39yqByW/7KkIQ","id":55},
{"guid":"atnepvxDS2f5nF39yqByW/7KkIQ","id":66},
{"guid":"XBIHcIE5ALSdlGpXB1UC4FXmi2o","id":228},
{"guid":"vxgBbEgm3Aywlj5Fb88DoyHH7XY","id":118},
{"guid":"vxgBbEgm3Aywlj5Fb88DoyHH7XY","id":119},
{"guid":"vxgBbEgm3Aywlj5Fb88DoyHH7XY","id":120},
{"guid":"yc/nGE17sLVJlbAZOAl/CaQCX2Y","id":95},
{"guid":"yc/nGE17sLVJlbAZOAl/CaQCX2Y","id":97},
{"guid":"yc/nGE17sLVJlbAZOAl/CaQCX2Y","id":96},
{"guid":"7n+dH/FJU2LUEGHoM17Quzh6a1I","id":1369},
{"guid":"7n+dH/FJU2LUEGHoM17Quzh6a1I","id":1370},
{"guid":"7n+dH/FJU2LUEGHoM17Quzh6a1I","id":1371},
{"guid":"APZYrDxBdrLd5S9Z3ii8fijuqvs","id":156},
{"guid":"APZYrDxBdrLd5S9Z3ii8fijuqvs","id":170},
{"guid":"APZYrDxBdrLd5S9Z3ii8fijuqvs","id":206},
{"guid":"isNMCOPWxteUwggEfW8kWPTI9VM","id":334},
{"guid":"WhdBrKatcOXW4GboZWlBrFvDtyc","id":736},
{"guid":"WhdBrKatcOXW4GboZWlBrFvDtyc","id":726},
{"guid":"k5LhFNCJ5nP3ozs7MuupzYnbIQU","id":1152},
{"guid":"SpkCKGn1lOFuK+6eKK/frTh7qZo","id":654},
{"guid":"SpkCKGn1lOFuK+6eKK/frTh7qZo","id":655},
{"guid":"hqHdJIUDjsQrw96RXsbY6ZsUXiE","id":362},
{"guid":"hqHdJIUDjsQrw96RXsbY6ZsUXiE","id":235},
{"guid":"hqHdJIUDjsQrw96RXsbY6ZsUXiE","id":363},
{"guid":"6YCt5K3psa27Tce3CcIik4v83Ts","id":2580},
{"guid":"6YCt5K3psa27Tce3CcIik4v83Ts","id":2581},
{"guid":"6YCt5K3psa27Tce3CcIik4v83Ts","id":2582},
{"guid":"6UukH0+XQK+Rl778s5SjEx0rVUs","id":286},
{"guid":"6UukH0+XQK+Rl778s5SjEx0rVUs","id":287},
{"guid":"6UukH0+XQK+Rl778s5SjEx0rVUs","id":288},
{"guid":"JiPFTL73+6ilEygBPI+hUZOIdXk","id":533},
{"guid":"JiPFTL73+6ilEygBPI+hUZOIdXk","id":534},
{"guid":"JiPFTL73+6ilEygBPI+hUZOIdXk","id":535},
{"guid":"mmmv8417KTAKshE2OAAJLNsqslk","id":4571},
{"guid":"mmmv8417KTAKshE2OAAJLNsqslk","id":4570},
{"guid":"mmmv8417KTAKshE2OAAJLNsqslk","id":4569},
{"guid":"43lGjPIdpwcvrpW3Ygd4VJXTyUM","id":39},
{"guid":"43lGjPIdpwcvrpW3Ygd4VJXTyUM","id":107},
{"guid":"43lGjPIdpwcvrpW3Ygd4VJXTyUM","id":88},
{"guid":"jf9Tj62OYnKuyW+4fLGL/PJGcYU","id":199},
{"guid":"Zc0YY7bu3DXU4f4G+jzHN5Tktj0","id":262},
{"guid":"Zc0YY7bu3DXU4f4G+jzHN5Tktj0","id":205},
{"guid":"Zc0YY7bu3DXU4f4G+jzHN5Tktj0","id":285},
{"guid":"C8bpTw8+q/Wdv1WKIbS/N1XOUP4","id":310},
{"guid":"kkTjgf2Zexniye2qsOtz+8wVLFU","id":2085},
{"guid":"kkTjgf2Zexniye2qsOtz+8wVLFU","id":2083},
{"guid":"kkTjgf2Zexniye2qsOtz+8wVLFU","id":153},
{"guid":"MyIezUEGQJTX/+CzYb5M+UmEUKo","id":134},
{"guid":"MyIezUEGQJTX/+CzYb5M+UmEUKo","id":110},
{"guid":"MyIezUEGQJTX/+CzYb5M+UmEUKo","id":96},
{"guid":"aN/EpPxOKH6Bqbvyl2kEIl4AZLs","id":4766},
{"guid":"aN/EpPxOKH6Bqbvyl2kEIl4AZLs","id":4768},
{"guid":"aN/EpPxOKH6Bqbvyl2kEIl4AZLs","id":4767},
{"guid":"VmvqajgvoQjJrY8Iqm0pQa+45wU","id":1462},
{"guid":"VmvqajgvoQjJrY8Iqm0pQa+45wU","id":1462},
{"guid":"VmvqajgvoQjJrY8Iqm0pQa+45wU","id":1462},
{"guid":"NCOcVtW1ennMVB+UQUzeS5SZ28M","id":606},
{"guid":"akzzJgS1VqaG3NNHIE7wbd5Pckg","id":146},
{"guid":"zo+Jq1vZ+PXT097PikVYp7X9Yms","id":533},
{"guid":"6+mTa/R5aCJ3/7b8iHnM5VXbz2U","id":28},
{"guid":"6+mTa/R5aCJ3/7b8iHnM5VXbz2U","id":26},
{"guid":"6+mTa/R5aCJ3/7b8iHnM5VXbz2U","id":27},
{"guid":"zkhkrIlWRv0iRGmCD+PwhluaVoo","id":480},
{"guid":"+VIm/f/WUpC1h9idSeLCy9IL++Y","id":328},
{"guid":"+VIm/f/WUpC1h9idSeLCy9IL++Y","id":330},
{"guid":"+VIm/f/WUpC1h9idSeLCy9IL++Y","id":333},
{"guid":"bBZryTFeeX+rT77Ehtx5mvMzzmw","id":469},
{"guid":"bBZryTFeeX+rT77Ehtx5mvMzzmw","id":468},
{"guid":"bBZryTFeeX+rT77Ehtx5mvMzzmw","id":436},
{"guid":"/O4h/ch9UAoMi4PJPhn5DHtBWQY","id":476},
{"guid":"/O4h/ch9UAoMi4PJPhn5DHtBWQY","id":475},
{"guid":"/O4h/ch9UAoMi4PJPhn5DHtBWQY","id":259},
{"guid":"7KM4c7BS63pVv2YvRGAjNmR0+7U","id":389},
{"guid":"7KM4c7BS63pVv2YvRGAjNmR0+7U","id":352},
{"guid":"7KM4c7BS63pVv2YvRGAjNmR0+7U","id":342},
{"guid":"lrqZ/pE2wmIaGRucly4nQrs90Rs","id":379},
{"guid":"lrqZ/pE2wmIaGRucly4nQrs90Rs","id":380},
{"guid":"lrqZ/pE2wmIaGRucly4nQrs90Rs","id":381},
{"guid":"lrqZ/pE2wmIaGRucly4nQrs90Rs","id":354},
{"guid":"jHzYGfDznWYK2M5WcI6Q3fO7UT8","id":51},
{"guid":"jHzYGfDznWYK2M5WcI6Q3fO7UT8","id":34},
{"guid":"jHzYGfDznWYK2M5WcI6Q3fO7UT8","id":58},
{"guid":"jHzYGfDznWYK2M5WcI6Q3fO7UT8","id":36},
{"guid":"xYARgNDuEnuERSX456FWty72GcE","id":306},
{"guid":"xYARgNDuEnuERSX456FWty72GcE","id":305},
{"guid":"/d6GRBYw1IDCqkfvmTIg4vsPZSo","id":1860},
{"guid":"/d6GRBYw1IDCqkfvmTIg4vsPZSo","id":1861},
{"guid":"BTbettf2iyrlzqXeCT7eOIhZHrU","id":480},
{"guid":"BTbettf2iyrlzqXeCT7eOIhZHrU","id":460},
{"guid":"RU3GOsIQBEF+VrFDaRygiE8kUWU","id":1529},
{"guid":"RU3GOsIQBEF+VrFDaRygiE8kUWU","id":1513},
{"guid":"RU3GOsIQBEF+VrFDaRygiE8kUWU","id":9},
{"guid":"woq3I+/l1hOD7s4qbvSporC/6To","id":14},
{"guid":"woq3I+/l1hOD7s4qbvSporC/6To","id":25},
{"guid":"woq3I+/l1hOD7s4qbvSporC/6To","id":19},
{"guid":"pT3b+fkXl1lYwQvWRMIqxo6+XIE","id":1921},
{"guid":"pT3b+fkXl1lYwQvWRMIqxo6+XIE","id":1919},
{"guid":"pT3b+fkXl1lYwQvWRMIqxo6+XIE","id":1767},
{"guid":"0UBYJwY6WBpRMr2NLiXQX3W4ahg","id":402},
{"guid":"0UBYJwY6WBpRMr2NLiXQX3W4ahg","id":401},
{"guid":"0UBYJwY6WBpRMr2NLiXQX3W4ahg","id":403},
{"guid":"kIqeVRc2loHOdSQHqUZW4+47qc0","id":20},
{"guid":"kIqeVRc2loHOdSQHqUZW4+47qc0","id":150},
{"guid":"kIqeVRc2loHOdSQHqUZW4+47qc0","id":18},
{"guid":"rjkXLZutP/er52zbtRqh0fpcokY","id":719},
{"guid":"HLWUrS1Ph8wWnbqHeWLq0uuB3os","id":1},
{"guid":"HLWUrS1Ph8wWnbqHeWLq0uuB3os","id":11},
{"guid":"A2gOdJbMatpyowvSFdBuvBTRxPQ","id":97},
{"guid":"KxmRSVjk9uAZ8cthTo3CcKiOP6U","id":119},
{"guid":"KxmRSVjk9uAZ8cthTo3CcKiOP6U","id":120},
{"guid":"KxmRSVjk9uAZ8cthTo3CcKiOP6U","id":47},
{"guid":"zI8VNX+SiKPVtuDSmm6ZSzWkm+Q","id":102},
{"guid":"zI8VNX+SiKPVtuDSmm6ZSzWkm+Q","id":171},
{"guid":"zI8VNX+SiKPVtuDSmm6ZSzWkm+Q","id":36},
{"guid":"RehShfrfzpOpDWozU/7MJeCqdlo","id":749},
{"guid":"RehShfrfzpOpDWozU/7MJeCqdlo","id":750},
{"guid":"RehShfrfzpOpDWozU/7MJeCqdlo","id":748},
{"guid":"E6s+pbHt/xVMbML2Op4CBuDhEJE","id":3329},
{"guid":"E6s+pbHt/xVMbML2Op4CBuDhEJE","id":3328},
{"guid":"krqrNqLNSSacXTzQedFu6h8404k","id":1616},
{"guid":"krqrNqLNSSacXTzQedFu6h8404k","id":1686},
{"guid":"krqrNqLNSSacXTzQedFu6h8404k","id":1687},
{"guid":"3Y43BUG+dYd9HrwubKvWkN7loQQ","id":5420},
{"guid":"2C9Q14xcI2EG9KJHKm/rhQyLSv4","id":932},
{"guid":"2C9Q14xcI2EG9KJHKm/rhQyLSv4","id":805},
{"guid":"XECfYYYFo6GXaTlO9xDlFyM7A/0","id":919},
{"guid":"XECfYYYFo6GXaTlO9xDlFyM7A/0","id":786},
{"guid":"pyG9CPdiivxblpdNyU7tUSIDuaQ","id":70},
{"guid":"pyG9CPdiivxblpdNyU7tUSIDuaQ","id":90},
{"guid":"pyG9CPdiivxblpdNyU7tUSIDuaQ","id":85},
{"guid":"6f30jqUQ0ZPeZ+SZzR53a8ofO98","id":595},
{"guid":"6f30jqUQ0ZPeZ+SZzR53a8ofO98","id":540},
{"guid":"6f30jqUQ0ZPeZ+SZzR53a8ofO98","id":594},
{"guid":"IbSA+FpJrNEGqQvOhJH7tQvGebc","id":137},
{"guid":"IbSA+FpJrNEGqQvOhJH7tQvGebc","id":799},
{"guid":"IbSA+FpJrNEGqQvOhJH7tQvGebc","id":883},
{"guid":"hEIPDdoG0hflaSdxvqZaYdvqexk","id":294},
{"guid":"hEIPDdoG0hflaSdxvqZaYdvqexk","id":306},
{"guid":"hEIPDdoG0hflaSdxvqZaYdvqexk","id":307},
{"guid":"7U4haHtf5bM8sZrzYgWBosGzh1E","id":1121},
{"guid":"7U4haHtf5bM8sZrzYgWBosGzh1E","id":905},
{"guid":"7U4haHtf5bM8sZrzYgWBosGzh1E","id":1122},
{"guid":"Krj1x2TrxVcC1vtmgKWl7xpr+6w","id":107},
{"guid":"2l+knVEigSdrQvb7ln4woW3WYi8","id":399},
{"guid":"2l+knVEigSdrQvb7ln4woW3WYi8","id":338},
{"guid":"2l+knVEigSdrQvb7ln4woW3WYi8","id":814},
{"guid":"mqZeqqLODYi39S0XEMaLWPQENrs","id":418},
{"guid":"mqZeqqLODYi39S0XEMaLWPQENrs","id":1213},
{"guid":"mqZeqqLODYi39S0XEMaLWPQENrs","id":947},
{"guid":"uU729ifWtUlCZaJJXHJenl3MX1Y","id":70},
{"guid":"uU729ifWtUlCZaJJXHJenl3MX1Y","id":94},
{"guid":"uU729ifWtUlCZaJJXHJenl3MX1Y","id":80},
{"guid":"FMMr06y5b9yk9LF4eiiIRu9lOQU","id":1809},
{"guid":"FMMr06y5b9yk9LF4eiiIRu9lOQU","id":1810},
{"guid":"FMMr06y5b9yk9LF4eiiIRu9lOQU","id":1811},
{"guid":"27IHcvQwqbwsih1koWwKsVOr8+o","id":1029},
{"guid":"27IHcvQwqbwsih1koWwKsVOr8+o","id":13},
{"guid":"27IHcvQwqbwsih1koWwKsVOr8+o","id":1097},
{"guid":"0yAHcqcU+hPYMsQKxlZSqIhnHTk","id":584},
{"guid":"0yAHcqcU+hPYMsQKxlZSqIhnHTk","id":535},
{"guid":"0yAHcqcU+hPYMsQKxlZSqIhnHTk","id":590},
{"guid":"M86gZsLo3KXc3YsbIZLAjetA1oM","id":1467},
{"guid":"M86gZsLo3KXc3YsbIZLAjetA1oM","id":636},
{"guid":"M86gZsLo3KXc3YsbIZLAjetA1oM","id":1468},
{"guid":"Syg6zHfuOnt+2I+RZuwIGxMwBQg","id":1590},
{"guid":"Syg6zHfuOnt+2I+RZuwIGxMwBQg","id":1637},
{"guid":"Syg6zHfuOnt+2I+RZuwIGxMwBQg","id":1636},
{"guid":"MEvUAzwnjFr/yNqSGE40GR4k15s","id":130},
{"guid":"OwUa/TdyBSmhwSbSyW/mVeC2l5U","id":262},
{"guid":"OwUa/TdyBSmhwSbSyW/mVeC2l5U","id":260},
{"guid":"OwUa/TdyBSmhwSbSyW/mVeC2l5U","id":306},
{"guid":"Z8ZEmYOAAEs70CBKEmszD6Em+iU","id":1652},
{"guid":"Z8ZEmYOAAEs70CBKEmszD6Em+iU","id":1651},
{"guid":"Z8ZEmYOAAEs70CBKEmszD6Em+iU","id":1650},
{"guid":"uxuor1Xr7KMOXS4f0WvAWHOFiSs","id":815},
{"guid":"uxuor1Xr7KMOXS4f0WvAWHOFiSs","id":1757},
{"guid":"uxuor1Xr7KMOXS4f0WvAWHOFiSs","id":1737},
{"guid":"O0jR//pc24H6EUbrKdSrf18r4Dg","id":7},
{"guid":"O0jR//pc24H6EUbrKdSrf18r4Dg","id":57},
{"guid":"duGSlrmkbIJb90Z5W8nV966aLYY","id":588},
{"guid":"duGSlrmkbIJb90Z5W8nV966aLYY","id":587},
{"guid":"duGSlrmkbIJb90Z5W8nV966aLYY","id":550},
{"guid":"duGSlrmkbIJb90Z5W8nV966aLYY","id":550},
{"guid":"duGSlrmkbIJb90Z5W8nV966aLYY","id":588},
{"guid":"duGSlrmkbIJb90Z5W8nV966aLYY","id":587},
{"guid":"duGSlrmkbIJb90Z5W8nV966aLYY","id":550},
{"guid":"duGSlrmkbIJb90Z5W8nV966aLYY","id":550},
{"guid":"6Yn37pb4e81xii0jilZEqaAYhL0","id":1769},
{"guid":"6Yn37pb4e81xii0jilZEqaAYhL0","id":2049},
{"guid":"6Yn37pb4e81xii0jilZEqaAYhL0","id":2050},
{"guid":"6Yn37pb4e81xii0jilZEqaAYhL0","id":2023},
{"guid":"OiHjhXSzHJMSlPt/7S6wGZ5NM2o","id":1904},
{"guid":"A4TKgt7Itfk6FcEWvQgBN2UaCqU","id":1434},
{"guid":"A4TKgt7Itfk6FcEWvQgBN2UaCqU","id":1425},
{"guid":"A4TKgt7Itfk6FcEWvQgBN2UaCqU","id":1427},
{"guid":"UB8ExURx4OH5PO5aUY5nk1PfGxY","id":351},
{"guid":"UB8ExURx4OH5PO5aUY5nk1PfGxY","id":350},
{"guid":"ayuGVaO4VmohkoRUL1PiAwLoJx8","id":479},
{"guid":"ayuGVaO4VmohkoRUL1PiAwLoJx8","id":446},
{"guid":"ayuGVaO4VmohkoRUL1PiAwLoJx8","id":478},
{"guid":"Cd26GhmZD0qZOB4jHtrXcGZz3Ls","id":2743},
{"guid":"Cd26GhmZD0qZOB4jHtrXcGZz3Ls","id":2492},
{"guid":"Cd26GhmZD0qZOB4jHtrXcGZz3Ls","id":2744},
{"guid":"7BN/FUp7WqHI9RHzq1wcDqRAwqA","id":1853},
{"guid":"50K/Z15rD4L/0mmApMChqUdLlVw","id":792},
{"guid":"50K/Z15rD4L/0mmApMChqUdLlVw","id":791},
{"guid":"zJEmT3PyhoGfBUw8MBNr/jgSPTo","id":176},
{"guid":"zJEmT3PyhoGfBUw8MBNr/jgSPTo","id":175},
{"guid":"jMqVOarOq/yQ06SL8dfxGVPFSNI","id":164},
{"guid":"jMqVOarOq/yQ06SL8dfxGVPFSNI","id":202},
{"guid":"dSkjF04YNVvFSvRdnsDbj2NSq0Q","id":1203},
{"guid":"dSkjF04YNVvFSvRdnsDbj2NSq0Q","id":1202},
{"guid":"dSkjF04YNVvFSvRdnsDbj2NSq0Q","id":1204},
{"guid":"xjLFUJRFjHbJB/s82w2Ge7k+i78","id":69},
{"guid":"xjLFUJRFjHbJB/s82w2Ge7k+i78","id":47},
{"guid":"IE6j4CBcFhXSH/u+e7POI4bqtjc","id":9},
{"guid":"IE6j4CBcFhXSH/u+e7POI4bqtjc","id":1},
{"guid":"IE6j4CBcFhXSH/u+e7POI4bqtjc","id":12},
{"guid":"rwTCc0XnqRY7CWhr7n9/Ko90Nhs","id":408},
{"guid":"rwTCc0XnqRY7CWhr7n9/Ko90Nhs","id":407},
{"guid":"rwTCc0XnqRY7CWhr7n9/Ko90Nhs","id":254},
{"guid":"bcsGLdQwwLOrjdvEMI0upqV3bhM","id":15},
{"guid":"bcsGLdQwwLOrjdvEMI0upqV3bhM","id":14},
{"guid":"bcsGLdQwwLOrjdvEMI0upqV3bhM","id":19},
{"guid":"wY9PnXNweMd562rc7WrRPYsKJO0","id":1083},
{"guid":"wY9PnXNweMd562rc7WrRPYsKJO0","id":1678},
{"guid":"wY9PnXNweMd562rc7WrRPYsKJO0","id":1636},
{"guid":"f393gRZmXn/LLMPjI+gymHTncEY","id":3982},
{"guid":"f393gRZmXn/LLMPjI+gymHTncEY","id":3984},
{"guid":"f393gRZmXn/LLMPjI+gymHTncEY","id":3983},
{"guid":"sOvI1AG0Q+DaDOPf1Ngp0/lea4E","id":941},
{"guid":"Czq0DiEzU5XDwjVbJgOfGNDty6w","id":3874},
{"guid":"Czq0DiEzU5XDwjVbJgOfGNDty6w","id":3875},
{"guid":"Czq0DiEzU5XDwjVbJgOfGNDty6w","id":3620},
{"guid":"zoujUQHPPbSuoySF+SaftKAO2ZY","id":358},
{"guid":"zoujUQHPPbSuoySF+SaftKAO2ZY","id":424},
{"guid":"tnuH4SoEqbfl9j+Yyb65Hw8m40E","id":1527},
{"guid":"tnuH4SoEqbfl9j+Yyb65Hw8m40E","id":1614},
{"guid":"tnuH4SoEqbfl9j+Yyb65Hw8m40E","id":1},
{"guid":"Cgr6RGOzyJbuX3cAS91bHO22ABk","id":285},
{"guid":"Cgr6RGOzyJbuX3cAS91bHO22ABk","id":980},
{"guid":"Cgr6RGOzyJbuX3cAS91bHO22ABk","id":643},
{"guid":"oJISAcY4FDZiDGhqwyfxR3M9BsI","id":197},
{"guid":"vS3pu/v7KkIDDaFFrWLlTLhmNbo","id":2338},
{"guid":"vS3pu/v7KkIDDaFFrWLlTLhmNbo","id":1880},
{"guid":"vS3pu/v7KkIDDaFFrWLlTLhmNbo","id":1939},
{"guid":"8utce2mVOWtx7WKSpk9hr2PCkow","id":370},
{"guid":"8utce2mVOWtx7WKSpk9hr2PCkow","id":8},
{"guid":"8utce2mVOWtx7WKSpk9hr2PCkow","id":78},
{"guid":"4BRurzIwRwmFTNtzWTI2w0W0pSA","id":53},
{"guid":"4BRurzIwRwmFTNtzWTI2w0W0pSA","id":49},
{"guid":"4BRurzIwRwmFTNtzWTI2w0W0pSA","id":65},
{"guid":"At8RSVCTAmMC2FyGzeYRI/adOYM","id":25},
{"guid":"8IjgvmBCP8G9vFg97m9VgFv95Qc","id":785},
{"guid":"8IjgvmBCP8G9vFg97m9VgFv95Qc","id":837},
{"guid":"8IjgvmBCP8G9vFg97m9VgFv95Qc","id":836},
{"guid":"/eT0Fbx/DmYJxFXILtJ74N4ss6g","id":1733},
{"guid":"/eT0Fbx/DmYJxFXILtJ74N4ss6g","id":1734},
{"guid":"/eT0Fbx/DmYJxFXILtJ74N4ss6g","id":1735},
{"guid":"tRBpqlb++pg3Gj5FreGl8Gkqdu0","id":405},
{"guid":"tRBpqlb++pg3Gj5FreGl8Gkqdu0","id":402},
{"guid":"tRBpqlb++pg3Gj5FreGl8Gkqdu0","id":375},
{"guid":"51E2ZTroB3FtQ9RpgkTEsfL2WtE","id":526},
{"guid":"51E2ZTroB3FtQ9RpgkTEsfL2WtE","id":530},
{"guid":"D/u/5GmI1OjX4Gl/y8NbTMnsdk8","id":1707},
{"guid":"D/u/5GmI1OjX4Gl/y8NbTMnsdk8","id":1673},
{"guid":"D/u/5GmI1OjX4Gl/y8NbTMnsdk8","id":1709},
{"guid":"lGZip/9r3SsU8UGN8rxzqjX/4GA","id":719},
{"guid":"lGZip/9r3SsU8UGN8rxzqjX/4GA","id":678},
{"guid":"CVOJbVZJDdunkiiRvqQ7Pibf5Mo","id":412},
{"guid":"CVOJbVZJDdunkiiRvqQ7Pibf5Mo","id":407},
{"guid":"CVOJbVZJDdunkiiRvqQ7Pibf5Mo","id":413},
{"guid":"bXb7lnLKM3Q7VeS5ORecq7kvjKo","id":56},
{"guid":"0P/n6+oCABxwk7nu4SHuEEtZ5J8","id":153},
{"guid":"kaNF/92yRNb6iwur1gJc5Zh68lc","id":5478},
{"guid":"V2yHsGjdMIYmEt+eNhDjoZPGIlM","id":582},
{"guid":"V2yHsGjdMIYmEt+eNhDjoZPGIlM","id":578},
{"guid":"V2yHsGjdMIYmEt+eNhDjoZPGIlM","id":581},
{"guid":"+SS+/wmy9VE6fJ/n1/c2Wp7juy4","id":410},
{"guid":"+SS+/wmy9VE6fJ/n1/c2Wp7juy4","id":411},
{"guid":"+SS+/wmy9VE6fJ/n1/c2Wp7juy4","id":412},
{"guid":"6wWqgMC+lJv7hfn+oo369HJP2qo","id":205},
{"guid":"6wWqgMC+lJv7hfn+oo369HJP2qo","id":183},
{"guid":"6wWqgMC+lJv7hfn+oo369HJP2qo","id":206},
{"guid":"b12bybzUej+xLWI8HNDnmYvGf4A","id":138},
{"guid":"b12bybzUej+xLWI8HNDnmYvGf4A","id":443},
{"guid":"b12bybzUej+xLWI8HNDnmYvGf4A","id":602},
{"guid":"t6mvnC38hBZmE90+UCKGKO2Y7H0","id":863},
{"guid":"t6mvnC38hBZmE90+UCKGKO2Y7H0","id":865},
{"guid":"t6mvnC38hBZmE90+UCKGKO2Y7H0","id":213},
{"guid":"+mfGghayc9IrnxDzMuPNSBD2pIc","id":1921},
{"guid":"+mfGghayc9IrnxDzMuPNSBD2pIc","id":1859},
{"guid":"eTYRMGngtZqLoo1ybJgMK/WCAFE","id":278},
{"guid":"eTYRMGngtZqLoo1ybJgMK/WCAFE","id":279},
{"guid":"eTYRMGngtZqLoo1ybJgMK/WCAFE","id":131},
{"guid":"y4INoWKrffdsKylZbV4Ntz5nzJ0","id":20},
{"guid":"y4INoWKrffdsKylZbV4Ntz5nzJ0","id":21},
{"guid":"5mDDUT6sPi2WLwsICeczJZQrPJY","id":6411},
{"guid":"5mDDUT6sPi2WLwsICeczJZQrPJY","id":6410},
{"guid":"EpDMxX2Yec0vAlk9BBgDxvmQqc4","id":28},
{"guid":"6Mn0go/yCo9ZL9Va3Ng4Y3jh5Qs","id":2030},
{"guid":"6Mn0go/yCo9ZL9Va3Ng4Y3jh5Qs","id":1867},
{"guid":"6Mn0go/yCo9ZL9Va3Ng4Y3jh5Qs","id":2115},
{"guid":"H8yXaNZXLOWw0sbJgxoVql7Vxc8","id":47},
{"guid":"H8yXaNZXLOWw0sbJgxoVql7Vxc8","id":48},
{"guid":"H8yXaNZXLOWw0sbJgxoVql7Vxc8","id":49},
{"guid":"eX2O9u1zTAyfJHXZXQsIhTmF0Hw","id":78},
{"guid":"eX2O9u1zTAyfJHXZXQsIhTmF0Hw","id":76},
{"guid":"eX2O9u1zTAyfJHXZXQsIhTmF0Hw","id":98},
{"guid":"iNiJ5PrNDYuDFt5PGZiAsfEsZFg","id":145},
{"guid":"iNiJ5PrNDYuDFt5PGZiAsfEsZFg","id":131},
{"guid":"iNiJ5PrNDYuDFt5PGZiAsfEsZFg","id":141},
{"guid":"uLaK9d2rDL8clZwDt1htetNyp18","id":223},
{"guid":"uLaK9d2rDL8clZwDt1htetNyp18","id":226},
{"guid":"uLaK9d2rDL8clZwDt1htetNyp18","id":227},
{"guid":"uLaK9d2rDL8clZwDt1htetNyp18","id":225},
{"guid":"uLaK9d2rDL8clZwDt1htetNyp18","id":224},
{"guid":"uLaK9d2rDL8clZwDt1htetNyp18","id":222},
{"guid":"uLaK9d2rDL8clZwDt1htetNyp18","id":22},
{"guid":"uLaK9d2rDL8clZwDt1htetNyp18","id":16},
{"guid":"uLaK9d2rDL8clZwDt1htetNyp18","id":221},
{"guid":"UrhdtChNa23B0fK+roWqsNBgEDI","id":457},
{"guid":"UrhdtChNa23B0fK+roWqsNBgEDI","id":471},
{"guid":"6uiW8/evlWB+Xyhb8vibyeOPCxg","id":490},
{"guid":"6uiW8/evlWB+Xyhb8vibyeOPCxg","id":552},
{"guid":"6uiW8/evlWB+Xyhb8vibyeOPCxg","id":554},
{"guid":"B58BlGQR913vZz5h8MRma2B0gUI","id":2658},
{"guid":"Todj4tVpqZthorGrBocxkXSKyg0","id":92},
{"guid":"Todj4tVpqZthorGrBocxkXSKyg0","id":93},
{"guid":"Todj4tVpqZthorGrBocxkXSKyg0","id":59},
{"guid":"laM9ZBdh3WJR1ohC9gFm2f2CNEk","id":202},
{"guid":"laM9ZBdh3WJR1ohC9gFm2f2CNEk","id":203},
{"guid":"laM9ZBdh3WJR1ohC9gFm2f2CNEk","id":201},
{"guid":"NeHQhYYffbSTK9lo0cvAWJMiziY","id":219},
{"guid":"NeHQhYYffbSTK9lo0cvAWJMiziY","id":64},
{"guid":"UpaVzFV7H7Aoy0dPztrXZv91UaY","id":23},
{"guid":"oG2vX4gECUAIQU9Cp4VxXRhvGYI","id":664},
{"guid":"oG2vX4gECUAIQU9Cp4VxXRhvGYI","id":666},
{"guid":"oG2vX4gECUAIQU9Cp4VxXRhvGYI","id":665},
{"guid":"2jqww/XrZJYfZiY4APmssQqZdNE","id":131},
{"guid":"d6pWI4VetnHZ3bT4hZaFRCIgxeU","id":481},
{"guid":"d6pWI4VetnHZ3bT4hZaFRCIgxeU","id":480},
{"guid":"d6pWI4VetnHZ3bT4hZaFRCIgxeU","id":482},
{"guid":"iVyFLCzQn6JgMYbNwhLrMLPJqVQ","id":303},
{"guid":"iVyFLCzQn6JgMYbNwhLrMLPJqVQ","id":302},
{"guid":"iVyFLCzQn6JgMYbNwhLrMLPJqVQ","id":301},
{"guid":"j3IFc7nGS3qDjE5+LoyYx8FFWQI","id":17},
{"guid":"j3IFc7nGS3qDjE5+LoyYx8FFWQI","id":86},
{"guid":"26PG1V5yTSC0q35oerAINgeS/gQ","id":8},
{"guid":"26PG1V5yTSC0q35oerAINgeS/gQ","id":31},
{"guid":"kDk8gn0fEChws+upBkF+2xg5m5E","id":208},
{"guid":"ZBKklbsC23de0LCSEtYQ4dz48EY","id":89},
{"guid":"ZBKklbsC23de0LCSEtYQ4dz48EY","id":87},
{"guid":"ZBKklbsC23de0LCSEtYQ4dz48EY","id":43},
{"guid":"c9LfduSM4vSOvhpm3nfso5Z7QEw","id":901},
{"guid":"c9LfduSM4vSOvhpm3nfso5Z7QEw","id":902},
{"guid":"c9LfduSM4vSOvhpm3nfso5Z7QEw","id":903},
{"guid":"HvrRO9W+yV+RlKP1Hn5mlXQPUkU","id":315},
{"guid":"HvrRO9W+yV+RlKP1Hn5mlXQPUkU","id":314},
{"guid":"HvrRO9W+yV+RlKP1Hn5mlXQPUkU","id":334},
{"guid":"TwdSS2Q7NsaK8+elVzi1g/sQPjI","id":1730},
{"guid":"TwdSS2Q7NsaK8+elVzi1g/sQPjI","id":1738},
{"guid":"Gtsyso0TOp4ME1pY+Am7l0nVpXk","id":1691},
{"guid":"Gtsyso0TOp4ME1pY+Am7l0nVpXk","id":1705},
{"guid":"Gtsyso0TOp4ME1pY+Am7l0nVpXk","id":540},
{"guid":"v3o2HBfUuwqfDUgHG92L0MQuwvU","id":216},
{"guid":"v3o2HBfUuwqfDUgHG92L0MQuwvU","id":1096},
{"guid":"oHjVVoKES7vLK1BzBDPO/KvsDVQ","id":924},
{"guid":"oHjVVoKES7vLK1BzBDPO/KvsDVQ","id":923},
{"guid":"oHjVVoKES7vLK1BzBDPO/KvsDVQ","id":925},
{"guid":"cBCxlGfSiE2Y7WBdEl4IdtUquYY","id":28},
{"guid":"cBCxlGfSiE2Y7WBdEl4IdtUquYY","id":69},
{"guid":"cBCxlGfSiE2Y7WBdEl4IdtUquYY","id":68},
{"guid":"XcHWfmjO4N/WaONsapRfCfvRxUE","id":358},
{"guid":"XcHWfmjO4N/WaONsapRfCfvRxUE","id":359},
{"guid":"XcHWfmjO4N/WaONsapRfCfvRxUE","id":360},
{"guid":"Y/SvGt/j7NfsVqSqKwY1yLA593o","id":1506},
{"guid":"6nDRmxHPRALtxPwdH8d1Sgw4gR4","id":389},
{"guid":"6nDRmxHPRALtxPwdH8d1Sgw4gR4","id":309},
{"guid":"6nDRmxHPRALtxPwdH8d1Sgw4gR4","id":309},
{"guid":"dFFUXUNmHgI3VlV0bOAaDoOtjdo","id":726},
{"guid":"dFFUXUNmHgI3VlV0bOAaDoOtjdo","id":18},
{"guid":"dFFUXUNmHgI3VlV0bOAaDoOtjdo","id":719},
{"guid":"pEaC4kccvzq65wbnDEvZ9l4VHpw","id":372},
{"guid":"pEaC4kccvzq65wbnDEvZ9l4VHpw","id":374},
{"guid":"pEaC4kccvzq65wbnDEvZ9l4VHpw","id":377},
{"guid":"xzn4h8acZkHH1dGU33ICTrDFOjA","id":19},
{"guid":"xzn4h8acZkHH1dGU33ICTrDFOjA","id":21},
{"guid":"xzn4h8acZkHH1dGU33ICTrDFOjA","id":69},
{"guid":"pRpUTip1N5aTsJ6WAenoRZJnz1Y","id":214},
{"guid":"/McIgmFXb3yzjTPI8sniqWYMoss","id":1633},
{"guid":"/McIgmFXb3yzjTPI8sniqWYMoss","id":1629},
{"guid":"/McIgmFXb3yzjTPI8sniqWYMoss","id":1634},
{"guid":"TMBp/wpAdc0TUPBFFCbzGoF1rew","id":835},
{"guid":"feo1yLZd4ga4E+5v6gR+Bzq98Zc","id":273},
{"guid":"CeINkZ8t7Q9Mta94Mlv0BIF4vq8","id":3021},
{"guid":"0B3hMeVb0gmJZ6WVU3eXe4b6MMM","id":109},
{"guid":"0B3hMeVb0gmJZ6WVU3eXe4b6MMM","id":112},
{"guid":"0B3hMeVb0gmJZ6WVU3eXe4b6MMM","id":108},
{"guid":"uwL5KmwU5C1u4KC/lvIIDp3M6e4","id":82},
{"guid":"uwL5KmwU5C1u4KC/lvIIDp3M6e4","id":10},
{"guid":"uwL5KmwU5C1u4KC/lvIIDp3M6e4","id":109},
{"guid":"1FS5pdXuZzc+koeuSpqUggevoQY","id":984},
{"guid":"1FS5pdXuZzc+koeuSpqUggevoQY","id":1336},
{"guid":"1FS5pdXuZzc+koeuSpqUggevoQY","id":275},
{"guid":"ZGBeghZ24DbAQs/1pKW93SWYdFQ","id":127},
{"guid":"ZGBeghZ24DbAQs/1pKW93SWYdFQ","id":65},
{"guid":"ZGBeghZ24DbAQs/1pKW93SWYdFQ","id":68},
{"guid":"OmNM2iOkU+Vt8XrwZBEvbePoxEQ","id":46},
{"guid":"OmNM2iOkU+Vt8XrwZBEvbePoxEQ","id":2706},
{"guid":"OmNM2iOkU+Vt8XrwZBEvbePoxEQ","id":2705},
{"guid":"BCAEJnjyJb7rjM+1Ow8TOYP5qoQ","id":393},
{"guid":"BCAEJnjyJb7rjM+1Ow8TOYP5qoQ","id":422},
{"guid":"BCAEJnjyJb7rjM+1Ow8TOYP5qoQ","id":423},
{"guid":"ANxU1fpO+ArqX3EjCWZ3+osbWGU","id":2009},
{"guid":"ANxU1fpO+ArqX3EjCWZ3+osbWGU","id":1990},
{"guid":"ANxU1fpO+ArqX3EjCWZ3+osbWGU","id":1995},
{"guid":"PZW+ZTxco7brZ8j8tD/mUIwcLIk","id":5882},
{"guid":"PZW+ZTxco7brZ8j8tD/mUIwcLIk","id":5883},
{"guid":"O41+j8kBEggVQh3T+wZ7GbsJqbg","id":1985},
{"guid":"O41+j8kBEggVQh3T+wZ7GbsJqbg","id":1986},
{"guid":"O41+j8kBEggVQh3T+wZ7GbsJqbg","id":1987},
{"guid":"f2qx8Sw6qGcbK3ZUNb+neDvMwEU","id":139},
{"guid":"f2qx8Sw6qGcbK3ZUNb+neDvMwEU","id":34},
{"guid":"f2qx8Sw6qGcbK3ZUNb+neDvMwEU","id":167},
{"guid":"zvqu7rU00eBYCJkZHTy6As7XJj4","id":191},
{"guid":"zvqu7rU00eBYCJkZHTy6As7XJj4","id":189},
{"guid":"E9n9w9KcRXQjOg9loMq5I7SFCyA","id":329},
{"guid":"E9n9w9KcRXQjOg9loMq5I7SFCyA","id":295},
{"guid":"f6DQkqWP23NEfuIre8Aei7UciuI","id":531},
{"guid":"H4ksj5s7JHNOBkqMpja3+G0NtsQ","id":122},
{"guid":"H4ksj5s7JHNOBkqMpja3+G0NtsQ","id":241},
{"guid":"H4ksj5s7JHNOBkqMpja3+G0NtsQ","id":44},
{"guid":"eoyoQt2egDhEXbJRtF3ugRCoxSw","id":268},
{"guid":"GqlhWNV+KkIb9SJN3Ngql/zWHbw","id":180},
{"guid":"qvuK1Ny1/yPZomrEAlwbuE66jng","id":1161},
{"guid":"qvuK1Ny1/yPZomrEAlwbuE66jng","id":1163},
{"guid":"6xC/c/jSFgaf9FqA7rLKw1YJVoU","id":1187},
{"guid":"6xC/c/jSFgaf9FqA7rLKw1YJVoU","id":1189},
{"guid":"LEVRL7N1TVlupcYtVUPY46LXBfk","id":1027},
{"guid":"LEVRL7N1TVlupcYtVUPY46LXBfk","id":1029},
{"guid":"LEVRL7N1TVlupcYtVUPY46LXBfk","id":1028},
{"guid":"tgFUR6Fkph+WQ2oExR2Ma6gqLF8","id":604},
{"guid":"tgFUR6Fkph+WQ2oExR2Ma6gqLF8","id":741},
{"guid":"tgFUR6Fkph+WQ2oExR2Ma6gqLF8","id":749},
{"guid":"G8uEXTpkVpaS3kfOOepx+n6obwQ","id":1907},
{"guid":"G8uEXTpkVpaS3kfOOepx+n6obwQ","id":1976},
{"guid":"jhxpM1Dvpt1TKQSjnT2nlVw7S0U","id":426},
{"guid":"jhxpM1Dvpt1TKQSjnT2nlVw7S0U","id":427},
{"guid":"jhxpM1Dvpt1TKQSjnT2nlVw7S0U","id":386},
{"guid":"n0dQxjtdw3Uh3EOw+JvdQXd06go","id":1189},
{"guid":"RJJXddNuk5lliEjfjlPRGJukXl0","id":1530},
{"guid":"RJJXddNuk5lliEjfjlPRGJukXl0","id":1531},
{"guid":"RJJXddNuk5lliEjfjlPRGJukXl0","id":1532},
{"guid":"+45xA52gPT2yoLdqYeqdl1w3iVI","id":2604},
{"guid":"+45xA52gPT2yoLdqYeqdl1w3iVI","id":2711},
{"guid":"+45xA52gPT2yoLdqYeqdl1w3iVI","id":2718},
{"guid":"GnqTaaR4s/QsDhPLaSToRd5WcBs","id":346},
{"guid":"GnqTaaR4s/QsDhPLaSToRd5WcBs","id":340},
{"guid":"GnqTaaR4s/QsDhPLaSToRd5WcBs","id":365},
{"guid":"gT6Vt3MpsatOGneP+3XsdTjHBvA","id":136},
{"guid":"gT6Vt3MpsatOGneP+3XsdTjHBvA","id":35},
{"guid":"gT6Vt3MpsatOGneP+3XsdTjHBvA","id":143},
{"guid":"3a+f8Mx4JegIP6Ymqf2CqVFBL9o","id":429},
{"guid":"3a+f8Mx4JegIP6Ymqf2CqVFBL9o","id":431},
{"guid":"3a+f8Mx4JegIP6Ymqf2CqVFBL9o","id":430},
{"guid":"VYkXkZbntPXjmKcry+JreoDs+7A","id":411},
{"guid":"VYkXkZbntPXjmKcry+JreoDs+7A","id":411},
{"guid":"VYkXkZbntPXjmKcry+JreoDs+7A","id":411},
{"guid":"GeUW8BPHEiqEh5YKxxlzcbDDxFc","id":59},
{"guid":"rclxjb20DWqy6bgtRlcCFd71CME","id":1288},
{"guid":"rclxjb20DWqy6bgtRlcCFd71CME","id":1286},
{"guid":"rclxjb20DWqy6bgtRlcCFd71CME","id":1287},
{"guid":"hLjOAm8FpXMzMOk9zMGLA2RGhL4","id":1767},
{"guid":"hLjOAm8FpXMzMOk9zMGLA2RGhL4","id":1768},
{"guid":"hLjOAm8FpXMzMOk9zMGLA2RGhL4","id":1769},
{"guid":"GmSGRvzDSIwznyksC/XKRs4RWEg","id":1107},
{"guid":"GmSGRvzDSIwznyksC/XKRs4RWEg","id":864},
{"guid":"dRxcpOcZdYBowFzYeF6V9bEjDsw","id":850},
{"guid":"dRxcpOcZdYBowFzYeF6V9bEjDsw","id":999},
{"guid":"Ip5zX98qbefxtp/C/1zf9glGfMs","id":539},
{"guid":"Ip5zX98qbefxtp/C/1zf9glGfMs","id":341},
{"guid":"Ip5zX98qbefxtp/C/1zf9glGfMs","id":347},
{"guid":"Wnx8sIWToYQ5pLsTFDH6D1D+Q14","id":1093},
{"guid":"Wnx8sIWToYQ5pLsTFDH6D1D+Q14","id":1094},
{"guid":"Wnx8sIWToYQ5pLsTFDH6D1D+Q14","id":148},
{"guid":"rRiG4mwr194lx0RN33GRLPSWxjs","id":114},
{"guid":"rRiG4mwr194lx0RN33GRLPSWxjs","id":112},
{"guid":"rRiG4mwr194lx0RN33GRLPSWxjs","id":83},
{"guid":"TNP35HEWydLFo6C3SWTQ/UNPr0I","id":65},
{"guid":"TNP35HEWydLFo6C3SWTQ/UNPr0I","id":76},
{"guid":"TNP35HEWydLFo6C3SWTQ/UNPr0I","id":66},
{"guid":"OTZ+aWzF3MyZiDfOHhOZMNbWSpc","id":310},
{"guid":"OTZ+aWzF3MyZiDfOHhOZMNbWSpc","id":308},
{"guid":"OTZ+aWzF3MyZiDfOHhOZMNbWSpc","id":309},
{"guid":"M0VyL35+Rjm78qvP/cAzErsuxCQ","id":185},
{"guid":"M0VyL35+Rjm78qvP/cAzErsuxCQ","id":254},
{"guid":"M0VyL35+Rjm78qvP/cAzErsuxCQ","id":257},
{"guid":"VViPY3RRIinGev7fmSus3VeOi0M","id":9},
{"guid":"VViPY3RRIinGev7fmSus3VeOi0M","id":13},
{"guid":"D28SMf93i0nNlOixv3t4Yz98eOU","id":2812},
{"guid":"D28SMf93i0nNlOixv3t4Yz98eOU","id":2811},
{"guid":"D28SMf93i0nNlOixv3t4Yz98eOU","id":2790},
{"guid":"vM6+8u8yGxQ+DGZr6eDZPlQgEc4","id":1385},
{"guid":"vM6+8u8yGxQ+DGZr6eDZPlQgEc4","id":1372},
{"guid":"vM6+8u8yGxQ+DGZr6eDZPlQgEc4","id":1387},
{"guid":"U8fA3dzUx4SQG7/NNO7lEU4mF+Y","id":537},
{"guid":"U8fA3dzUx4SQG7/NNO7lEU4mF+Y","id":447},
{"guid":"U8fA3dzUx4SQG7/NNO7lEU4mF+Y","id":483},
{"guid":"g7PWl7X25ePQha5C+AvUuJKCZ8c","id":282},
{"guid":"g7PWl7X25ePQha5C+AvUuJKCZ8c","id":337},
{"guid":"g7PWl7X25ePQha5C+AvUuJKCZ8c","id":350},
{"guid":"nufU8pecNGnewgEVKuBcTS+b0/s","id":70},
{"guid":"nufU8pecNGnewgEVKuBcTS+b0/s","id":153},
{"guid":"nufU8pecNGnewgEVKuBcTS+b0/s","id":121},
{"guid":"AKYxR5Y/tx7IHCRW4dpIwLhgNw8","id":41},
{"guid":"RLNnByjv6CyxyuCWRWEjVXeQnCI","id":514},
{"guid":"RLNnByjv6CyxyuCWRWEjVXeQnCI","id":495},
{"guid":"RLNnByjv6CyxyuCWRWEjVXeQnCI","id":493},
{"guid":"jiHGyYZAvJWucIU9SpOtTXDLAC4","id":77},
{"guid":"jiHGyYZAvJWucIU9SpOtTXDLAC4","id":127},
{"guid":"jiHGyYZAvJWucIU9SpOtTXDLAC4","id":303},
{"guid":"sFRVCYfBDLBd61gYySOBJwc9Y0U","id":728},
{"guid":"sFRVCYfBDLBd61gYySOBJwc9Y0U","id":748},
{"guid":"sFRVCYfBDLBd61gYySOBJwc9Y0U","id":715},
{"guid":"PhxR1+aTtnocLRIuB3YEwEfwLhs","id":356},
{"guid":"ch3vDanjoObYan08Fe2Ny27YLoQ","id":7918},
{"guid":"ch3vDanjoObYan08Fe2Ny27YLoQ","id":7917},
{"guid":"ch3vDanjoObYan08Fe2Ny27YLoQ","id":7916},
{"guid":"ru6k/QnHC8cnLSdNKsJVLy2mdyU","id":3657},
{"guid":"ru6k/QnHC8cnLSdNKsJVLy2mdyU","id":4767},
{"guid":"ru6k/QnHC8cnLSdNKsJVLy2mdyU","id":4797},
{"guid":"GL6t/BHxWIWp+3II016TCgMFpQw","id":80},
{"guid":"GL6t/BHxWIWp+3II016TCgMFpQw","id":76},
{"guid":"GL6t/BHxWIWp+3II016TCgMFpQw","id":84},
{"guid":"QmH8zh+a4DDtjA+gHnvUYZv2oCQ","id":999},
{"guid":"QmH8zh+a4DDtjA+gHnvUYZv2oCQ","id":1000},
{"guid":"QmH8zh+a4DDtjA+gHnvUYZv2oCQ","id":983},
{"guid":"9ge4b7ofzkgHU/5ivU8Hl6szhmA","id":455},
{"guid":"9ge4b7ofzkgHU/5ivU8Hl6szhmA","id":473},
{"guid":"9ge4b7ofzkgHU/5ivU8Hl6szhmA","id":474},
{"guid":"HzyBSpSSeNQrT1nK/ogvsur1Hjw","id":302},
{"guid":"HzyBSpSSeNQrT1nK/ogvsur1Hjw","id":301},
{"guid":"HzyBSpSSeNQrT1nK/ogvsur1Hjw","id":300},
{"guid":"ua0itJG1sfiG5ZIoBTujL8dnfk0","id":1779},
{"guid":"ua0itJG1sfiG5ZIoBTujL8dnfk0","id":1864},
{"guid":"ua0itJG1sfiG5ZIoBTujL8dnfk0","id":1780},
{"guid":"veZvZb7IfbxEqM4avoRpcyW2WOI","id":119},
{"guid":"veZvZb7IfbxEqM4avoRpcyW2WOI","id":96},
{"guid":"veZvZb7IfbxEqM4avoRpcyW2WOI","id":120},
{"guid":"5F00bZBT0QBw/fERIGm6ZXFF2Ls","id":248},
{"guid":"5F00bZBT0QBw/fERIGm6ZXFF2Ls","id":242},
{"guid":"5F00bZBT0QBw/fERIGm6ZXFF2Ls","id":249},
{"guid":"FCRPcD5NMDa6ncxIMdPL+JfVFcg","id":5081},
{"guid":"FCRPcD5NMDa6ncxIMdPL+JfVFcg","id":5080},
{"guid":"FCRPcD5NMDa6ncxIMdPL+JfVFcg","id":5082},
{"guid":"A+zqIQM/g3mriyGF6gxIGE22YGE","id":982},
{"guid":"A+zqIQM/g3mriyGF6gxIGE22YGE","id":980},
{"guid":"A+zqIQM/g3mriyGF6gxIGE22YGE","id":981},
{"guid":"ITTVeTUwVic0tDMB/7GzPjpmC+I","id":3709},
{"guid":"ITTVeTUwVic0tDMB/7GzPjpmC+I","id":2839},
{"guid":"ITTVeTUwVic0tDMB/7GzPjpmC+I","id":3710},
{"guid":"p8rm9rQE7zMeVHry0z7zhghJPBw","id":2919},
{"guid":"p8rm9rQE7zMeVHry0z7zhghJPBw","id":2920},
{"guid":"p8rm9rQE7zMeVHry0z7zhghJPBw","id":2921},
{"guid":"frkFqiZ6YQDuzwFfuQ36f3dcKjQ","id":2821},
{"guid":"frkFqiZ6YQDuzwFfuQ36f3dcKjQ","id":2820},
{"guid":"frkFqiZ6YQDuzwFfuQ36f3dcKjQ","id":2819},
{"guid":"y5qvdMrxEUXTraNxju9nMTpS/PI","id":5901},
{"guid":"y5qvdMrxEUXTraNxju9nMTpS/PI","id":5900},
{"guid":"y5qvdMrxEUXTraNxju9nMTpS/PI","id":5132},
{"guid":"y5qvdMrxEUXTraNxju9nMTpS/PI","id":5902},
{"guid":"ziha8HBdH7QNEdIB3KeHeqnSaSk","id":3724},
{"guid":"ziha8HBdH7QNEdIB3KeHeqnSaSk","id":3766},
{"guid":"ziha8HBdH7QNEdIB3KeHeqnSaSk","id":2774},
{"guid":"ziha8HBdH7QNEdIB3KeHeqnSaSk","id":3865},
{"guid":"PtMypiWyhos6EUgbsho7QpJO00I","id":76},
{"guid":"PtMypiWyhos6EUgbsho7QpJO00I","id":6790},
{"guid":"PtMypiWyhos6EUgbsho7QpJO00I","id":1624},
{"guid":"PtMypiWyhos6EUgbsho7QpJO00I","id":8817},
{"guid":"KgNm70svAeJAFhYzoPaQFtp1o8s","id":445},
{"guid":"KgNm70svAeJAFhYzoPaQFtp1o8s","id":2470},
{"guid":"KgNm70svAeJAFhYzoPaQFtp1o8s","id":1943},
{"guid":"fBlj0A3il41ZPEScBLuQ+ySbK3Q","id":8331},
{"guid":"fBlj0A3il41ZPEScBLuQ+ySbK3Q","id":8330},
{"guid":"fBlj0A3il41ZPEScBLuQ+ySbK3Q","id":4949},
{"guid":"fBlj0A3il41ZPEScBLuQ+ySbK3Q","id":828},
{"guid":"Qj6r9WMq+T5rxmi8EFJCsnPQxZs","id":841},
{"guid":"Qj6r9WMq+T5rxmi8EFJCsnPQxZs","id":944},
{"guid":"Qj6r9WMq+T5rxmi8EFJCsnPQxZs","id":934},
{"guid":"0rZBoe/zrVLEd4UdaQBzZ0apQRA","id":1115},
{"guid":"80akjw8QVAtUsVocfNSE33iDLuU","id":533},
{"guid":"80akjw8QVAtUsVocfNSE33iDLuU","id":278},
{"guid":"SKlP7AQrfpmu21Xqw5A2cD5uTGY","id":410},
{"guid":"SKlP7AQrfpmu21Xqw5A2cD5uTGY","id":191},
{"guid":"xgNDNIsRsM2oqVcKSN6BSLavoeo","id":2225},
{"guid":"xgNDNIsRsM2oqVcKSN6BSLavoeo","id":2265},
{"guid":"xgNDNIsRsM2oqVcKSN6BSLavoeo","id":2231},
{"guid":"IxJoyuRPTONhFro03XBW8KERK70","id":4899},
{"guid":"IxJoyuRPTONhFro03XBW8KERK70","id":4836},
{"guid":"IxJoyuRPTONhFro03XBW8KERK70","id":4925},
{"guid":"qtOZW2iQEdDHxIs5mdTVWNdTaDI","id":1503},
{"guid":"qtOZW2iQEdDHxIs5mdTVWNdTaDI","id":2322},
{"guid":"qtOZW2iQEdDHxIs5mdTVWNdTaDI","id":2323},
{"guid":"oZSkqFM2VoxK4U2bWHDcmmyphLI","id":678},
{"guid":"oZSkqFM2VoxK4U2bWHDcmmyphLI","id":693},
{"guid":"kn27iAR5ogP/3MzdXosyMGeBgWo","id":1023},
{"guid":"kn27iAR5ogP/3MzdXosyMGeBgWo","id":1022},
{"guid":"kn27iAR5ogP/3MzdXosyMGeBgWo","id":964},
{"guid":"EK+TlzdvpjUKY0jOr/lISJZ7OBU","id":3594},
{"guid":"EK+TlzdvpjUKY0jOr/lISJZ7OBU","id":3604},
{"guid":"EK+TlzdvpjUKY0jOr/lISJZ7OBU","id":3603},
{"guid":"GcLSbsKiTkcT15fjN3wl1jGvG6w","id":2692},
{"guid":"GcLSbsKiTkcT15fjN3wl1jGvG6w","id":2452},
{"guid":"GcLSbsKiTkcT15fjN3wl1jGvG6w","id":1945},
{"guid":"ify3dpEai0HhYgO3UcGBV34w7bI","id":1290},
{"guid":"ify3dpEai0HhYgO3UcGBV34w7bI","id":1190},
{"guid":"ify3dpEai0HhYgO3UcGBV34w7bI","id":629},
{"guid":"CnZHyFTcc1f1YKc0p1G59dFvPjU","id":369},
{"guid":"CnZHyFTcc1f1YKc0p1G59dFvPjU","id":413},
{"guid":"CnZHyFTcc1f1YKc0p1G59dFvPjU","id":415},
{"guid":"0mDGxcTIv5zqoe9e4q4+K62F3Ho","id":1908},
{"guid":"0mDGxcTIv5zqoe9e4q4+K62F3Ho","id":1755},
{"guid":"DJ687L3EoZgIpma3h2ueN2ROzOM","id":1},
{"guid":"DJ687L3EoZgIpma3h2ueN2ROzOM","id":62},
{"guid":"DJ687L3EoZgIpma3h2ueN2ROzOM","id":214},
{"guid":"m6kcd99L7rIhqpHLFIiceHOvA5o","id":351},
{"guid":"Hfou2cKUzB9xTbFGkG8m0NYRzaM","id":593},
{"guid":"Hfou2cKUzB9xTbFGkG8m0NYRzaM","id":8},
{"guid":"Cr0iEwjgwwyrJU2uvdixAeArlA4","id":15},
{"guid":"Cr0iEwjgwwyrJU2uvdixAeArlA4","id":7},
{"guid":"Cr0iEwjgwwyrJU2uvdixAeArlA4","id":34},
{"guid":"/N9Qh822HHU/OXlKQ+q9DTWButs","id":5413},
{"guid":"/N9Qh822HHU/OXlKQ+q9DTWButs","id":5415},
{"guid":"/N9Qh822HHU/OXlKQ+q9DTWButs","id":5414},
{"guid":"nLYQvrL/OUHDaiUKfA9MYxjx/Uw","id":435},
{"guid":"nLYQvrL/OUHDaiUKfA9MYxjx/Uw","id":753},
{"guid":"nLYQvrL/OUHDaiUKfA9MYxjx/Uw","id":4},
{"guid":"4MqH6uHeHJ7sdUA4CSPh0KXnoG8","id":72},
{"guid":"4MqH6uHeHJ7sdUA4CSPh0KXnoG8","id":71},
{"guid":"4MqH6uHeHJ7sdUA4CSPh0KXnoG8","id":57},
{"guid":"Gr37BH9eeOblY8nVki0EFVwAj1M","id":752},
{"guid":"Gr37BH9eeOblY8nVki0EFVwAj1M","id":274},
{"guid":"Gr37BH9eeOblY8nVki0EFVwAj1M","id":750},
{"guid":"qyCzdOhkkU/PK+2eTSorjVCE/c4","id":2148},
{"guid":"qyCzdOhkkU/PK+2eTSorjVCE/c4","id":2146},
{"guid":"qyCzdOhkkU/PK+2eTSorjVCE/c4","id":165},
{"guid":"oGvnCbHZkff7Z5wM1wI16LADcLI","id":639},
{"guid":"oGvnCbHZkff7Z5wM1wI16LADcLI","id":640},
{"guid":"uHjtOwRIwEXwXBGK/kwGELdl7dg","id":4428},
{"guid":"uHjtOwRIwEXwXBGK/kwGELdl7dg","id":4126},
{"guid":"uHjtOwRIwEXwXBGK/kwGELdl7dg","id":3282},
{"guid":"KbvfrJMVkLAcWHLFXxtnXhz4+X4","id":1326},
{"guid":"KbvfrJMVkLAcWHLFXxtnXhz4+X4","id":1326},
{"guid":"KbvfrJMVkLAcWHLFXxtnXhz4+X4","id":1326},
{"guid":"pDCv4k9YKHAlQJxRpzEby7MyPac","id":2646},
{"guid":"pDCv4k9YKHAlQJxRpzEby7MyPac","id":3856},
{"guid":"pDCv4k9YKHAlQJxRpzEby7MyPac","id":3858},
{"guid":"pDCv4k9YKHAlQJxRpzEby7MyPac","id":3855},
{"guid":"fXLEw5vQUkg/lnF52EX3L0AEIjs","id":1030},
{"guid":"0jnaqtiY2nTDzlzmer0TG5bEF+8","id":290},
{"guid":"0jnaqtiY2nTDzlzmer0TG5bEF+8","id":321},
{"guid":"0jnaqtiY2nTDzlzmer0TG5bEF+8","id":326},
{"guid":"xtUUpeptoQ1Z10Po0HQQvlyt1xw","id":2148},
{"guid":"3b1RwmZlc5UNsWY/S5iuuMhF2+Q","id":5627},
{"guid":"3b1RwmZlc5UNsWY/S5iuuMhF2+Q","id":5626},
{"guid":"3b1RwmZlc5UNsWY/S5iuuMhF2+Q","id":5628},
{"guid":"Maol4rLQvjmgEWCc/fC4pc8Ir0A","id":118},
{"guid":"JVC9qugO/HRjxskOf8HlWm6xxLI","id":1025},
{"guid":"WB/lt3dEzCl0B/emS31PyMGUF28","id":5956},
{"guid":"WB/lt3dEzCl0B/emS31PyMGUF28","id":5864},
{"guid":"WB/lt3dEzCl0B/emS31PyMGUF28","id":5512},
{"guid":"qgTpE479ZW8M+lJRVX2tQze4y2I","id":139},
{"guid":"qgTpE479ZW8M+lJRVX2tQze4y2I","id":6708},
{"guid":"qgTpE479ZW8M+lJRVX2tQze4y2I","id":7323},
{"guid":"0Y5U3rYBPtpY/TcVaIat84RE2Ew","id":111},
{"guid":"0Y5U3rYBPtpY/TcVaIat84RE2Ew","id":203},
{"guid":"09r+O3GphcO3jFS2RahBI6HTWZI","id":4580},
{"guid":"dmgvxIRLCoWMR59MBB/lLsJY09s","id":9941},
{"guid":"XVl1BoFoIz19fIBUAWDG33zYeW8","id":1137},
{"guid":"XVl1BoFoIz19fIBUAWDG33zYeW8","id":707},
{"guid":"tymVowQqtYiQwOJnqTOvmCCsXFA","id":1002},
{"guid":"tymVowQqtYiQwOJnqTOvmCCsXFA","id":575},
{"guid":"tymVowQqtYiQwOJnqTOvmCCsXFA","id":551},
{"guid":"r3YB98c0RdzzZDEnRGJm1Hf6Oak","id":4176},
{"guid":"r3YB98c0RdzzZDEnRGJm1Hf6Oak","id":4177},
{"guid":"r3YB98c0RdzzZDEnRGJm1Hf6Oak","id":4178},
{"guid":"V1X8mKYQL1nsq2hcxDKWd/iSzzI","id":284},
{"guid":"V1X8mKYQL1nsq2hcxDKWd/iSzzI","id":285},
{"guid":"V1X8mKYQL1nsq2hcxDKWd/iSzzI","id":108},
{"guid":"GbP2zfST+YgpdvP3lWUE++yhs8c","id":168},
{"guid":"GbP2zfST+YgpdvP3lWUE++yhs8c","id":155},
{"guid":"GbP2zfST+YgpdvP3lWUE++yhs8c","id":167},
{"guid":"2FPu/+Rrs3eE6Zc+2Q0kh4wSiZ0","id":1010},
{"guid":"/o+uu07vIe4NhoXwV8UMWI5R6uE","id":164},
{"guid":"/o+uu07vIe4NhoXwV8UMWI5R6uE","id":168},
{"guid":"CUrS0btKSMVwEkEWLACm5qmUQcI","id":2348},
{"guid":"CUrS0btKSMVwEkEWLACm5qmUQcI","id":2349},
{"guid":"CUrS0btKSMVwEkEWLACm5qmUQcI","id":2350},
{"guid":"1M3Mmo4kR3Q8W4SDVPwAGtYZ1AM","id":332},
{"guid":"9ZdmXwD+XbFdhlRdIYYLzOUSnKk","id":892},
{"guid":"9ZdmXwD+XbFdhlRdIYYLzOUSnKk","id":893},
{"guid":"9ZdmXwD+XbFdhlRdIYYLzOUSnKk","id":891},
{"guid":"OVtw/uwS9zqniY74WuE/Ez/0uO4","id":3},
{"guid":"OVtw/uwS9zqniY74WuE/Ez/0uO4","id":1},
{"guid":"OVtw/uwS9zqniY74WuE/Ez/0uO4","id":5},
{"guid":"KZYn9cDfWn48LIT3KSHMUtocgtw","id":341},
{"guid":"KZYn9cDfWn48LIT3KSHMUtocgtw","id":339},
{"guid":"KZYn9cDfWn48LIT3KSHMUtocgtw","id":340},
{"guid":"lfJm+Z1YG9WT/hIOONjwLbS95fQ","id":101},
{"guid":"lfJm+Z1YG9WT/hIOONjwLbS95fQ","id":32},
{"guid":"lfJm+Z1YG9WT/hIOONjwLbS95fQ","id":16},
{"guid":"W+rXRf72/08aeDkYQtHKLvaHY7U","id":201},
{"guid":"Zr4yoG7QUXW96QYYszA4pD98ko4","id":199},
{"guid":"pysAqthRZw5hh3YhtjDPKMqWdnQ","id":704},
{"guid":"pysAqthRZw5hh3YhtjDPKMqWdnQ","id":1087},
{"guid":"pmQl9ojKjMbaFeGVNj+rgpwUNLA","id":250},
{"guid":"TJok2jFKEaovk6sPkFExc95wJ7E","id":48},
{"guid":"ZFds4EYFPAbHRqKsvpM6u439NDc","id":248},
{"guid":"ZFds4EYFPAbHRqKsvpM6u439NDc","id":247},
{"guid":"ZFds4EYFPAbHRqKsvpM6u439NDc","id":1},
{"guid":"9OBw1AgTeu/HbAkXxM4g9gehTmg","id":546},
{"guid":"CY1LwOyRn/K3X5gCMvaiCA1ZWbg","id":359},
{"guid":"CY1LwOyRn/K3X5gCMvaiCA1ZWbg","id":230},
{"guid":"CY1LwOyRn/K3X5gCMvaiCA1ZWbg","id":345},
{"guid":"94eVW/8jaGFcYvYEB8e8JpE2J5w","id":394},
{"guid":"94eVW/8jaGFcYvYEB8e8JpE2J5w","id":393},
{"guid":"94eVW/8jaGFcYvYEB8e8JpE2J5w","id":191},
{"guid":"8q/pMbaBr+jLZMb8HVBDs8uVvYA","id":949},
{"guid":"8q/pMbaBr+jLZMb8HVBDs8uVvYA","id":676},
{"guid":"8q/pMbaBr+jLZMb8HVBDs8uVvYA","id":950},
{"guid":"L9wqkhlbYqFNEi9dp1DcjbGgeiM","id":529},
{"guid":"L9wqkhlbYqFNEi9dp1DcjbGgeiM","id":403},
{"guid":"L9wqkhlbYqFNEi9dp1DcjbGgeiM","id":421},
{"guid":"h0flWG7RK7SovlJlrNpb9q4yKvQ","id":995},
{"guid":"B/cTz3noIcwGk7OANfApf0WH/R0","id":1210},
{"guid":"B/cTz3noIcwGk7OANfApf0WH/R0","id":1172},
{"guid":"B/cTz3noIcwGk7OANfApf0WH/R0","id":1203},
{"guid":"8IRWrzhKn8YuOcsMwNBwY50fveY","id":1772},
{"guid":"ZgAlCZZzd2KYstZIi4n4TKYmZCc","id":110},
{"guid":"ZgAlCZZzd2KYstZIi4n4TKYmZCc","id":111},
{"guid":"ZgAlCZZzd2KYstZIi4n4TKYmZCc","id":109},
{"guid":"EKcgANwo0HwDrW0sqhucTEudrAE","id":1085},
{"guid":"WttaMsOIFNAy/mbtx5A6cZpF560","id":566},
{"guid":"WttaMsOIFNAy/mbtx5A6cZpF560","id":571},
{"guid":"WttaMsOIFNAy/mbtx5A6cZpF560","id":575},
{"guid":"NzyY2KoKov+NkPerElqiuBVkXR4","id":639},
{"guid":"NzyY2KoKov+NkPerElqiuBVkXR4","id":636},
{"guid":"NzyY2KoKov+NkPerElqiuBVkXR4","id":662},
{"guid":"y9L/583SqntnJz8Ur7x3C0P3dwo","id":2207},
{"guid":"piatv0PtdYhUazGMThq4X2cHsjc","id":266},
{"guid":"piatv0PtdYhUazGMThq4X2cHsjc","id":349},
{"guid":"piatv0PtdYhUazGMThq4X2cHsjc","id":175},
{"guid":"xIzJNsx/u1IBFW/WT+33xg+obBk","id":53},
{"guid":"xIzJNsx/u1IBFW/WT+33xg+obBk","id":31},
{"guid":"xIzJNsx/u1IBFW/WT+33xg+obBk","id":33},
{"guid":"UOb/FerfGqD5nH+QSOGTEgrGnO8","id":154},
{"guid":"FGHV+HCTxQjQqbQA8DaGElqoQJc","id":4841},
{"guid":"FGHV+HCTxQjQqbQA8DaGElqoQJc","id":4579},
{"guid":"FGHV+HCTxQjQqbQA8DaGElqoQJc","id":4840},
{"guid":"iav9ZQPw+gVhblsAKp+27KDY7p4","id":63},
{"guid":"iav9ZQPw+gVhblsAKp+27KDY7p4","id":265},
{"guid":"3KJlt3IVu5Jy6CCSQgWf0KljG8o","id":1966},
{"guid":"3KJlt3IVu5Jy6CCSQgWf0KljG8o","id":1968},
{"guid":"3KJlt3IVu5Jy6CCSQgWf0KljG8o","id":1967},
{"guid":"488gIaJRbDShsNjsF7utg513Puw","id":4307},
{"guid":"488gIaJRbDShsNjsF7utg513Puw","id":2094},
{"guid":"1dz5YZsWlykuDXCszJDotNj2W8s","id":277},
{"guid":"1dz5YZsWlykuDXCszJDotNj2W8s","id":71},
{"guid":"1dz5YZsWlykuDXCszJDotNj2W8s","id":76},
{"guid":"RbrBgUBqwxuh4OhKyZecl+rBUm8","id":212},
{"guid":"RbrBgUBqwxuh4OhKyZecl+rBUm8","id":205},
{"guid":"RbrBgUBqwxuh4OhKyZecl+rBUm8","id":170},
{"guid":"1vuOz498XzehR2qsgBy0KgRtnAA","id":167},
{"guid":"1vuOz498XzehR2qsgBy0KgRtnAA","id":193},
{"guid":"1vuOz498XzehR2qsgBy0KgRtnAA","id":189},
{"guid":"x/N5uE1S2VAhX5edyvSi2PHoHBs","id":4638},
{"guid":"x/N5uE1S2VAhX5edyvSi2PHoHBs","id":4635},
{"guid":"3kr+wti+Jqv/7epjSXUgpqDq+XI","id":3638},
{"guid":"3kr+wti+Jqv/7epjSXUgpqDq+XI","id":3636},
{"guid":"3kr+wti+Jqv/7epjSXUgpqDq+XI","id":3637},
{"guid":"3kr+wti+Jqv/7epjSXUgpqDq+XI","id":1391},
{"guid":"uZriY1+gMyjkus2yiGpnaVIYvnw","id":5655},
{"guid":"uZriY1+gMyjkus2yiGpnaVIYvnw","id":5641},
{"guid":"uZriY1+gMyjkus2yiGpnaVIYvnw","id":5656},
{"guid":"tcpA4fGSbd0cRMvGQa7jtVbH7tc","id":2589},
{"guid":"tcpA4fGSbd0cRMvGQa7jtVbH7tc","id":1991},
{"guid":"C3346bSFoOa5VYn3zgTck9aB300","id":4949},
{"guid":"C3346bSFoOa5VYn3zgTck9aB300","id":4950},
{"guid":"C3346bSFoOa5VYn3zgTck9aB300","id":4948},
{"guid":"mFgJOF6oyexiHDEhj49djhBhJ0E","id":3635},
{"guid":"mFgJOF6oyexiHDEhj49djhBhJ0E","id":3607},
{"guid":"mFgJOF6oyexiHDEhj49djhBhJ0E","id":3609},
{"guid":"56sdxqZkX2K8FwJNWtWL5WkefNY","id":894},
{"guid":"56sdxqZkX2K8FwJNWtWL5WkefNY","id":892},
{"guid":"56sdxqZkX2K8FwJNWtWL5WkefNY","id":893},
{"guid":"iWyle83WZZx5/vSB2x4bBwPLvaQ","id":526},
{"guid":"iWyle83WZZx5/vSB2x4bBwPLvaQ","id":248},
{"guid":"iWyle83WZZx5/vSB2x4bBwPLvaQ","id":406},
{"guid":"t0xQhgbrqY+NRSg2qj/4BLhYqOE","id":266},
{"guid":"5WQYlwwo4DlNIvOzKZePP39GIWI","id":440},
{"guid":"bELFoD4UAITxC1a5kPyarDGne2A","id":159},
{"guid":"g45QCmx3X2nBPtCLbW23putaJuo","id":846},
{"guid":"g45QCmx3X2nBPtCLbW23putaJuo","id":845},
{"guid":"g45QCmx3X2nBPtCLbW23putaJuo","id":830},
{"guid":"ilD5duQlWwshd3kslosLIx2sQlg","id":3009},
{"guid":"ilD5duQlWwshd3kslosLIx2sQlg","id":2450},
{"guid":"ilD5duQlWwshd3kslosLIx2sQlg","id":3010},
{"guid":"BFa7LZdXpL7+tZbagAyCLv8XVJs","id":751},
{"guid":"BFa7LZdXpL7+tZbagAyCLv8XVJs","id":752},
{"guid":"BFa7LZdXpL7+tZbagAyCLv8XVJs","id":731},
{"guid":"nWw9Nsbc8+DH7gBjO/mKVwf/uso","id":819},
{"guid":"nWw9Nsbc8+DH7gBjO/mKVwf/uso","id":819},
{"guid":"nWw9Nsbc8+DH7gBjO/mKVwf/uso","id":819},
{"guid":"Gkn3V0IpyMMB/mWS7ubKa4UCtxU","id":616},
{"guid":"Gkn3V0IpyMMB/mWS7ubKa4UCtxU","id":640},
{"guid":"Gkn3V0IpyMMB/mWS7ubKa4UCtxU","id":676},
{"guid":"mBjX3lbVb2rfSzmKcBpVJdYeVqo","id":796},
{"guid":"mBjX3lbVb2rfSzmKcBpVJdYeVqo","id":795},
{"guid":"CXvOZ7exqeky2Pg3EOBeiC7u8PQ","id":35},
{"guid":"CXvOZ7exqeky2Pg3EOBeiC7u8PQ","id":39},
{"guid":"CXvOZ7exqeky2Pg3EOBeiC7u8PQ","id":66},
{"guid":"zwoMZG1W/K0WXJ0tu3urFnCNo1k","id":3104},
{"guid":"zwoMZG1W/K0WXJ0tu3urFnCNo1k","id":3097},
{"guid":"zwoMZG1W/K0WXJ0tu3urFnCNo1k","id":3185},
{"guid":"q4M1D9o0Ry/euueHJmjlJGNu00k","id":2874},
{"guid":"q4M1D9o0Ry/euueHJmjlJGNu00k","id":2875},
{"guid":"q4M1D9o0Ry/euueHJmjlJGNu00k","id":1482},
{"guid":"Cx5HBxZvweiFT8gNDRMBvp4OYHw","id":1547},
{"guid":"Cx5HBxZvweiFT8gNDRMBvp4OYHw","id":1546},
{"guid":"Cx5HBxZvweiFT8gNDRMBvp4OYHw","id":1545},
{"guid":"zZSzOTiNLNQnB0IvHiCMsv5wqSU","id":129},
{"guid":"30GeQGbYdOxlzvYaK3zBopVX7xs","id":1044},
{"guid":"aAhsHPieZSepbA0TDF8MQdYIEME","id":692},
{"guid":"aAhsHPieZSepbA0TDF8MQdYIEME","id":690},
{"guid":"aAhsHPieZSepbA0TDF8MQdYIEME","id":691},
{"guid":"VUhIF+Na/SLqqHf6QY5VrMr76FY","id":502},
{"guid":"VUhIF+Na/SLqqHf6QY5VrMr76FY","id":379},
{"guid":"VUhIF+Na/SLqqHf6QY5VrMr76FY","id":289},
{"guid":"soO9O6t6JMvzhSBOQ+7odmha0gA","id":1810},
{"guid":"lywO4n518q2qt+VYb3gvi/kQbE4","id":1425},
{"guid":"lywO4n518q2qt+VYb3gvi/kQbE4","id":1259},
{"guid":"X2jDnpAwkTqNZ7AOOEyB/m3TtXM","id":842},
{"guid":"X2jDnpAwkTqNZ7AOOEyB/m3TtXM","id":841},
{"guid":"X2jDnpAwkTqNZ7AOOEyB/m3TtXM","id":843},
{"guid":"87zmR939erGJNvFz5qvyGS/ZCH4","id":1036},
{"guid":"87zmR939erGJNvFz5qvyGS/ZCH4","id":1034},
{"guid":"87zmR939erGJNvFz5qvyGS/ZCH4","id":1035},
{"guid":"ZEa8DBM3/zDXh7TQyuRU0ywu+Mo","id":1215},
{"guid":"ZEa8DBM3/zDXh7TQyuRU0ywu+Mo","id":1113},
{"guid":"ZEa8DBM3/zDXh7TQyuRU0ywu+Mo","id":1214},
{"guid":"28YNtTgIaweWHhTWNDLQ5HsEPJ4","id":704},
{"guid":"28YNtTgIaweWHhTWNDLQ5HsEPJ4","id":715},
{"guid":"28YNtTgIaweWHhTWNDLQ5HsEPJ4","id":714},
{"guid":"KJX7m0Hz37WIlBP15ZRh7J3hKS0","id":231},
{"guid":"DeCML4t9QmGjYhrLqR1HSTFDwGU","id":234},
{"guid":"DeCML4t9QmGjYhrLqR1HSTFDwGU","id":266},
{"guid":"DeCML4t9QmGjYhrLqR1HSTFDwGU","id":232},
{"guid":"Aa0IMXhi658d2g/JMgF3rZ2v3GQ","id":176},
{"guid":"syrlUor+8QQq0Ld/wgFrwg1v6R0","id":842},
{"guid":"syrlUor+8QQq0Ld/wgFrwg1v6R0","id":843},
{"guid":"syrlUor+8QQq0Ld/wgFrwg1v6R0","id":597},
{"guid":"e7WM5tgVtVp7L0jVaaAZstJf4xc","id":624},
{"guid":"e7WM5tgVtVp7L0jVaaAZstJf4xc","id":464},
{"guid":"e7WM5tgVtVp7L0jVaaAZstJf4xc","id":1629},
{"guid":"jlaBsclANuB6J0ehyCyoQkekP3A","id":747},
{"guid":"jlaBsclANuB6J0ehyCyoQkekP3A","id":729},
{"guid":"VthIRZBGmMAl5zYKQcEldNfEhCc","id":1971},
{"guid":"VthIRZBGmMAl5zYKQcEldNfEhCc","id":1970},
{"guid":"VthIRZBGmMAl5zYKQcEldNfEhCc","id":1969},
{"guid":"+LR8mfWjxLHa7C13caxhDeTN09w","id":2819},
{"guid":"+LR8mfWjxLHa7C13caxhDeTN09w","id":2851},
{"guid":"+LR8mfWjxLHa7C13caxhDeTN09w","id":659},
{"guid":"5xXG6bQFUp3Yt5AT7/HtvDuVGr4","id":626},
{"guid":"5xXG6bQFUp3Yt5AT7/HtvDuVGr4","id":614},
{"guid":"5xXG6bQFUp3Yt5AT7/HtvDuVGr4","id":614},
{"guid":"nb8eO3o9Ew1+uLwQ0+3++m+xPz4","id":310},
{"guid":"whuCXsjR64kxJGkO07rCHO/2+YE","id":7},
{"guid":"whuCXsjR64kxJGkO07rCHO/2+YE","id":475},
{"guid":"9zNfuHLtD85rE8mFh2dAiyln4c0","id":621},
{"guid":"9zNfuHLtD85rE8mFh2dAiyln4c0","id":735},
{"guid":"LBAW8Bm4Q/GV9chdaiIxUFqwKfs","id":366},
{"guid":"LBAW8Bm4Q/GV9chdaiIxUFqwKfs","id":363},
{"guid":"LBAW8Bm4Q/GV9chdaiIxUFqwKfs","id":346},
{"guid":"imIJHP6V1grgqAJTuQdC+9W+m+I","id":125},
{"guid":"imIJHP6V1grgqAJTuQdC+9W+m+I","id":211},
{"guid":"imIJHP6V1grgqAJTuQdC+9W+m+I","id":209},
{"guid":"OUYTc3zXnx6pMkpyPa3BObOCNNw","id":4038},
{"guid":"OUYTc3zXnx6pMkpyPa3BObOCNNw","id":4042},
{"guid":"jnL2ocftWyF322j8rsnXgiMZMyQ","id":3105},
{"guid":"jnL2ocftWyF322j8rsnXgiMZMyQ","id":3106},
{"guid":"jnL2ocftWyF322j8rsnXgiMZMyQ","id":3024},
{"guid":"FboaXlynYh9XniMoW+vIbU3MlQo","id":749},
{"guid":"FboaXlynYh9XniMoW+vIbU3MlQo","id":750},
{"guid":"FboaXlynYh9XniMoW+vIbU3MlQo","id":751},
{"guid":"nCca9NPp64nMD17LoIqMf0qgHXA","id":452},
{"guid":"nCca9NPp64nMD17LoIqMf0qgHXA","id":218},
{"guid":"nCca9NPp64nMD17LoIqMf0qgHXA","id":454},
{"guid":"Oni44DSIsQS3XYYtXym9uxRqa2s","id":1933},
{"guid":"Oni44DSIsQS3XYYtXym9uxRqa2s","id":1934},
{"guid":"Oni44DSIsQS3XYYtXym9uxRqa2s","id":1646},
{"guid":"/lDuwtpMEkz/6AwqJETkahn6WK4","id":93},
{"guid":"/lDuwtpMEkz/6AwqJETkahn6WK4","id":347},
{"guid":"/lDuwtpMEkz/6AwqJETkahn6WK4","id":275},
{"guid":"Z/hyeKPhp4XPPetM7gZ1dzkVbDo","id":98},
{"guid":"Z/hyeKPhp4XPPetM7gZ1dzkVbDo","id":99},
{"guid":"ZXZP4948/9+U/BYSPQZjz3LUMOg","id":258},
{"guid":"8/nBLzylJafa5o9PZUtD11kWPPk","id":42},
{"guid":"Q5UP7DhoyLodLBPBMJ3tIoTMAJE","id":11},
{"guid":"Q5UP7DhoyLodLBPBMJ3tIoTMAJE","id":19},
{"guid":"Q5UP7DhoyLodLBPBMJ3tIoTMAJE","id":20},
{"guid":"9z7DB4bmLJ4pFZW5A65ggeOBgs0","id":553},
{"guid":"9z7DB4bmLJ4pFZW5A65ggeOBgs0","id":566},
{"guid":"9z7DB4bmLJ4pFZW5A65ggeOBgs0","id":574},
{"guid":"JNUdyn0b2X6JBxDIaXRtsisLDXY","id":1137},
{"guid":"JNUdyn0b2X6JBxDIaXRtsisLDXY","id":634},
{"guid":"JNUdyn0b2X6JBxDIaXRtsisLDXY","id":1133},
{"guid":"Lye7s3zzqo0WxXmgTa67pO/l0UY","id":579},
{"guid":"Lye7s3zzqo0WxXmgTa67pO/l0UY","id":577},
{"guid":"Lye7s3zzqo0WxXmgTa67pO/l0UY","id":577},
{"guid":"AXtR7AWwllJWCvTc4CBnddcLZ3Q","id":2023},
{"guid":"iCsMZeiAOKL75kQ7ZA4GkncJDqk","id":466},
{"guid":"iCsMZeiAOKL75kQ7ZA4GkncJDqk","id":802},
{"guid":"iCsMZeiAOKL75kQ7ZA4GkncJDqk","id":801},
{"guid":"9YJ12WSixSRe+FjHst3KbwF9PmA","id":11},
{"guid":"9YJ12WSixSRe+FjHst3KbwF9PmA","id":29},
{"guid":"9YJ12WSixSRe+FjHst3KbwF9PmA","id":90},
{"guid":"Qrb42qBS1o8zLcydS51Fsbg0tc8","id":328},
{"guid":"Qrb42qBS1o8zLcydS51Fsbg0tc8","id":327},
{"guid":"WqvQQD51Wo24SYVXInC/sPgFXP0","id":152},
{"guid":"WqvQQD51Wo24SYVXInC/sPgFXP0","id":159},
{"guid":"WqvQQD51Wo24SYVXInC/sPgFXP0","id":159},
{"guid":"mU4MP9OWWskCcpmG0MlkAWRmhQ8","id":1512},
{"guid":"mU4MP9OWWskCcpmG0MlkAWRmhQ8","id":41},
{"guid":"mU4MP9OWWskCcpmG0MlkAWRmhQ8","id":273},
{"guid":"HvhgQ0pF26qHfHXA4nQmfX48Deo","id":159},
{"guid":"HvhgQ0pF26qHfHXA4nQmfX48Deo","id":191},
{"guid":"HvhgQ0pF26qHfHXA4nQmfX48Deo","id":160},
{"guid":"CgibWkyxeOgF/7ffPYayJGqBbos","id":4037},
{"guid":"CgibWkyxeOgF/7ffPYayJGqBbos","id":4038},
{"guid":"CgibWkyxeOgF/7ffPYayJGqBbos","id":4039},
{"guid":"pO32Cm8hgvGg0hgkVmYQKIgQdfI","id":270},
{"guid":"pO32Cm8hgvGg0hgkVmYQKIgQdfI","id":290},
{"guid":"pO32Cm8hgvGg0hgkVmYQKIgQdfI","id":291},
{"guid":"PVAC71WyNxq/3LG8jWujQqN3+iY","id":893},
{"guid":"PVAC71WyNxq/3LG8jWujQqN3+iY","id":599},
{"guid":"PVAC71WyNxq/3LG8jWujQqN3+iY","id":894},
{"guid":"yIGQo6/FssfUDRfl51lrdvfvCI8","id":1061},
{"guid":"yIGQo6/FssfUDRfl51lrdvfvCI8","id":1049},
{"guid":"yIGQo6/FssfUDRfl51lrdvfvCI8","id":1030},
{"guid":"1hLsQ4sSZMPqvxwWuvzVcrvtOCU","id":57},
{"guid":"1dRM22HhvQa3j8mk135G4vsK914","id":1170},
{"guid":"1dRM22HhvQa3j8mk135G4vsK914","id":1171},
{"guid":"1dRM22HhvQa3j8mk135G4vsK914","id":1118},
{"guid":"SLIIa40Hz0CLjYxLnDtO70BNaNs","id":4839},
{"guid":"SLIIa40Hz0CLjYxLnDtO70BNaNs","id":4840},
{"guid":"SLIIa40Hz0CLjYxLnDtO70BNaNs","id":4841},
{"guid":"HDDSqW8BOO9I6dlrB+eHR+3rLvI","id":447},
{"guid":"+5CevzjxV/AyVpr5RAiKeoYVXxI","id":150},
{"guid":"+5CevzjxV/AyVpr5RAiKeoYVXxI","id":281},
{"guid":"+5CevzjxV/AyVpr5RAiKeoYVXxI","id":270},
{"guid":"HOmqJXie04mYN6kVhuRf8QIgf7k","id":1007},
{"guid":"HOmqJXie04mYN6kVhuRf8QIgf7k","id":1006},
{"guid":"HOmqJXie04mYN6kVhuRf8QIgf7k","id":1008},
{"guid":"Jco0d4WSzOGsqmQIosHBJAJHWgA","id":41},
{"guid":"Jco0d4WSzOGsqmQIosHBJAJHWgA","id":41},
{"guid":"Jco0d4WSzOGsqmQIosHBJAJHWgA","id":41},
{"guid":"Dj+Eby32BFu4d+aCWBcTxI2OOo8","id":223},
{"guid":"Dj+Eby32BFu4d+aCWBcTxI2OOo8","id":222},
{"guid":"U5pdvov+Ji8O8Xw9o7AK+Jo5wLc","id":3075},
{"guid":"U5pdvov+Ji8O8Xw9o7AK+Jo5wLc","id":3077},
{"guid":"U5pdvov+Ji8O8Xw9o7AK+Jo5wLc","id":3076},
{"guid":"aJSkyIVXHWlqfG5GvvcjfWiTWuc","id":953},
{"guid":"aJSkyIVXHWlqfG5GvvcjfWiTWuc","id":938},
{"guid":"aJSkyIVXHWlqfG5GvvcjfWiTWuc","id":946},
{"guid":"tg0LlQM5WMdpw0t3bo5v/k2Juls","id":1573},
{"guid":"f4wiKoscCBhbqBzishap7uqDqe4","id":41},
{"guid":"rYqtMWKSyjCDK2WIWhB3U/PcEYw","id":548},
{"guid":"rYqtMWKSyjCDK2WIWhB3U/PcEYw","id":549},
{"guid":"rYqtMWKSyjCDK2WIWhB3U/PcEYw","id":547},
{"guid":"5/FqNzrLX0kR8YZTqNCy90OAcWA","id":1005},
{"guid":"5/FqNzrLX0kR8YZTqNCy90OAcWA","id":1003},
{"guid":"5/FqNzrLX0kR8YZTqNCy90OAcWA","id":1},
{"guid":"Cwnsij8nWdNk3/IwUe7aAiX5ePc","id":476},
{"guid":"Cwnsij8nWdNk3/IwUe7aAiX5ePc","id":473},
{"guid":"Cwnsij8nWdNk3/IwUe7aAiX5ePc","id":410},
{"guid":"GOK1/QqRzbebAZw3viV2YsumGKs","id":837},
{"guid":"GOK1/QqRzbebAZw3viV2YsumGKs","id":836},
{"guid":"GOK1/QqRzbebAZw3viV2YsumGKs","id":838},
{"guid":"zskl3UTa/xRnDpI63cAkZduWEOU","id":1941},
{"guid":"zskl3UTa/xRnDpI63cAkZduWEOU","id":1942},
{"guid":"zskl3UTa/xRnDpI63cAkZduWEOU","id":1943},
{"guid":"P9QJplOhR6O9VmidXwsk/2dQf7A","id":1559},
{"guid":"P9QJplOhR6O9VmidXwsk/2dQf7A","id":1560},
{"guid":"P9QJplOhR6O9VmidXwsk/2dQf7A","id":748},
{"guid":"WeSHxepcvj609Y5n2OcLLTa/efc","id":111},
{"guid":"WeSHxepcvj609Y5n2OcLLTa/efc","id":44},
{"guid":"WeSHxepcvj609Y5n2OcLLTa/efc","id":92},
{"guid":"fN5aHWvU9DE4+2Ef9laiChh79to","id":223},
{"guid":"KylHrFhiRiiJBxjVMUZeVcvhtkM","id":889},
{"guid":"KylHrFhiRiiJBxjVMUZeVcvhtkM","id":3446},
{"guid":"KylHrFhiRiiJBxjVMUZeVcvhtkM","id":3448},
{"guid":"OAq9JVE/9PhiWCG1a5ecuc+5AuM","id":1171},
{"guid":"OAq9JVE/9PhiWCG1a5ecuc+5AuM","id":484},
{"guid":"OAq9JVE/9PhiWCG1a5ecuc+5AuM","id":325},
{"guid":"gveAx23fPE3agKTOg3+1RsyMSZk","id":1458},
{"guid":"gveAx23fPE3agKTOg3+1RsyMSZk","id":1002},
{"guid":"+7MwYheCDWyBNNPWCwJkYWnmRUg","id":1087},
{"guid":"+7MwYheCDWyBNNPWCwJkYWnmRUg","id":1070},
{"guid":"+7MwYheCDWyBNNPWCwJkYWnmRUg","id":1008},
{"guid":"Yh1BfjfWygDw0oFWI4kUBvcZYdk","id":97},
{"guid":"Yh1BfjfWygDw0oFWI4kUBvcZYdk","id":149},
{"guid":"Yh1BfjfWygDw0oFWI4kUBvcZYdk","id":185},
{"guid":"iJ816Iy3GqTi/FK3lo+uEQRDHwM","id":154},
{"guid":"iJ816Iy3GqTi/FK3lo+uEQRDHwM","id":153},
{"guid":"3C7lWReyWYx9NLY4WCru08Y8Cjw","id":311},
{"guid":"3C7lWReyWYx9NLY4WCru08Y8Cjw","id":134},
{"guid":"3C7lWReyWYx9NLY4WCru08Y8Cjw","id":312},
{"guid":"Kl1QBuekFOma6XBbg+F2SjSz2F0","id":4421},
{"guid":"+bSEg/D7MbEihTDkouhRyju0JIU","id":1419},
{"guid":"+bSEg/D7MbEihTDkouhRyju0JIU","id":1420},
{"guid":"+bSEg/D7MbEihTDkouhRyju0JIU","id":1421},
{"guid":"nHWs8nIzRjThlvfOQbnOZUZZlRs","id":315},
{"guid":"nHWs8nIzRjThlvfOQbnOZUZZlRs","id":523},
{"guid":"nHWs8nIzRjThlvfOQbnOZUZZlRs","id":524},
{"guid":"gZ2uO+OhggWMFsBrra8GJ3KIwbA","id":415},
{"guid":"gZ2uO+OhggWMFsBrra8GJ3KIwbA","id":514},
{"guid":"R4kSN2Vl9ZWwReNjQ+J8OIe1u9g","id":621},
{"guid":"b0LT9B0kK2h6BbMRNOiozCaR028","id":4831},
{"guid":"k5pskv3G3DmPSj6UQwY5sNPRMuU","id":398},
{"guid":"XWbyTikIY8bQnLM3sI/WAOkNwWA","id":285},
{"guid":"XWbyTikIY8bQnLM3sI/WAOkNwWA","id":215},
{"guid":"XWbyTikIY8bQnLM3sI/WAOkNwWA","id":215},
{"guid":"yF7RUANevlV2XtIfd2ieQX5NWU0","id":333},
{"guid":"yF7RUANevlV2XtIfd2ieQX5NWU0","id":334},
{"guid":"yF7RUANevlV2XtIfd2ieQX5NWU0","id":334},
{"guid":"zb0f/gz48QdLuEsApeyB5TrZ230","id":747},
{"guid":"6pVMfF6ni2H1Opogja46KSnQV2o","id":2445},
{"guid":"6pVMfF6ni2H1Opogja46KSnQV2o","id":2446},
{"guid":"6pVMfF6ni2H1Opogja46KSnQV2o","id":1492},
{"guid":"PzKuqZwMk3UhNwuzeFR+YFJCtD0","id":3576},
{"guid":"3Q3SvhvAGlmbDiDWlPh/ZRXjEzk","id":359},
{"guid":"3Q3SvhvAGlmbDiDWlPh/ZRXjEzk","id":361},
{"guid":"3Q3SvhvAGlmbDiDWlPh/ZRXjEzk","id":360},
{"guid":"bluNC03qTdOQx64gbaqVRhd38kk","id":7663},
{"guid":"bluNC03qTdOQx64gbaqVRhd38kk","id":7647},
{"guid":"bluNC03qTdOQx64gbaqVRhd38kk","id":7649},
{"guid":"7usJY2XcbaN1t3mfOsJh8/X6loU","id":2258},
{"guid":"7usJY2XcbaN1t3mfOsJh8/X6loU","id":2257},
{"guid":"7usJY2XcbaN1t3mfOsJh8/X6loU","id":2256},
{"guid":"5luLR5h2+hJq7Fk9mOJ53Ug7/oY","id":331},
{"guid":"5luLR5h2+hJq7Fk9mOJ53Ug7/oY","id":333},
{"guid":"5luLR5h2+hJq7Fk9mOJ53Ug7/oY","id":332},
{"guid":"Rkd0Sks4ogHkzW8WchtRhMs8ijg","id":241},
{"guid":"Rkd0Sks4ogHkzW8WchtRhMs8ijg","id":251},
{"guid":"Rkd0Sks4ogHkzW8WchtRhMs8ijg","id":254},
{"guid":"cq+XPZEPn26g9r5JKYTmSd9N0EE","id":576},
{"guid":"cq+XPZEPn26g9r5JKYTmSd9N0EE","id":585},
{"guid":"srwhg4okkOUzF7tXMosXHn3+/nE","id":2962},
{"guid":"srwhg4okkOUzF7tXMosXHn3+/nE","id":1446},
{"guid":"srwhg4okkOUzF7tXMosXHn3+/nE","id":2921},
{"guid":"Rio4a6B8LPYw0fQJkDQMJKGUw7E","id":3453},
{"guid":"Rio4a6B8LPYw0fQJkDQMJKGUw7E","id":3454},
{"guid":"Rio4a6B8LPYw0fQJkDQMJKGUw7E","id":3455},
{"guid":"1pwyXZBJzwaQvglGtsSiy7knufA","id":847},
{"guid":"1pwyXZBJzwaQvglGtsSiy7knufA","id":1000},
{"guid":"Ak5C7YAABZVcrNCxy5m1xnKufME","id":6},
{"guid":"Ak5C7YAABZVcrNCxy5m1xnKufME","id":175},
{"guid":"Ak5C7YAABZVcrNCxy5m1xnKufME","id":252},
{"guid":"ViJUxqkFlfmngoM3d/nOIKwKeAA","id":183},
{"guid":"ViJUxqkFlfmngoM3d/nOIKwKeAA","id":146},
{"guid":"ViJUxqkFlfmngoM3d/nOIKwKeAA","id":160},
{"guid":"JldRgfgSzqI/f2RPaBl4hW4PdQI","id":296},
{"guid":"JldRgfgSzqI/f2RPaBl4hW4PdQI","id":297},
{"guid":"qmls/Q0YWlE5Tdu2nNEQaz50geU","id":190},
{"guid":"qOJYaDZ2t82dVvPiVNC/TX2k+L4","id":995},
{"guid":"qOJYaDZ2t82dVvPiVNC/TX2k+L4","id":994},
{"guid":"qOJYaDZ2t82dVvPiVNC/TX2k+L4","id":997},
{"guid":"qOJYaDZ2t82dVvPiVNC/TX2k+L4","id":988},
{"guid":"S2bay9If1rQsq4tvzyeHedjUAW8","id":142},
{"guid":"S2bay9If1rQsq4tvzyeHedjUAW8","id":128},
{"guid":"S2bay9If1rQsq4tvzyeHedjUAW8","id":142},
{"guid":"//gXIkW05IhMspw+8u64pKgPKIk","id":632},
{"guid":"//gXIkW05IhMspw+8u64pKgPKIk","id":32},
{"guid":"//gXIkW05IhMspw+8u64pKgPKIk","id":633},
{"guid":"q/iegN6kqEmINctwucMBOFyNZhE","id":2781},
{"guid":"QCKpvmBVMqf3sjXfDtHmQrZ9kIc","id":1141},
{"guid":"eX2O9u1zTAyfJHXZXQsIhTmF0Hw","id":78},
{"guid":"eX2O9u1zTAyfJHXZXQsIhTmF0Hw","id":76},
{"guid":"eX2O9u1zTAyfJHXZXQsIhTmF0Hw","id":98},
{"guid":"iNiJ5PrNDYuDFt5PGZiAsfEsZFg","id":145},
{"guid":"iNiJ5PrNDYuDFt5PGZiAsfEsZFg","id":131},
{"guid":"iNiJ5PrNDYuDFt5PGZiAsfEsZFg","id":141},
{"guid":"uLaK9d2rDL8clZwDt1htetNyp18","id":223},
{"guid":"uLaK9d2rDL8clZwDt1htetNyp18","id":226},
{"guid":"uLaK9d2rDL8clZwDt1htetNyp18","id":227},
{"guid":"uLaK9d2rDL8clZwDt1htetNyp18","id":225},
{"guid":"uLaK9d2rDL8clZwDt1htetNyp18","id":224},
{"guid":"uLaK9d2rDL8clZwDt1htetNyp18","id":222},
{"guid":"uLaK9d2rDL8clZwDt1htetNyp18","id":22},
{"guid":"uLaK9d2rDL8clZwDt1htetNyp18","id":16},
{"guid":"uLaK9d2rDL8clZwDt1htetNyp18","id":221},
{"guid":"UrhdtChNa23B0fK+roWqsNBgEDI","id":457},
{"guid":"UrhdtChNa23B0fK+roWqsNBgEDI","id":471},
{"guid":"6uiW8/evlWB+Xyhb8vibyeOPCxg","id":490},
{"guid":"6uiW8/evlWB+Xyhb8vibyeOPCxg","id":552},
{"guid":"6uiW8/evlWB+Xyhb8vibyeOPCxg","id":554},
{"guid":"B58BlGQR913vZz5h8MRma2B0gUI","id":2658},
{"guid":"Todj4tVpqZthorGrBocxkXSKyg0","id":92},
{"guid":"Todj4tVpqZthorGrBocxkXSKyg0","id":93},
{"guid":"Todj4tVpqZthorGrBocxkXSKyg0","id":59},
{"guid":"laM9ZBdh3WJR1ohC9gFm2f2CNEk","id":202},
{"guid":"laM9ZBdh3WJR1ohC9gFm2f2CNEk","id":203},
{"guid":"laM9ZBdh3WJR1ohC9gFm2f2CNEk","id":201},
{"guid":"NeHQhYYffbSTK9lo0cvAWJMiziY","id":219},
{"guid":"NeHQhYYffbSTK9lo0cvAWJMiziY","id":64}
]