[ {
  "id" : 1,
  "level" : 5,
  "zhuangbei1" : "0.3|1.5",
  "zhuangbei2" : "0.8|0.9",
  "renzhe1" : "24|32",
  "renzhe2" : "0|5",
  "renzhe3" : "0|0.3",
  "renzhe4" : "0|0.95",
  "jineng1" : "0|2.25",
  "jineng2" : "0|2.25",
  "jineng3" : "0|2.25",
  "buzhen1" : "0|15",
  "buzhen2" : "0|6"
}, {
  "id" : 2,
  "level" : 10,
  "zhuangbei1" : "0.3|1.5",
  "zhuangbei2" : "0.8|0.9",
  "renzhe1" : "28|32",
  "renzhe2" : "0|5",
  "renzhe3" : "0|0.3",
  "renzhe4" : "0.5|0.95",
  "jineng1" : "1|2.5",
  "jineng2" : "0|2.5",
  "jineng3" : "0|2.5",
  "buzhen1" : "0|15",
  "buzhen2" : "0|6"
}, {
  "id" : 3,
  "level" : 15,
  "zhuangbei1" : "1.5|1.8",
  "zhuangbei2" : "0.8|0.9",
  "renzhe1" : "30|36",
  "renzhe2" : "0|10",
  "renzhe3" : "0|0.3",
  "renzhe4" : "0.7|0.95",
  "jineng1" : "1|2.5",
  "jineng2" : "0|3",
  "jineng3" : "0|2",
  "buzhen1" : "0|15",
  "buzhen2" : "0|6"
}, {
  "id" : 4,
  "level" : 20,
  "zhuangbei1" : "1.7|2.2",
  "zhuangbei2" : "0.8|0.9",
  "renzhe1" : "33|40",
  "renzhe2" : "5|15",
  "renzhe3" : "0|0.3",
  "renzhe4" : "0.8|0.95",
  "jineng1" : "1.5|2.5",
  "jineng2" : "0|3",
  "jineng3" : "0|3.3",
  "buzhen1" : "0|15",
  "buzhen2" : "0|6"
}, {
  "id" : 5,
  "level" : 25,
  "zhuangbei1" : "1.9|2.5",
  "zhuangbei2" : "0.8|0.9",
  "renzhe1" : "37|50",
  "renzhe2" : "10|20",
  "renzhe3" : "0|0.3",
  "renzhe4" : "0.8|0.95",
  "jineng1" : "2|3",
  "jineng2" : "1|3",
  "jineng3" : "1|3.3",
  "buzhen1" : "0|15",
  "buzhen2" : "0|6"
}, {
  "id" : 6,
  "level" : 30,
  "zhuangbei1" : "2.2|2.8",
  "zhuangbei2" : "0.8|0.9",
  "renzhe1" : "40|54",
  "renzhe2" : "20|25",
  "renzhe3" : "0|0.3",
  "renzhe4" : "0.9|0.95",
  "jineng1" : "2.5|3.5",
  "jineng2" : "2|3.5",
  "jineng3" : "1.5|3.3",
  "buzhen1" : "0|15",
  "buzhen2" : "0|6"
}, {
  "id" : 7,
  "level" : 35,
  "zhuangbei1" : "2.5|3.2",
  "zhuangbei2" : "0.8|0.9",
  "renzhe1" : "47|57",
  "renzhe2" : "25|30",
  "renzhe3" : "0|0.3",
  "renzhe4" : "0.9|0.95",
  "jineng1" : "3.5|3.75",
  "jineng2" : "3|3.75",
  "jineng3" : "3|4",
  "buzhen1" : "3|15",
  "buzhen2" : "0|6"
}, {
  "id" : 8,
  "level" : 40,
  "zhuangbei1" : "3|3.5",
  "zhuangbei2" : "0.8|0.9",
  "renzhe1" : "55|61",
  "renzhe2" : "30|35",
  "renzhe3" : "0|0.3",
  "renzhe4" : "0.9|0.95",
  "jineng1" : "3.75|4",
  "jineng2" : "3.75|4",
  "jineng3" : "3.6|4",
  "buzhen1" : "5|15",
  "buzhen2" : "1|6"
}, {
  "id" : 9,
  "level" : 45,
  "zhuangbei1" : "3.5|3.8",
  "zhuangbei2" : "0.8|0.9",
  "renzhe1" : "61|70",
  "renzhe2" : "35|40",
  "renzhe3" : "0.3|0.8",
  "renzhe4" : "0.9|0.95",
  "jineng1" : "4|4.15",
  "jineng2" : "4|4.15",
  "jineng3" : "4|4.3",
  "buzhen1" : "8|15",
  "buzhen2" : "3|6"
}, {
  "id" : 10,
  "level" : 50,
  "zhuangbei1" : "3.8|4",
  "zhuangbei2" : "0.8|0.9",
  "renzhe1" : "70|80",
  "renzhe2" : "40|45",
  "renzhe3" : "0.8|1.3",
  "renzhe4" : "0.9|0.95",
  "jineng1" : "4.15|4.3",
  "jineng2" : "4.15|4.3",
  "jineng3" : "4|4.3",
  "buzhen1" : "10|15",
  "buzhen2" : "3|6"
}, {
  "id" : 11,
  "level" : 55,
  "zhuangbei1" : "4|4.2",
  "zhuangbei2" : "0.8|0.9",
  "renzhe1" : "80|90",
  "renzhe2" : "45|50",
  "renzhe3" : "1.3|1.8",
  "renzhe4" : "0.9|0.95",
  "jineng1" : "4.3|4.45",
  "jineng2" : "4.3|4.45",
  "jineng3" : "4.3|4.3",
  "buzhen1" : "10|15",
  "buzhen2" : "3|6"
}, {
  "id" : 12,
  "level" : 60,
  "zhuangbei1" : "4.2|4.4",
  "zhuangbei2" : "0.8|0.9",
  "renzhe1" : "90|100",
  "renzhe2" : "50|55",
  "renzhe3" : "1.8|2.3",
  "renzhe4" : "0.9|0.95",
  "jineng1" : "4.45|4.6",
  "jineng2" : "4.45|4.6",
  "jineng3" : "4.3|4.6",
  "buzhen1" : "10|15",
  "buzhen2" : "3|6"
}, {
  "id" : 13,
  "level" : 65,
  "zhuangbei1" : "4.4|4.6",
  "zhuangbei2" : "0.8|0.9",
  "renzhe1" : "100|110",
  "renzhe2" : "55|60",
  "renzhe3" : "2.3|2.8",
  "renzhe4" : "0.9|0.95",
  "jineng1" : "4.6|4.75",
  "jineng2" : "4.6|4.75",
  "jineng3" : "4.6|4.6",
  "buzhen1" : "10|15",
  "buzhen2" : "3|6"
}, {
  "id" : 14,
  "level" : 70,
  "zhuangbei1" : "4.6|4.8",
  "zhuangbei2" : "0.8|0.9",
  "renzhe1" : "110|120",
  "renzhe2" : "60|65",
  "renzhe3" : "2.8|3.3",
  "renzhe4" : "0.9|0.95",
  "jineng1" : "4.75|4.9",
  "jineng2" : "4.75|4.9",
  "jineng3" : "4.6|5",
  "buzhen1" : "10|15",
  "buzhen2" : "3|6"
}, {
  "id" : 15,
  "level" : 75,
  "zhuangbei1" : "4.8|5",
  "zhuangbei2" : "0.8|0.9",
  "renzhe1" : "120|130",
  "renzhe2" : "65|70",
  "renzhe3" : "3.3|3.8",
  "renzhe4" : "0.9|0.95",
  "jineng1" : "4.9|5.05",
  "jineng2" : "4.9|5.05",
  "jineng3" : "5|5",
  "buzhen1" : "10|15",
  "buzhen2" : "3|6"
}, {
  "id" : 16,
  "level" : 80,
  "zhuangbei1" : "5|5.2",
  "zhuangbei2" : "0.8|0.9",
  "renzhe1" : "130|140",
  "renzhe2" : "70|75",
  "renzhe3" : "3.8|4.3",
  "renzhe4" : "0.9|0.95",
  "jineng1" : "5.05|5.2",
  "jineng2" : "5.05|5.2",
  "jineng3" : "5|5.3",
  "buzhen1" : "10|15",
  "buzhen2" : "3|6"
}, {
  "id" : 17,
  "level" : 85,
  "zhuangbei1" : "5.2|5.4",
  "zhuangbei2" : "0.8|0.9",
  "renzhe1" : "140|150",
  "renzhe2" : "75|80",
  "renzhe3" : "4.3|4.5",
  "renzhe4" : "0.9|0.95",
  "jineng1" : "5.2|5.35",
  "jineng2" : "5.2|5.35",
  "jineng3" : "5.3|5.3",
  "buzhen1" : "10|15",
  "buzhen2" : "3|6"
}, {
  "id" : 18,
  "level" : 90,
  "zhuangbei1" : "5.4|5.6",
  "zhuangbei2" : "0.8|0.9",
  "renzhe1" : "150|160",
  "renzhe2" : "80|85",
  "renzhe3" : "4.5|4.7",
  "renzhe4" : "0.9|0.95",
  "jineng1" : "5.35|5.5",
  "jineng2" : "5.35|5.5",
  "jineng3" : "5.3|5.6",
  "buzhen1" : "10|15",
  "buzhen2" : "3|6"
}, {
  "id" : 19,
  "level" : 95,
  "zhuangbei1" : "5.6|5.8",
  "zhuangbei2" : "0.8|0.9",
  "renzhe1" : "160|170",
  "renzhe2" : "85|90",
  "renzhe3" : "4.7|4.9",
  "renzhe4" : "0.9|0.95",
  "jineng1" : "5.5|5.65",
  "jineng2" : "5.5|5.65",
  "jineng3" : "5.6|5.6",
  "buzhen1" : "10|15",
  "buzhen2" : "3|6"
}, {
  "id" : 20,
  "level" : 100,
  "zhuangbei1" : "5.8|5.9",
  "zhuangbei2" : "0.8|0.9",
  "renzhe1" : "170|180",
  "renzhe2" : "90|95",
  "renzhe3" : "4.9|5",
  "renzhe4" : "0.9|0.95",
  "jineng1" : "5.65|5.8",
  "jineng2" : "5.65|5.8",
  "jineng3" : "5.6|5.8",
  "buzhen1" : "10|15",
  "buzhen2" : "3|6"
} ]