[ {
  "type" : 1,
  "minLv" : 0,
  "maxLv" : 99,
  "drate" : 8000,
  "crate" : 9900,
  "brate" : 9900,
  "arate" : 9998,
  "srate" : 9999,
  "ssrate" : 10000,
  "luckQuality" : "4|5|6",
  "luckStart" : "20|25|40",
  "luckStep" : "1|1|1",
  "luckValue" : "2500|1000|1000"
}, {
  "type" : 2,
  "minLv" : 0,
  "maxLv" : 99,
  "crate" : 5000,
  "brate" : 9600,
  "arate" : 9998,
  "srate" : 9999,
  "ssrate" : 10000,
  "luckQuality" : "4|5|6",
  "luckStart" : "10|20|110",
  "luckStep" : "1|1|1",
  "luckValue" : "2000|15|3"
}, {
  "type" : 3,
  "minLv" : 0,
  "maxLv" : 99,
  "crate" : 5000,
  "brate" : 9500,
  "arate" : 9998,
  "srate" : 9999,
  "ssrate" : 10000,
  "luckQuality" : "5|6",
  "luckStart" : "20|110",
  "luckStep" : "1|1",
  "luckValue" : "15|3"
}, {
  "type" : 4,
  "minLv" : 0,
  "maxLv" : 99,
  "brate" : 100
}, {
  "type" : 5,
  "minLv" : 0,
  "maxLv" : 99,
  "arate" : 10000
}, {
  "type" : 11,
  "minLv" : 0,
  "maxLv" : 99,
  "drate" : 7000,
  "crate" : 9900,
  "brate" : 10000
}, {
  "type" : 12,
  "minLv" : 0,
  "maxLv" : 6,
  "crate" : 5000,
  "brate" : 9500,
  "arate" : 10000,
  "luckQuality" : "4|5|6",
  "luckStart" : "3|5|10",
  "luckStep" : "1|1|1",
  "luckValue" : "3000|1000|10"
}, {
  "type" : 12,
  "minLv" : 7,
  "maxLv" : 9,
  "crate" : 5000,
  "brate" : 9500,
  "arate" : 9999,
  "srate" : 10000,
  "luckQuality" : "4|5|6",
  "luckStart" : "3|5|10",
  "luckStep" : "1|1|1",
  "luckValue" : "3000|1000|10"
}, {
  "type" : 12,
  "minLv" : 10,
  "maxLv" : 10,
  "crate" : 5000,
  "brate" : 9500,
  "arate" : 9998,
  "srate" : 9999,
  "ssrate" : 10000,
  "luckQuality" : "4|5|6",
  "luckStart" : "3|5|10",
  "luckStep" : "1|1|1",
  "luckValue" : "3000|1000|10"
}, {
  "type" : 13,
  "minLv" : 0,
  "maxLv" : 99,
  "drate" : 5500,
  "crate" : 8500,
  "brate" : 10000
}, {
  "type" : 14,
  "minLv" : 0,
  "maxLv" : 6,
  "crate" : 5000,
  "brate" : 9500,
  "arate" : 10000,
  "luckQuality" : "4|5|6",
  "luckStart" : "3|5|10",
  "luckStep" : "1|1|1",
  "luckValue" : "3000|1000|10"
}, {
  "type" : 14,
  "minLv" : 7,
  "maxLv" : 9,
  "crate" : 5000,
  "brate" : 9500,
  "arate" : 9999,
  "srate" : 10000,
  "luckQuality" : "4|5|6",
  "luckStart" : "3|5|10",
  "luckStep" : "1|1|1",
  "luckValue" : "3000|1000|10"
}, {
  "type" : 14,
  "minLv" : 10,
  "maxLv" : 10,
  "crate" : 5000,
  "brate" : 9500,
  "arate" : 9998,
  "srate" : 9999,
  "ssrate" : 10000,
  "luckQuality" : "4|5|6",
  "luckStart" : "3|5|10",
  "luckStep" : "1|1|1",
  "luckValue" : "3000|1000|10"
}, {
  "type" : 20,
  "minLv" : 0,
  "maxLv" : 99,
  "drate" : 2500,
  "crate" : 5000,
  "brate" : 7000,
  "arate" : 9000,
  "srate" : 10000
}, {
  "type" : 21,
  "minLv" : 0,
  "maxLv" : 99,
  "brate" : 10000,
  "arate" : 2000,
  "srate" : 630,
  "ssrate" : 120
} ]