[ {
  "id" : 1,
  "enhance" : 1,
  "item" : "6003|6004",
  "fight" : 20,
  "ecsilver" : 200,
  "eratio" : 0.2,
  "wash1" : 1,
  "wash2" : 4,
  "wash3" : 12,
  "points" : "1|2|2|3|3",
  "upVals" : "0|1|2|2|3",
  "sp" : "1|2|2|3",
  "spV" : "0|1|2|2"
}, {
  "id" : 2,
  "enhance" : 1,
  "item" : "6000|6004",
  "fight" : 20,
  "ecsilver" : 400,
  "eratio" : 0.2,
  "wash1" : 3,
  "wash2" : 9,
  "wash3" : 27,
  "points" : "4|6|9|11|14",
  "upVals" : "3|4|6|9|11",
  "sp" : "4|7|10|13",
  "spV" : "3|4|7|10"
}, {
  "id" : 3,
  "enhance" : 1,
  "item" : "6006|6005",
  "fight" : 20,
  "ecsilver" : 600,
  "eratio" : 0.2,
  "wash1" : 5,
  "wash2" : 15,
  "wash3" : 45,
  "points" : "16|25|35|44|54",
  "upVals" : "14|16|25|35|44",
  "sp" : "16|28|40|52",
  "spV" : "13|16|28|40"
}, {
  "id" : 4,
  "enhance" : 1,
  "item" : "6001|6006",
  "fight" : 10,
  "ecsilver" : 800,
  "eratio" : 0.2,
  "wash1" : 10,
  "wash2" : 30,
  "wash3" : 90,
  "points" : "64|90|125|165|205",
  "upVals" : "54|64|90|125|165",
  "sp" : "64|110|155|200",
  "spV" : "52|64|110|155"
}, {
  "id" : 5,
  "enhance" : 1,
  "item" : "6002|6007",
  "fight" : 5,
  "ecsilver" : 1200,
  "eratio" : 0.2,
  "wash1" : 20,
  "wash2" : 60,
  "wash3" : 180,
  "points" : "250|420|590|760|830",
  "upVals" : "205|250|420|590|760",
  "sp" : "250|430|620|810",
  "spV" : "200|250|430|620"
}, {
  "id" : 6,
  "enhance" : 1,
  "item" : "6010|6009",
  "fight" : 2,
  "ecsilver" : 2000,
  "eratio" : 0.2,
  "wash1" : 30,
  "wash2" : 90,
  "wash3" : 270,
  "points" : "1000|1600|2200|2800|3400",
  "upVals" : "830|1000|1600|2200|2800",
  "sp" : "1000|1750|2500|3250",
  "spV" : "810|1000|1750|2500"
}, {
  "id" : 7,
  "enhance" : 1,
  "item" : "6010|6009",
  "fight" : 2,
  "ecsilver" : 3000,
  "eratio" : 0.2,
  "wash1" : 90,
  "wash2" : 270,
  "wash3" : 540,
  "points" : "4000|6000|8000|10000|12000",
  "upVals" : "3400|4000|6000|8000|10000",
  "sp" : "4000|6000|8000|10000",
  "spV" : "3250|4000|6000|8000"
} ]