[ {
  "id" : 1,
  "quality" : 5,
  "minLv" : 50,
  "maxLv" : 99,
  "type" : 1,
  "tarLv" : 50,
  "num" : 1,
  "desc" : "强化一件装备强化到50级",
  "silver" : 5000
}, {
  "id" : 2,
  "quality" : 4,
  "minLv" : 40,
  "maxLv" : 99,
  "type" : 1,
  "tarLv" : 40,
  "num" : 1,
  "desc" : "强化一件装备强化到40级",
  "silver" : 3000
}, {
  "id" : 3,
  "quality" : 3,
  "minLv" : 30,
  "maxLv" : 99,
  "type" : 1,
  "tarLv" : 30,
  "num" : 1,
  "desc" : "强化一件装备强化到30级",
  "silver" : 2000
}, {
  "id" : 4,
  "quality" : 2,
  "minLv" : 20,
  "maxLv" : 30,
  "type" : 1,
  "tarLv" : 20,
  "num" : 1,
  "desc" : "强化一件装备强化到20级",
  "silver" : 1000
}, {
  "id" : 5,
  "quality" : 1,
  "minLv" : 10,
  "maxLv" : 20,
  "type" : 1,
  "tarLv" : 10,
  "num" : 1,
  "desc" : "强化一件装备强化到10级",
  "silver" : 500
}, {
  "id" : 6,
  "quality" : 1,
  "minLv" : 1,
  "maxLv" : 99,
  "type" : 1,
  "num" : 10,
  "desc" : "强化任意装备10次",
  "silver" : 500,
  "daily" : 1
}, {
  "id" : 7,
  "quality" : 2,
  "minLv" : 1,
  "maxLv" : 99,
  "type" : 2,
  "num" : 1,
  "desc" : "合成1件装备",
  "silver" : 1000,
  "daily" : 1
}, {
  "id" : 8,
  "quality" : 3,
  "minLv" : 1,
  "maxLv" : 30,
  "type" : 2,
  "tarLv" : 2,
  "num" : 1,
  "desc" : "合成1件C级装备",
  "silver" : 2000
}, {
  "id" : 9,
  "quality" : 2,
  "minLv" : 3,
  "maxLv" : 99,
  "type" : 3,
  "num" : 3,
  "desc" : "成功抓取3位忍者",
  "silver" : 1000,
  "daily" : 1
}, {
  "id" : 10,
  "quality" : 5,
  "minLv" : 3,
  "maxLv" : 99,
  "type" : 3,
  "tarLv" : 4,
  "num" : 1,
  "desc" : "成功抓取1位A级忍者",
  "silver" : 5000
}, {
  "id" : 11,
  "quality" : 1,
  "minLv" : 1,
  "maxLv" : 99,
  "type" : 4,
  "num" : 3,
  "desc" : "修炼3次忍术",
  "silver" : 500,
  "daily" : 1
}, {
  "id" : 12,
  "quality" : 1,
  "minLv" : 6,
  "maxLv" : 99,
  "type" : 5,
  "num" : 1,
  "desc" : "修炼1次通灵术",
  "silver" : 500,
  "daily" : 1
}, {
  "id" : 13,
  "quality" : 4,
  "minLv" : 1,
  "maxLv" : 99,
  "type" : 6,
  "num" : 1,
  "desc" : "进行1次忍者吞噬",
  "silver" : 3000,
  "daily" : 1
}, {
  "id" : 14,
  "quality" : 5,
  "minLv" : 1,
  "maxLv" : 99,
  "type" : 7,
  "num" : 1,
  "desc" : "进行1次血继限界转移",
  "silver" : 5000
}, {
  "id" : 15,
  "quality" : 2,
  "minLv" : 20,
  "maxLv" : 99,
  "type" : 8,
  "num" : 1,
  "desc" : "进行1次尾兽查克拉注入",
  "silver" : 1000,
  "daily" : 1
}, {
  "id" : 16,
  "quality" : 2,
  "minLv" : 24,
  "maxLv" : 99,
  "type" : 9,
  "num" : 5,
  "desc" : "进行5次竞技场战斗",
  "silver" : 1000,
  "daily" : 1
}, {
  "id" : 17,
  "quality" : 3,
  "minLv" : 24,
  "maxLv" : 99,
  "type" : 10,
  "num" : 1,
  "desc" : "获得1次竞技场战斗的胜利",
  "silver" : 2000
}, {
  "id" : 18,
  "quality" : 3,
  "minLv" : 16,
  "maxLv" : 99,
  "type" : 11,
  "num" : 1,
  "desc" : "完成1次上忍考试",
  "silver" : 2000,
  "daily" : 1
}, {
  "id" : 19,
  "quality" : 2,
  "minLv" : 10,
  "maxLv" : 99,
  "type" : 12,
  "num" : 1,
  "desc" : "在忍影堂进行1场战斗",
  "silver" : 1000
}, {
  "id" : 20,
  "quality" : 1,
  "minLv" : 1,
  "maxLv" : 99,
  "type" : 13,
  "num" : 5,
  "desc" : "进行5次夺宝",
  "silver" : 500,
  "daily" : 1
}, {
  "id" : 21,
  "quality" : 5,
  "minLv" : 1,
  "maxLv" : 99,
  "type" : 14,
  "num" : 1,
  "desc" : "购买1次体力",
  "silver" : 5000,
  "daily" : 1
}, {
  "id" : 22,
  "quality" : 4,
  "minLv" : 31,
  "maxLv" : 99,
  "type" : 15,
  "num" : 1,
  "desc" : "调整任意忍者的布阵位置",
  "silver" : 3000,
  "daily" : 1
}, {
  "id" : 23,
  "quality" : 1,
  "minLv" : 1,
  "maxLv" : 99,
  "type" : 1,
  "num" : 1,
  "desc" : "强化任意装备1次",
  "silver" : 500
}, {
  "id" : 24,
  "quality" : 2,
  "minLv" : 1,
  "maxLv" : 99,
  "type" : 2,
  "num" : 1,
  "desc" : "合成1件装备",
  "silver" : 1000
}, {
  "id" : 25,
  "quality" : 2,
  "minLv" : 3,
  "maxLv" : 99,
  "type" : 3,
  "num" : 1,
  "desc" : "成功抓取1位忍者",
  "silver" : 1000
}, {
  "id" : 26,
  "quality" : 1,
  "minLv" : 1,
  "maxLv" : 99,
  "type" : 4,
  "num" : 1,
  "desc" : "修炼1次忍术",
  "silver" : 500
}, {
  "id" : 27,
  "quality" : 1,
  "minLv" : 6,
  "maxLv" : 99,
  "type" : 5,
  "num" : 1,
  "desc" : "修炼1次通灵术",
  "silver" : 500
}, {
  "id" : 28,
  "quality" : 4,
  "minLv" : 1,
  "maxLv" : 99,
  "type" : 6,
  "num" : 1,
  "desc" : "进行1次忍者吞噬",
  "silver" : 3000
}, {
  "id" : 29,
  "quality" : 2,
  "minLv" : 20,
  "maxLv" : 99,
  "type" : 8,
  "num" : 1,
  "desc" : "进行1次尾兽查克拉注入",
  "silver" : 1000
}, {
  "id" : 30,
  "quality" : 2,
  "minLv" : 24,
  "maxLv" : 99,
  "type" : 9,
  "num" : 1,
  "desc" : "进行1次竞技场战斗",
  "silver" : 1000
}, {
  "id" : 31,
  "quality" : 2,
  "minLv" : 10,
  "maxLv" : 99,
  "type" : 12,
  "num" : 1,
  "desc" : "在忍影堂进行1场战斗",
  "silver" : 1000
}, {
  "id" : 32,
  "quality" : 1,
  "minLv" : 1,
  "maxLv" : 99,
  "type" : 13,
  "num" : 1,
  "desc" : "进行1次夺宝",
  "silver" : 500
}, {
  "id" : 33,
  "quality" : 5,
  "minLv" : 1,
  "maxLv" : 99,
  "type" : 14,
  "num" : 1,
  "desc" : "购买1次体力",
  "silver" : 5000
}, {
  "id" : 34,
  "quality" : 4,
  "minLv" : 31,
  "maxLv" : 99,
  "type" : 15,
  "num" : 1,
  "desc" : "调整任意忍者的布阵位置",
  "silver" : 3000
}, {
  "id" : 35,
  "quality" : 1,
  "minLv" : 1,
  "maxLv" : 99,
  "type" : 16,
  "num" : 1,
  "desc" : "在拉面屋中打劫1次",
  "silver" : 500
}, {
  "id" : 36,
  "quality" : 1,
  "minLv" : 1,
  "maxLv" : 99,
  "type" : 16,
  "num" : 3,
  "desc" : "在拉面屋中打劫3次",
  "silver" : 500,
  "daily" : 1
}, {
  "id" : 37,
  "quality" : 5,
  "minLv" : 1,
  "maxLv" : 99,
  "type" : 17,
  "num" : 1,
  "desc" : "购买月卡每日领取100金币",
  "silver" : 5000,
  "daily" : 1
}, {
  "id" : 38,
  "quality" : 2,
  "minLv" : 3,
  "maxLv" : 99,
  "type" : 3,
  "num" : 1,
  "desc" : "成功抓取1位D级忍者",
  "silver" : 1000,
  "daily" : 1
}, {
  "id" : 39,
  "quality" : 3,
  "minLv" : 1,
  "maxLv" : 99,
  "type" : 18,
  "num" : 1,
  "desc" : "参与1次忍界大战",
  "silver" : 10000,
  "daily" : 1
} ]