[ {
  "id" : "com.xxrz.hd2.hy.gold10",
  "rmb" : 30,
  "gold" : 0,
  "fistGive" : 0,
  "give" : 0,
  "dayGive" : 100,
  "days" : 30
}, {
  "id" : "com.xxrz.hd2.hy.gold7",
  "rmb" : 648,
  "gold" : 6480,
  "fistGive" : 12960,
  "give" : 1240
}, {
  "id" : "com.xxrz.hd2.hy.gold6",
  "rmb" : 328,
  "gold" : 3280,
  "fistGive" : 6560,
  "give" : 480
}, {
  "id" : "com.xxrz.hd2.hy.gold5",
  "rmb" : 198,
  "gold" : 1980,
  "fistGive" : 3960,
  "give" : 240
}, {
  "id" : "com.xxrz.hd2.hy.gold4",
  "rmb" : 98,
  "gold" : 980,
  "fistGive" : 1960,
  "give" : 110
}, {
  "id" : "com.xxrz.hd2.hy.gold3",
  "rmb" : 50,
  "gold" : 500,
  "fistGive" : 1000,
  "give" : 55
}, {
  "id" : "com.xxrz.hd2.hy.gold1",
  "rmb" : 6,
  "gold" : 60,
  "fistGive" : 120,
  "give" : 6
} ]