[ {
  "id" : "hy.gold10",
  "rmb" : 25,
  "gold" : 0,
  "fistGive" : 0,
  "give" : 0,
  "dayGive" : 100,
  "days" : 30
}, {
  "id" : "hy.gold1",
  "rmb" : 6,
  "gold" : 60,
  "fistGive" : 6,
  "give" : 6
}, {
  "id" : "hy.gold2",
  "rmb" : 30,
  "gold" : 300,
  "fistGive" : 600,
  "give" : 30
}, {
  "id" : "hy.gold3",
  "rmb" : 50,
  "gold" : 500,
  "fistGive" : 55,
  "give" : 55
}, {
  "id" : "hy.gold4",
  "rmb" : 98,
  "gold" : 980,
  "fistGive" : 1960,
  "give" : 113
}, {
  "id" : "hy.gold5",
  "rmb" : 198,
  "gold" : 1980,
  "fistGive" : 3960,
  "give" : 238
}, {
  "id" : "hy.gold6",
  "rmb" : 328,
  "gold" : 3280,
  "fistGive" : 420,
  "give" : 420
}, {
  "id" : "hy.gold7",
  "rmb" : 648,
  "gold" : 6480,
  "fistGive" : 12960,
  "give" : 875
}, {
  "id" : "hy.gold8",
  "rmb" : 1998,
  "gold" : 19980,
  "fistGive" : 39960,
  "give" : 3000
}, {
  "id" : "hy.gold9",
  "rmb" : 6498,
  "gold" : 64980,
  "fistGive" : 129960,
  "give" : 11000
} ]