[ {
  "id" : 27,
  "needLv" : 5,
  "energy" : 10,
  "level" : 14,
  "exp" : 5,
  "rxp" : 100,
  "silver" : 500
}, {
  "id" : 30,
  "needLv" : 10,
  "energy" : 10,
  "level" : 25,
  "exp" : 5,
  "rxp" : 100,
  "silver" : 600
}, {
  "id" : 31,
  "needLv" : 15,
  "energy" : 10,
  "level" : 33,
  "exp" : 5,
  "rxp" : 100,
  "silver" : 700
}, {
  "id" : 32,
  "needLv" : 20,
  "energy" : 10,
  "level" : 40,
  "exp" : 5,
  "rxp" : 100,
  "silver" : 800
}, {
  "id" : 34,
  "needLv" : 25,
  "energy" : 10,
  "level" : 42,
  "exp" : 5,
  "rxp" : 100,
  "silver" : 900
}, {
  "id" : 42,
  "needLv" : 30,
  "energy" : 10,
  "level" : 55,
  "exp" : 5,
  "rxp" : 100,
  "silver" : 1000
}, {
  "id" : 47,
  "needLv" : 35,
  "energy" : 10,
  "level" : 69,
  "exp" : 5,
  "rxp" : 100,
  "silver" : 1100
}, {
  "id" : 51,
  "needLv" : 40,
  "energy" : 10,
  "level" : 81,
  "exp" : 5,
  "rxp" : 100,
  "silver" : 1200
}, {
  "id" : 52,
  "needLv" : 45,
  "energy" : 10,
  "level" : 112,
  "exp" : 5,
  "rxp" : 100,
  "silver" : 1300
}, {
  "id" : 53,
  "needLv" : 50,
  "energy" : 10,
  "level" : 119,
  "exp" : 5,
  "rxp" : 100,
  "silver" : 1400
}, {
  "id" : 58,
  "needLv" : 55,
  "energy" : 10,
  "level" : 137,
  "exp" : 5,
  "rxp" : 100,
  "silver" : 1500
}, {
  "id" : 65,
  "needLv" : 60,
  "energy" : 10,
  "level" : 153,
  "exp" : 5,
  "rxp" : 100,
  "silver" : 1600
}, {
  "id" : 67,
  "needLv" : 65,
  "energy" : 10,
  "level" : 177,
  "exp" : 5,
  "rxp" : 100,
  "silver" : 1700
}, {
  "id" : 71,
  "needLv" : 70,
  "energy" : 10,
  "level" : 190,
  "exp" : 5,
  "rxp" : 100,
  "silver" : 1800
}, {
  "id" : 72,
  "needLv" : 75,
  "energy" : 10,
  "level" : 213,
  "exp" : 5,
  "rxp" : 100,
  "silver" : 1900
}, {
  "id" : 76,
  "needLv" : 80,
  "energy" : 10,
  "level" : 230,
  "exp" : 5,
  "rxp" : 100,
  "silver" : 2000
}, {
  "id" : 78,
  "needLv" : 85,
  "energy" : 10,
  "level" : 181,
  "exp" : 5,
  "rxp" : 100,
  "silver" : 2100
}, {
  "id" : 79,
  "needLv" : 90,
  "energy" : 10,
  "level" : 229,
  "exp" : 5,
  "rxp" : 100,
  "silver" : 2200
}, {
  "id" : 82,
  "needLv" : 95,
  "energy" : 10,
  "level" : 303,
  "exp" : 5,
  "rxp" : 100,
  "silver" : 2300
}, {
  "id" : 89,
  "needLv" : 100,
  "energy" : 10,
  "level" : 369,
  "exp" : 5,
  "rxp" : 100,
  "silver" : 2400
} ]