[ {
  "id" : 1,
  "alt" : "木叶丸",
  "xmlfile" : "muyewan",
  "quality" : 1,
  "att" : 19,
  "def" : 19,
  "hp" : 97,
  "agi" : 19,
  "daiji" : "daiji_touxiao",
  "skill" : "1149",
  "eskill" : "1143|1151|1149|1099",
  "top" : 4,
  "bottom" : 3,
  "left" : 2,
  "right" : 3,
  "home" : 1,
  "desc" : "三代火影的孙子，鸣人的小跟屁虫，只学会一招忍术：后宫色诱术。",
  "chakra" : "1"
}, {
  "id" : 2,
  "alt" : "水木",
  "xmlfile" : "shuimu",
  "quality" : 1,
  "att" : 18,
  "def" : 20,
  "hp" : 99,
  "agi" : 18,
  "daiji" : "daiji_jushou",
  "skill" : "1015",
  "eskill" : "1015|1144|1004|1035",
  "top" : 4,
  "bottom" : 1,
  "left" : 2,
  "right" : 2,
  "home" : 1,
  "desc" : "想要夺取封印之书的木叶叛徒，貌似除了打酱油其他什么也不会。",
  "chakra" : "2"
}, {
  "id" : 3,
  "alt" : "雾隐守卫",
  "xmlfile" : "wuyinshouwei",
  "quality" : 1,
  "att" : 19,
  "def" : 19,
  "hp" : 95,
  "agi" : 19,
  "daiji" : "daiji_jingli",
  "skill" : "1086",
  "eskill" : "1086|1143|1035|1094",
  "top" : 2,
  "bottom" : 4,
  "left" : 1,
  "right" : 2,
  "home" : 3,
  "desc" : "雾之忍者，俗话说不会忍术的宅男不是好程序猿，所以他的独门绝技就是双手双脚同时开挂写代码。",
  "chakra" : "5"
}, {
  "id" : 4,
  "alt" : "雾隐哨兵",
  "xmlfile" : "wuyinshaobing",
  "quality" : 1,
  "att" : 18,
  "def" : 20,
  "hp" : 98,
  "agi" : 18,
  "daiji" : "daiji_paobu",
  "skill" : "1143",
  "eskill" : "1143|1144|1016|1099",
  "top" : 3,
  "bottom" : 2,
  "left" : 3,
  "right" : 1,
  "home" : 3,
  "desc" : "雾之忍者，爱吐槽爱八卦的腐女，这辈子唯一做的事情就是看BL漫画然后YY。",
  "chakra" : "5"
}, {
  "id" : 5,
  "alt" : "砂隐守卫",
  "xmlfile" : "shayinshouwei",
  "quality" : 1,
  "att" : 18,
  "def" : 20,
  "hp" : 98,
  "agi" : 18,
  "daiji" : "daiji_touxiao",
  "skill" : "1086",
  "eskill" : "1086|1144|1004|1094",
  "top" : 3,
  "bottom" : 2,
  "left" : 2,
  "right" : 1,
  "home" : 2,
  "desc" : "砂之国忍者，长着一双萌眼假装幼齿的腐男，喜欢轻抚菊花笑而不语，经常把男忍下属叫到小黑屋谈心。",
  "chakra" : "2"
}, {
  "id" : 6,
  "alt" : "砂隐哨兵",
  "xmlfile" : "shayinshaobing",
  "quality" : 1,
  "att" : 19,
  "def" : 19,
  "hp" : 95,
  "agi" : 19,
  "daiji" : "daiji_jushou",
  "skill" : "1035",
  "eskill" : "1035|1099|1004|1016",
  "top" : 3,
  "bottom" : 4,
  "left" : 1,
  "right" : 3,
  "home" : 2,
  "desc" : "砂之国忍者，狂躁女汉子，但是被老公管到死、没人权，擅长把周围所有正常的男忍搅到搞基。",
  "chakra" : "2"
}, {
  "id" : 7,
  "alt" : "奥摩伊",
  "xmlfile" : "aomoyi",
  "quality" : 1,
  "att" : 19,
  "def" : 19,
  "hp" : 94,
  "agi" : 19,
  "daiji" : "daiji_jingli",
  "skill" : "1015",
  "eskill" : "1015|1004|1143|1094",
  "top" : 4,
  "bottom" : 4,
  "left" : 1,
  "right" : 2,
  "home" : 4,
  "desc" : "雷之国忍者，奇拉比的弟子，天天含着棒棒糖，其实是为了羞羞的训练……",
  "chakra" : "3"
}, {
  "id" : 8,
  "alt" : "卡茹伊",
  "xmlfile" : "karuyi",
  "quality" : 1,
  "att" : 20,
  "def" : 20,
  "hp" : 98,
  "agi" : 20,
  "daiji" : "daiji_paobu",
  "skill" : "1015",
  "eskill" : "1015|1144|1016|1093",
  "top" : 4,
  "bottom" : 1,
  "left" : 3,
  "right" : 3,
  "home" : 4,
  "desc" : "雷之国忍者，奇拉比的弟子，性格暴躁又贫乳，酷爱吵架。",
  "chakra" : "3"
}, {
  "id" : 9,
  "alt" : "木叶守卫",
  "xmlfile" : "muyeshouwei",
  "quality" : 1,
  "att" : 20,
  "def" : 20,
  "hp" : 97,
  "agi" : 21,
  "daiji" : "daiji_touxiao",
  "skill" : "1007",
  "eskill" : "1143|1099|1085|1007",
  "top" : 3,
  "bottom" : 4,
  "left" : 4,
  "right" : 1,
  "home" : 1,
  "desc" : "“阿达西瓦思密达”——从韩国远渡重洋而来，现暂居木叶村，梦想成为人见人爱花见花开都教授。",
  "chakra" : "1"
}, {
  "id" : 10,
  "alt" : "木叶哨兵",
  "xmlfile" : "muyeshaobing",
  "quality" : 1,
  "att" : 19,
  "def" : 21,
  "hp" : 103,
  "agi" : 19,
  "daiji" : "daiji_jushou",
  "skill" : "1149",
  "eskill" : "1149|1143|1094|1016",
  "top" : 3,
  "bottom" : 2,
  "left" : 1,
  "right" : 3,
  "home" : 1,
  "desc" : "火之国忍者，外表文质彬彬，实则春心荡漾，每当听到色色的内涵故事，他都早别人八秒的笑着推推眼镜。",
  "chakra" : "1"
}, {
  "id" : 11,
  "alt" : "赤铜铠",
  "xmlfile" : "chitongkai",
  "quality" : 1,
  "att" : 20,
  "def" : 20,
  "hp" : 102,
  "agi" : 20,
  "daiji" : "daiji_jingli",
  "skill" : "1086",
  "eskill" : "1086|1155|1092|1099",
  "top" : 3,
  "bottom" : 4,
  "left" : 1,
  "right" : 2,
  "home" : 1,
  "desc" : "能用手掌吸取查克拉的音忍，所谓没存在感的屌丝就是这种人。",
  "chakra" : "4"
}, {
  "id" : 12,
  "alt" : "萨克镫",
  "xmlfile" : "sakedeng",
  "quality" : 1,
  "att" : 21,
  "def" : 19,
  "hp" : 97,
  "agi" : 21,
  "daiji" : "daiji_paobu",
  "skill" : "1149",
  "eskill" : "1149|1144|1016|1099",
  "top" : 2,
  "bottom" : 3,
  "left" : 1,
  "right" : 4,
  "home" : 1,
  "desc" : "用手上的洞制造超音波的音忍，貌似和蝙蝠没什么血缘关系。",
  "chakra" : "4"
}, {
  "id" : 13,
  "alt" : "剑美澄",
  "xmlfile" : "jianmeicheng",
  "quality" : 1,
  "att" : 20,
  "def" : 20,
  "hp" : 100,
  "agi" : 20,
  "daiji" : "daiji_touxiao",
  "skill" : "1086",
  "eskill" : "1086|1144|1004|1094",
  "top" : 4,
  "bottom" : 1,
  "left" : 2,
  "right" : 3,
  "home" : 1,
  "desc" : "全身关节脱臼能让身体变软软的音忍，口头禅：你们不要歧视我软！",
  "chakra" : "5"
}, {
  "id" : 14,
  "alt" : "托斯砧",
  "xmlfile" : "tuosizhen",
  "quality" : 1,
  "att" : 20,
  "def" : 20,
  "hp" : 99,
  "agi" : 20,
  "daiji" : "daiji_jushou",
  "skill" : "1035",
  "eskill" : "1035|1143|1004|1016",
  "top" : 3,
  "bottom" : 2,
  "left" : 2,
  "right" : 4,
  "home" : 1,
  "desc" : "用声音直接攻击耳膜的音忍，很有心计，欺软怕硬，缠绷带是因为毁容。",
  "chakra" : "3"
}, {
  "id" : 15,
  "alt" : "暗部守卫",
  "xmlfile" : "anbu1",
  "quality" : 1,
  "att" : 19,
  "def" : 21,
  "hp" : 104,
  "agi" : 19,
  "daiji" : "daiji_paobu",
  "skill" : "1015",
  "eskill" : "1015|1004|1149|1085",
  "top" : 3,
  "bottom" : 1,
  "left" : 2,
  "right" : 2,
  "home" : 1,
  "desc" : "木叶“根”的忍者，除了执行绝密任务外，号称没心没肺没爹没妈。",
  "chakra" : "4"
}, {
  "id" : 16,
  "alt" : "暗部哨兵",
  "xmlfile" : "anbu2",
  "quality" : 1,
  "att" : 19,
  "def" : 21,
  "hp" : 103,
  "agi" : 19,
  "daiji" : "daiji_touxiao",
  "skill" : "1015",
  "eskill" : "1015|1144|1016|1155",
  "top" : 4,
  "bottom" : 2,
  "left" : 2,
  "right" : 1,
  "home" : 1,
  "desc" : "木叶“根”的忍者，表面上戴面具为了隐藏身份，其实只是蒙面异装癖。",
  "chakra" : "4"
}, {
  "id" : 17,
  "alt" : "鸣人",
  "xmlfile" : "mingren",
  "quality" : 2,
  "att" : 23,
  "def" : 23,
  "hp" : 139,
  "agi" : 23,
  "daiji" : "daiji_jingli",
  "skill" : "1092|1151",
  "eskill" : "1092|1125|1098|1149|1151|1117",
  "top" : 4,
  "bottom" : 3,
  "left" : 1,
  "right" : 3,
  "home" : 1,
  "desc" : "体内封印着九尾，爱拉面爱捣蛋的吊车尾，喜欢小樱，但貌似对追佐助更加执着，后宫色诱术的创始人。",
  "chakra" : "2"
}, {
  "id" : 18,
  "alt" : "小樱",
  "xmlfile" : "xiaoying",
  "quality" : 2,
  "att" : 22,
  "def" : 24,
  "hp" : 143,
  "agi" : 22,
  "daiji" : "daiji_paobu",
  "skill" : "1003|1035|1155",
  "eskill" : "1003|1004|1016|1099|1155",
  "top" : 2,
  "bottom" : 1,
  "left" : 4,
  "right" : 2,
  "home" : 1,
  "desc" : "狂迷佐助的暴力女，擅长医疗忍术，后来又有点点对鸣人动心，最终成长为一个女汉子。",
  "chakra" : "5"
}, {
  "id" : 19,
  "alt" : "井野",
  "xmlfile" : "jingye",
  "quality" : 2,
  "att" : 23,
  "def" : 25,
  "hp" : 150,
  "agi" : 23,
  "daiji" : "daiji_jingli",
  "skill" : "1016",
  "eskill" : "1016|1086|1144|1143",
  "top" : 2,
  "bottom" : 1,
  "left" : 3,
  "right" : 3,
  "home" : 1,
  "desc" : "跟小樱是闺蜜，但因为喜欢佐助又互相吃醋竞争，能使用身心转换术。",
  "chakra" : "5"
}, {
  "id" : 20,
  "alt" : "天天",
  "xmlfile" : "tiantian",
  "quality" : 2,
  "att" : 25,
  "def" : 23,
  "hp" : 138,
  "agi" : 25,
  "daiji" : "daiji_paobu",
  "skill" : "1007",
  "eskill" : "1086|1007|1131|1092",
  "top" : 4,
  "bottom" : 2,
  "left" : 2,
  "right" : 1,
  "home" : 1,
  "desc" : "有点缺心眼傻天真的妹子，暗器功夫很牛掰，经常当劝架合事佬儿。",
  "chakra" : "3"
}, {
  "id" : 21,
  "alt" : "丁次",
  "xmlfile" : "dingci",
  "quality" : 2,
  "att" : 22,
  "def" : 24,
  "hp" : 143,
  "agi" : 22,
  "daiji" : "daiji_jushou",
  "skill" : "1145",
  "eskill" : "1145|1086|1101|1092",
  "top" : 3,
  "bottom" : 3,
  "left" : 3,
  "right" : 2,
  "home" : 1,
  "desc" : "自称丰满且爱食物如命的胖子，能用倍化术变成肉球，胆小又心地善良。",
  "chakra" : "3"
}, {
  "id" : 22,
  "alt" : "犬冢牙",
  "xmlfile" : "quanzhongya",
  "quality" : 2,
  "att" : 24,
  "def" : 24,
  "hp" : 146,
  "agi" : 24,
  "daiji" : "daiji_touxiao",
  "skill" : "1112",
  "eskill" : "1107|1112|1111|1092",
  "top" : 2,
  "bottom" : 1,
  "left" : 1,
  "right" : 2,
  "home" : 1,
  "desc" : "能和自己的爱犬赤丸进行人兽合体，天天顶着狗不忘嘱咐：喂，别尿我头上。",
  "chakra" : "4"
}, {
  "id" : 23,
  "alt" : "志乃",
  "xmlfile" : "zhinai",
  "quality" : 2,
  "att" : 24,
  "def" : 24,
  "hp" : 144,
  "agi" : 24,
  "daiji" : "daiji_jingli",
  "skill" : "1085",
  "eskill" : "1015|1085|1113|1144",
  "top" : 3,
  "bottom" : 2,
  "left" : 2,
  "right" : 3,
  "home" : 1,
  "desc" : "除了“嗯！”“嗯？”几乎没说过话，玩弄于各种虫子于身体之间，没人见过他摘墨镜的样子。",
  "chakra" : "4"
}, {
  "id" : 24,
  "alt" : "雏田",
  "xmlfile" : "chutian",
  "quality" : 2,
  "att" : 26,
  "def" : 24,
  "hp" : 143,
  "agi" : 26,
  "daiji" : "daiji_paobu",
  "skill" : "1005|1006",
  "eskill" : "1084|1005|1011|1012|1006",
  "top" : 4,
  "bottom" : 2,
  "left" : 2,
  "right" : 2,
  "home" : 1,
  "desc" : "日向家族宗家的大小姐，拥有白眼，超级内敛害羞，一看见鸣人能脸红到晕过去。",
  "chakra" : "1"
}, {
  "id" : 25,
  "alt" : "宁次",
  "xmlfile" : "ningci",
  "quality" : 2,
  "att" : 26,
  "def" : 24,
  "hp" : 144,
  "agi" : 26,
  "daiji" : "daiji_jushou",
  "skill" : "1011|1006",
  "eskill" : "1084|1005|1011|1012|1006",
  "top" : 4,
  "bottom" : 2,
  "left" : 1,
  "right" : 3,
  "home" : 1,
  "desc" : "拥有白眼，狂傲的日向家族分家的天才，雏田的哥哥，有点愤青，后来治好了心理创伤。",
  "chakra" : "1"
}, {
  "id" : 26,
  "alt" : "小李",
  "xmlfile" : "xiaoli",
  "quality" : 2,
  "att" : 25,
  "def" : 25,
  "hp" : 153,
  "agi" : 25,
  "daiji" : "daiji_touxiao",
  "skill" : "1009|1010",
  "eskill" : "1086|1092|1099|1101|1009|1010|1098",
  "top" : 1,
  "bottom" : 2,
  "left" : 1,
  "right" : 2,
  "home" : 1,
  "desc" : "粗眉毛、西瓜皮头的热血一根筋傻小子，通过各种自虐训练使得他只会体术却十分强力。",
  "chakra" : "1"
}, {
  "id" : 27,
  "alt" : "佐助",
  "xmlfile" : "zuozhu",
  "quality" : 2,
  "att" : 25,
  "def" : 25,
  "hp" : 150,
  "agi" : 25,
  "daiji" : "daiji_jingli",
  "skill" : "1035",
  "eskill" : "1007|1035|1097|1101|1090|1025",
  "top" : 4,
  "bottom" : 2,
  "left" : 3,
  "right" : 1,
  "home" : 1,
  "desc" : "宇智波一族拥有写轮眼的天才，无论是酷帅还是面瘫，都被N多女孩喜欢，初吻却给了鸣人。",
  "chakra" : "3"
}, {
  "id" : 28,
  "alt" : "鹿丸",
  "xmlfile" : "luwan",
  "quality" : 2,
  "att" : 25,
  "def" : 25,
  "hp" : 150,
  "agi" : 25,
  "daiji" : "daiji_paobu",
  "skill" : "1104",
  "eskill" : "1104|1154|1083|1086",
  "top" : 1,
  "bottom" : 4,
  "left" : 2,
  "right" : 3,
  "home" : 1,
  "desc" : "IQ200的超级高智商，就是懒散怕麻烦，影子忍术虽然不强，但配上计谋谁来玩死谁。",
  "chakra" : "4"
}, {
  "id" : 29,
  "alt" : "静音",
  "xmlfile" : "jingyin",
  "quality" : 2,
  "att" : 25,
  "def" : 25,
  "hp" : 149,
  "agi" : 25,
  "daiji" : "daiji_jingli",
  "skill" : "1004",
  "eskill" : "1004|1016|1144|1086",
  "top" : 3,
  "bottom" : 2,
  "left" : 4,
  "right" : 3,
  "home" : 1,
  "desc" : "纲手的跟班加管家婆，医疗忍者，天天抱着一只猪——豚豚，其实只是为了储备备用粮食。",
  "chakra" : "5"
}, {
  "id" : 30,
  "alt" : "伊鲁卡",
  "xmlfile" : "yiluka",
  "quality" : 2,
  "att" : 27,
  "def" : 25,
  "hp" : 150,
  "agi" : 27,
  "daiji" : "daiji_jushou",
  "skill" : "1086",
  "eskill" : "1098|1086|1143|1003",
  "top" : 3,
  "bottom" : 1,
  "left" : 2,
  "right" : 4,
  "home" : 1,
  "desc" : "木叶忍村的优秀教师，用各种爱滋润着鸣人，以请吃拉面对学生产生各种积极诱惑。",
  "chakra" : "1"
}, {
  "id" : 31,
  "alt" : "手鞠",
  "xmlfile" : "shouju",
  "weapon" : "shanzi",
  "quality" : 2,
  "att" : 27,
  "def" : 25,
  "hp" : 153,
  "agi" : 27,
  "daiji" : "daiji_touxiao",
  "skill" : "1133",
  "eskill" : "1085|1086|1133|1131",
  "top" : 3,
  "bottom" : 3,
  "left" : 4,
  "right" : 2,
  "home" : 2,
  "desc" : "四代风影的长女，一扇风沙起，二扇天地暗，三扇人踪灭，外号铁扇公主，与鹿丸剪不断理还乱。",
  "chakra" : "2"
}, {
  "id" : 32,
  "alt" : "勘九郎",
  "xmlfile" : "kanjiulang",
  "weapon" : "kuilei",
  "quality" : 2,
  "att" : 26,
  "def" : 26,
  "hp" : 158,
  "agi" : 26,
  "daiji" : "daiji_jingli",
  "skill" : "1027",
  "eskill" : "1027|1133|1015|1144",
  "top" : 2,
  "bottom" : 3,
  "left" : 4,
  "right" : 4,
  "home" : 2,
  "desc" : "四代风影的次男，喜欢使用充气……哦不对，傀儡娃娃，虽然脸上刺青像BT，但却是个好哥哥。",
  "chakra" : "2"
}, {
  "id" : 33,
  "alt" : "伊比喜",
  "xmlfile" : "yibixi",
  "quality" : 3,
  "att" : 29,
  "def" : 29,
  "hp" : 202,
  "agi" : 29,
  "daiji" : "daiji_touxiao",
  "skill" : "1016|1153",
  "eskill" : "1016|1090|1086|1101|1153",
  "top" : 2,
  "bottom" : 1,
  "left" : 2,
  "right" : 1,
  "home" : 1,
  "desc" : "木叶村的虐待狂，专门搞审讯，喜欢玩弄俘虏心理到崩溃，尤爱皮鞭和蜡烛。",
  "chakra" : "3"
}, {
  "id" : 34,
  "alt" : "惠比斯",
  "xmlfile" : "huibisi",
  "quality" : 3,
  "att" : 28,
  "def" : 30,
  "hp" : 207,
  "agi" : 28,
  "daiji" : "daiji_jushou",
  "skill" : "1007|1098",
  "eskill" : "1007|1131|1086|1143",
  "top" : 3,
  "bottom" : 1,
  "left" : 4,
  "right" : 3,
  "home" : 1,
  "desc" : "木叶丸的家庭教师，表面上各种条理训导，实际上外号大色狼，超喜欢被“后宫色诱术”虐。",
  "chakra" : "1"
}, {
  "id" : 35,
  "alt" : "月光疾风",
  "xmlfile" : "yueguangjifeng",
  "quality" : 3,
  "att" : 29,
  "def" : 31,
  "hp" : 218,
  "agi" : 29,
  "daiji" : "daiji_jingli",
  "skill" : "1106",
  "eskill" : "1092|1106|1098|1107|1153",
  "top" : 4,
  "bottom" : 2,
  "left" : 4,
  "right" : 1,
  "home" : 1,
  "desc" : "身体虚弱外加黑眼圈，没人知道这个木叶忍者每天晚上都在干什么……",
  "chakra" : "2"
}, {
  "id" : 36,
  "alt" : "山城青叶",
  "xmlfile" : "shanchengqingye",
  "quality" : 3,
  "att" : 29,
  "def" : 31,
  "hp" : 214,
  "agi" : 29,
  "daiji" : "daiji_paobu",
  "skill" : "1098",
  "eskill" : "1092|1090|1086|1101|1098",
  "top" : 2,
  "bottom" : 2,
  "left" : 2,
  "right" : 1,
  "home" : 1,
  "desc" : "没有特点的木叶忍者，由于太没存在感，只能作为姑娘们的备胎，后来沦落成了千斤顶。",
  "chakra" : "1"
}, {
  "id" : 37,
  "alt" : "并足雷同",
  "xmlfile" : "bingzuleitong",
  "quality" : 3,
  "att" : 31,
  "def" : 29,
  "hp" : 206,
  "agi" : 31,
  "daiji" : "daiji_touxiao",
  "skill" : "1099",
  "eskill" : "1035|1099|1107|1143",
  "top" : 4,
  "bottom" : 2,
  "left" : 3,
  "right" : 3,
  "home" : 1,
  "desc" : "脸上布满伤疤、一丝不苟的木叶忍者，目前正在攒钱做整容换皮手术。",
  "chakra" : "2"
}, {
  "id" : 38,
  "alt" : "不知火玄间",
  "xmlfile" : "buzhihuoxuanjian",
  "quality" : 3,
  "att" : 30,
  "def" : 30,
  "hp" : 208,
  "agi" : 30,
  "daiji" : "daiji_jushou",
  "skill" : "1097",
  "eskill" : "1012|1097|1145|1106|1154",
  "top" : 1,
  "bottom" : 4,
  "left" : 1,
  "right" : 3,
  "home" : 1,
  "desc" : "喜欢叼着牙签摆酷的木叶忍者，他一直没意识到，现在光靠酷已经交不到女朋友了。",
  "chakra" : "4"
}, {
  "id" : 39,
  "alt" : "御手洗红豆",
  "xmlfile" : "hongdou",
  "quality" : 3,
  "att" : 30,
  "def" : 30,
  "hp" : 209,
  "agi" : 30,
  "daiji" : "daiji_jingli",
  "skill" : "1016",
  "eskill" : "1016|1099|1086|1090",
  "top" : 3,
  "bottom" : 1,
  "left" : 4,
  "right" : 1,
  "home" : 1,
  "desc" : "大蛇丸的亲传弟子，木叶雷厉风行的泼辣女，心中似乎永远对师傅有着说不清的情愫。",
  "chakra" : "1"
}, {
  "id" : 40,
  "alt" : "我爱罗",
  "xmlfile" : "woailuo",
  "weapon" : "hulu",
  "quality" : 3,
  "att" : 30,
  "def" : 32,
  "hp" : 222,
  "agi" : 30,
  "daiji" : "daiji_paobu",
  "skill" : "1133|1052",
  "eskill" : "1027|1133|1052|1054|1053|1014",
  "top" : 2,
  "bottom" : 2,
  "left" : 4,
  "right" : 1,
  "home" : 2,
  "desc" : "四代风影的熊猫眼小儿子，体内封印着一尾，幼年各种受虐，长大酷帅冷血，后来心扉被鸣人打开。",
  "chakra" : "4"
}, {
  "id" : 41,
  "alt" : "再不斩",
  "xmlfile" : "zaibuzhan",
  "weapon" : "dadao",
  "quality" : 3,
  "att" : 32,
  "def" : 30,
  "hp" : 212,
  "agi" : 32,
  "daiji" : "daiji_jushou",
  "skill" : "1018",
  "eskill" : "1018|1031|1106|1030|1135|1035",
  "top" : 2,
  "bottom" : 4,
  "left" : 2,
  "right" : 1,
  "home" : 3,
  "desc" : "雾忍“忍刀七人众”之一，外号鬼人，到死的时候才发现自己心中对白深深的基情。",
  "chakra" : "5"
}, {
  "id" : 42,
  "alt" : "白",
  "xmlfile" : "bai",
  "quality" : 3,
  "att" : 30,
  "def" : 32,
  "hp" : 222,
  "agi" : 30,
  "daiji" : "daiji_touxiao",
  "skill" : "1019|1020",
  "eskill" : "1016|1019|1020|1018|1135|1031",
  "top" : 4,
  "bottom" : 1,
  "left" : 1,
  "right" : 4,
  "home" : 3,
  "desc" : "拥有冰的血继限界，小受类型，比女人还要温柔貌美，对再不斩怀有为其献身献命的浓烈情愫。",
  "chakra" : "5"
}, {
  "id" : 43,
  "alt" : "鬼童丸",
  "xmlfile" : "guitongwan",
  "weapon" : "shoubi",
  "quality" : 3,
  "att" : 30,
  "def" : 32,
  "hp" : 223,
  "agi" : 30,
  "daiji" : "daiji_jingli",
  "skill" : "1015",
  "eskill" : "1015|1131|1143|1019",
  "top" : 3,
  "bottom" : 3,
  "left" : 2,
  "right" : 4,
  "home" : 1,
  "desc" : "克隆食品吃多了变成了蜘蛛人的音忍，吐出的丝平时用来战斗，也常去纺织厂打零工。",
  "chakra" : "2"
}, {
  "id" : 44,
  "alt" : "多由也",
  "xmlfile" : "duoyouye",
  "quality" : 3,
  "att" : 32,
  "def" : 30,
  "hp" : 211,
  "agi" : 32,
  "daiji" : "daiji_touxiao",
  "skill" : "1007",
  "eskill" : "1007|1086|1101|1135",
  "top" : 3,
  "bottom" : 3,
  "left" : 1,
  "right" : 1,
  "home" : 1,
  "desc" : "音忍中唯一的妹子，因为吹箫不和谐，改为吹笛子了，能用旋律操作三鬼。",
  "chakra" : "3"
}, {
  "id" : 45,
  "alt" : "左近右近",
  "xmlfile" : "zuojinyoujin",
  "weapon" : "juanzhou2",
  "quality" : 3,
  "att" : 31,
  "def" : 33,
  "hp" : 231,
  "agi" : 31,
  "daiji" : "daiji_jushou",
  "skill" : "1016",
  "eskill" : "1016|1086|1099|1143",
  "top" : 4,
  "bottom" : 3,
  "left" : 2,
  "right" : 3,
  "home" : 1,
  "desc" : "这是一对音忍亲兄弟合体后的产物，俩人一会分体，一会合体，玩的很快乐。",
  "chakra" : "1"
}, {
  "id" : 46,
  "alt" : "次郎坊",
  "xmlfile" : "cilangfang",
  "quality" : 3,
  "att" : 31,
  "def" : 33,
  "hp" : 229,
  "agi" : 31,
  "daiji" : "daiji_jingli",
  "skill" : "1145",
  "eskill" : "1099|1145|1144|1106",
  "top" : 2,
  "bottom" : 3,
  "left" : 2,
  "right" : 3,
  "home" : 1,
  "desc" : "音忍中的肥仔，喜欢把人关在土牢中吸食精血查克拉，貌似是加肥版白骨精转世。",
  "chakra" : "4"
}, {
  "id" : 47,
  "alt" : "君麻吕",
  "xmlfile" : "junmalv",
  "quality" : 3,
  "att" : 32,
  "def" : 32,
  "hp" : 224,
  "agi" : 32,
  "daiji" : "daiji_paobu",
  "skill" : "1022|1021",
  "eskill" : "1027|1021|1022|1107",
  "top" : 1,
  "bottom" : 2,
  "left" : 1,
  "right" : 2,
  "home" : 1,
  "desc" : "拥有骨的血继限界，全身的骨头都可以随便往外拽，对大蛇丸的崇拜和迷恋已经超过了搞基的上限。",
  "chakra" : "4"
}, {
  "id" : 48,
  "alt" : "佐井",
  "xmlfile" : "zuojing",
  "quality" : 3,
  "att" : 32,
  "def" : 32,
  "hp" : 224,
  "agi" : 32,
  "daiji" : "daiji_jingli",
  "skill" : "1144",
  "eskill" : "1104|1144|1092|1101",
  "top" : 3,
  "bottom" : 4,
  "left" : 2,
  "right" : 1,
  "home" : 1,
  "desc" : "木叶“根”的水墨画艺术家，完全不具备任何情商，一说话就讨打，后来大脑发育了，从只会服从变成能独立思考。",
  "chakra" : "3"
}, {
  "id" : 49,
  "alt" : "水月",
  "xmlfile" : "shuiyue",
  "quality" : 3,
  "att" : 33,
  "def" : 31,
  "hp" : 219,
  "agi" : 33,
  "daiji" : "daiji_paobu",
  "skill" : "1031",
  "eskill" : "1017|1018|1106|1031|1019",
  "top" : 2,
  "bottom" : 2,
  "left" : 4,
  "right" : 1,
  "home" : 3,
  "desc" : "可以把全身液化的原雾忍，出入女澡堂十分方便，对刀有强烈的收集癖，嘴巴坏，爱吐槽。",
  "chakra" : "5"
}, {
  "id" : 50,
  "alt" : "香磷",
  "xmlfile" : "xianglin",
  "quality" : 3,
  "att" : 32,
  "def" : 34,
  "hp" : 236,
  "agi" : 32,
  "daiji" : "daiji_jushou",
  "skill" : "1004",
  "eskill" : "1004|1086|1016|1015",
  "top" : 1,
  "bottom" : 3,
  "left" : 2,
  "right" : 3,
  "home" : 1,
  "desc" : "迷恋佐助的受虐型花痴女，特殊体质使得别人咬她一口就能疗伤，越被咬越爽，全身布满各种咬痕。",
  "chakra" : "3"
}, {
  "id" : 51,
  "alt" : "重吾",
  "xmlfile" : "zhongwu",
  "quality" : 3,
  "att" : 34,
  "def" : 32,
  "hp" : 223,
  "agi" : 34,
  "daiji" : "daiji_touxiao",
  "skill" : "1099",
  "eskill" : "1085|1099|1131|1086",
  "top" : 1,
  "bottom" : 2,
  "left" : 2,
  "right" : 1,
  "home" : 1,
  "desc" : "双重人格的傻大个，可以用他体内的某种东东提炼咒印精，平时善良胆小，发飙见谁杀谁。",
  "chakra" : "2"
}, {
  "id" : 52,
  "alt" : "兜",
  "xmlfile" : "dou",
  "quality" : 3,
  "att" : 34,
  "def" : 32,
  "hp" : 224,
  "agi" : 34,
  "daiji" : "daiji_jingli",
  "skill" : "1015",
  "eskill" : "1015|1004|1143|1019",
  "top" : 3,
  "bottom" : 2,
  "left" : 1,
  "right" : 2,
  "home" : 1,
  "desc" : "阴险狡诈、爱耍阴谋的N重间谍，除了对大蛇丸死忠，见谁背叛谁。",
  "chakra" : "5"
}, {
  "id" : 53,
  "alt" : "咒印佐助",
  "xmlfile" : "zhouyinzuozhu",
  "weapon" : "chibang",
  "quality" : 4,
  "att" : 38,
  "def" : 40,
  "hp" : 321,
  "agi" : 38,
  "daiji" : "daiji_paobu",
  "skill" : "1025",
  "eskill" : "1035|1097|1090|1107|1108",
  "top" : 1,
  "bottom" : 4,
  "left" : 1,
  "right" : 2,
  "home" : 1,
  "desc" : "自从被大蛇丸咬了一口，就沉迷在了这种强大的狂暴感中，拽到不行，执拗的追杀着自己的哥哥鼬。",
  "chakra" : "3"
}, {
  "id" : 54,
  "alt" : "夕日红",
  "xmlfile" : "xirihong",
  "quality" : 4,
  "att" : 39,
  "def" : 41,
  "hp" : 330,
  "agi" : 39,
  "daiji" : "daiji_jushou",
  "skill" : "1101",
  "eskill" : "1016|1101|1131|1097|1107",
  "top" : 4,
  "bottom" : 2,
  "left" : 4,
  "right" : 1,
  "home" : 1,
  "desc" : "木叶的性感熟女，阿斯玛的老婆，目前怀孕戒酒中……",
  "chakra" : "1"
}, {
  "id" : 55,
  "alt" : "阿斯玛",
  "xmlfile" : "asima",
  "quality" : 4,
  "att" : 42,
  "def" : 38,
  "hp" : 307,
  "agi" : 42,
  "daiji" : "daiji_touxiao",
  "skill" : "1092",
  "eskill" : "1092|1099|1098|1131|1107",
  "top" : 2,
  "bottom" : 3,
  "left" : 4,
  "right" : 1,
  "home" : 1,
  "desc" : "三代火影的儿子，爱抽烟、棋术不高的大叔，人人都说大叔爱萝莉，但他却偏好御姐。",
  "chakra" : "2"
}, {
  "id" : 56,
  "alt" : "大和",
  "xmlfile" : "dahe",
  "quality" : 4,
  "att" : 42,
  "def" : 38,
  "hp" : 307,
  "agi" : 42,
  "daiji" : "daiji_touxiao",
  "skill" : "1012",
  "eskill" : "1012|1086|1021|1107|1135",
  "top" : 2,
  "bottom" : 3,
  "left" : 2,
  "right" : 2,
  "home" : 1,
  "desc" : "崇拜卡卡西的学弟，身上被植入初代火影的细胞，可以变出木头，还能变得更长更粗。",
  "chakra" : "4"
}, {
  "id" : 57,
  "alt" : "马基",
  "xmlfile" : "maji",
  "quality" : 4,
  "att" : 42,
  "def" : 38,
  "hp" : 307,
  "agi" : 42,
  "daiji" : "daiji_jingli",
  "skill" : "1131",
  "eskill" : "1099|1131|1154|1003|1126",
  "top" : 1,
  "bottom" : 1,
  "left" : 1,
  "right" : 3,
  "home" : 2,
  "desc" : "我爱罗的老师，最让砂之国众忍者百思不得其解的是：这家伙为什么要把尿布挂脸上？",
  "chakra" : "2"
}, {
  "id" : 58,
  "alt" : "千代婆婆",
  "xmlfile" : "qiandaipopo",
  "quality" : 4,
  "att" : 40,
  "def" : 42,
  "hp" : 336,
  "agi" : 40,
  "daiji" : "daiji_paobu",
  "skill" : "1139",
  "eskill" : "1004|1016|1133|1083|1105|1139",
  "top" : 4,
  "bottom" : 2,
  "left" : 3,
  "right" : 1,
  "home" : 2,
  "desc" : "砂之国长老，傀儡术的祖师，以钓鱼和装死为乐的老太婆，后来为了救我爱罗真死了……",
  "chakra" : "4"
}, {
  "id" : 59,
  "alt" : "二尾人柱力",
  "xmlfile" : "erweirenzhuli",
  "quality" : 4,
  "att" : 40,
  "def" : 42,
  "hp" : 334,
  "agi" : 40,
  "daiji" : "daiji_jushou",
  "skill" : "1101|1055",
  "eskill" : "1101|1090|1055|1056|1057|1058",
  "top" : 1,
  "bottom" : 4,
  "left" : 3,
  "right" : 1,
  "home" : 1,
  "desc" : "体内封印着二尾，像猫一样轻灵自我的姑娘，最爱的宠物是仓鼠，可以摸可以玩可以吃……",
  "chakra" : "3"
}, {
  "id" : 60,
  "alt" : "三尾人柱力",
  "xmlfile" : "sanweirenzhuli",
  "quality" : 4,
  "att" : 41,
  "def" : 41,
  "hp" : 329,
  "agi" : 41,
  "daiji" : "daiji_touxiao",
  "skill" : "1134|1061",
  "eskill" : "1016|1107|1134|1061|1059|1062",
  "top" : 1,
  "bottom" : 3,
  "left" : 1,
  "right" : 2,
  "home" : 1,
  "desc" : "四代水影，体内封印着三尾，外表是个幼齿小鬼，骨子里却是个有着严酷政治手腕的老板。",
  "chakra" : "5"
}, {
  "id" : 61,
  "alt" : "四尾人柱力",
  "xmlfile" : "siweirenzhuli",
  "quality" : 4,
  "att" : 42,
  "def" : 42,
  "hp" : 321,
  "agi" : 44,
  "daiji" : "daiji_jingli",
  "skill" : "1108|1063",
  "eskill" : "1099|1145|1108|1114|1063|1065|1064|1066",
  "top" : 4,
  "bottom" : 1,
  "left" : 2,
  "right" : 1,
  "home" : 1,
  "desc" : "体内封印着四尾，在前世的轮回中，他和四尾的名字叫做唐僧和孙悟空。",
  "chakra" : "1"
}, {
  "id" : 62,
  "alt" : "五尾人柱力",
  "xmlfile" : "wuweirenzhuli",
  "quality" : 4,
  "att" : 42,
  "def" : 42,
  "hp" : 332,
  "agi" : 42,
  "daiji" : "daiji_paobu",
  "skill" : "1015|1069",
  "eskill" : "1015|1069|1070|1067|1068",
  "top" : 3,
  "bottom" : 3,
  "left" : 3,
  "right" : 4,
  "home" : 1,
  "desc" : "体内封印着五尾，全身的铠甲能喷出蒸汽，他还有个远房亲戚叫瓦特，在英国发明了蒸汽机。",
  "chakra" : "4"
}, {
  "id" : 63,
  "alt" : "六尾人柱力",
  "xmlfile" : "liuweirenzhuli",
  "quality" : 4,
  "att" : 43,
  "def" : 41,
  "hp" : 346,
  "agi" : 41,
  "daiji" : "daiji_jushou",
  "skill" : "1004|1074",
  "eskill" : "1004|1091|1074|1071|1072|1073",
  "top" : 4,
  "bottom" : 2,
  "left" : 1,
  "right" : 2,
  "home" : 1,
  "desc" : "体内封印着六尾，优雅却患有自闭症，唯一喜欢的事情就是睡觉和吹泡泡。",
  "chakra" : "3"
}, {
  "id" : 64,
  "alt" : "七尾人柱力",
  "xmlfile" : "qiweirenzhuli",
  "quality" : 4,
  "att" : 43,
  "def" : 43,
  "hp" : 345,
  "agi" : 43,
  "daiji" : "daiji_touxiao",
  "skill" : "1085|1076",
  "eskill" : "1085|1076|1077|1078|1075",
  "top" : 2,
  "bottom" : 3,
  "left" : 2,
  "right" : 3,
  "home" : 1,
  "desc" : "体内封印着七尾，号称口中能吐出发光的鳞粉，但没人去鉴定是不是所含口水的成分更大。",
  "chakra" : "2"
}, {
  "id" : 65,
  "alt" : "飞段",
  "xmlfile" : "feiduan",
  "weapon" : "liandao",
  "quality" : 4,
  "att" : 43,
  "def" : 44,
  "hp" : 352,
  "agi" : 41,
  "daiji" : "daiji_touxiao",
  "skill" : "1012",
  "eskill" : "1004|1012|1086|1145|1108",
  "top" : 2,
  "bottom" : 2,
  "left" : 3,
  "right" : 2,
  "home" : 3,
  "desc" : "“晓”成员，超级自虐狂，用诅咒把自己和别人相连，就可以享受一边自残一边让别人去死的快乐。",
  "chakra" : "1"
}, {
  "id" : 66,
  "alt" : "角都",
  "xmlfile" : "jiaodu",
  "quality" : 4,
  "att" : 43,
  "def" : 44,
  "hp" : 354,
  "agi" : 41,
  "daiji" : "daiji_jushou",
  "skill" : "1145",
  "eskill" : "1004|1012|1135|1145|1106",
  "top" : 3,
  "bottom" : 2,
  "left" : 3,
  "right" : 3,
  "home" : 3,
  "desc" : "“晓”成员，财迷鬼，夺取了5个心脏同时工作让自己不死，但也因为心率过多而常犯高血压。",
  "chakra" : "5"
}, {
  "id" : 67,
  "alt" : "蝎",
  "xmlfile" : "xie",
  "quality" : 4,
  "att" : 44,
  "def" : 42,
  "hp" : 352,
  "agi" : 42,
  "daiji" : "daiji_jingli",
  "skill" : "1139",
  "eskill" : "1134|1004|1027|1083|1139",
  "top" : 3,
  "bottom" : 2,
  "left" : 1,
  "right" : 1,
  "home" : 2,
  "desc" : "“晓”成员，千代婆婆的孙子，因为丧失父母的痛苦而离家出走，自己把自己改装成了傀儡人造人。",
  "chakra" : "4"
}, {
  "id" : 68,
  "alt" : "迪达拉",
  "xmlfile" : "didala",
  "quality" : 4,
  "att" : 44,
  "def" : 44,
  "hp" : 361,
  "agi" : 43,
  "daiji" : "daiji_paobu",
  "skill" : "1028",
  "eskill" : "1028|1083|1134|1105",
  "top" : 4,
  "bottom" : 1,
  "left" : 4,
  "right" : 1,
  "home" : 5,
  "desc" : "“晓”成员，喋喋不休的话唠，自恋的爆炸艺术家，天天装文艺却根本没有艺术细胞。",
  "chakra" : "4"
}, {
  "id" : 69,
  "alt" : "绝",
  "xmlfile" : "jue",
  "quality" : 4,
  "att" : 46,
  "def" : 42,
  "hp" : 340,
  "agi" : 46,
  "daiji" : "daiji_touxiao",
  "skill" : "1083|1032",
  "eskill" : "1105|1107|1083|1032|1134",
  "top" : 4,
  "bottom" : 2,
  "left" : 1,
  "right" : 3,
  "home" : 1,
  "desc" : "“晓”成员，复制人造人，因为长得像植物外号“芦荟”，黑白两个躯体可以分裂自己陪自己玩。",
  "chakra" : "4"
}, {
  "id" : 70,
  "alt" : "小南",
  "xmlfile" : "xiaonan",
  "quality" : 4,
  "att" : 44,
  "def" : 44,
  "hp" : 353,
  "agi" : 44,
  "daiji" : "daiji_jushou",
  "skill" : "1142",
  "eskill" : "1016|1131|1142|1019|1143",
  "top" : 2,
  "bottom" : 4,
  "left" : 4,
  "right" : 4,
  "home" : 3,
  "desc" : "“晓”里面唯一的软妹子，自来也的徒弟，小清新爱折纸，一心一意跟随长门和弥彦走四方。",
  "chakra" : "3"
}, {
  "id" : 71,
  "alt" : "鬼鲛",
  "xmlfile" : "guijiao",
  "weapon" : "jiaoji",
  "quality" : 4,
  "att" : 46,
  "def" : 44,
  "hp" : 351,
  "agi" : 46,
  "daiji" : "daiji_jingli",
  "skill" : "1141",
  "eskill" : "1030|1106|1031|1135|1141",
  "top" : 4,
  "bottom" : 2,
  "left" : 1,
  "right" : 2,
  "home" : 3,
  "desc" : "“晓”成员，长着一张河豚鲨鱼脸，牙好，胃口也好，身体倍棒吃嘛嘛香，为了保护情报能自杀的烈士。",
  "chakra" : "5"
}, {
  "id" : 72,
  "alt" : "半藏",
  "xmlfile" : "banzang",
  "quality" : 4,
  "att" : 45,
  "def" : 45,
  "hp" : 363,
  "agi" : 45,
  "daiji" : "daiji_paobu",
  "skill" : "1134",
  "eskill" : "1015|1097|1101|1134|1126",
  "top" : 1,
  "bottom" : 2,
  "left" : 2,
  "right" : 3,
  "home" : 3,
  "desc" : "前雨隐村老大，戴口罩是为了不被自己体内的毒臭熏死，传说中的强者，后来被后浪拍死在沙滩上。",
  "chakra" : "1"
}, {
  "id" : 73,
  "alt" : "长十郎",
  "xmlfile" : "changshilang",
  "weapon" : "shuangjian",
  "quality" : 4,
  "att" : 47,
  "def" : 43,
  "hp" : 346,
  "agi" : 47,
  "daiji" : "daiji_touxiao",
  "skill" : "1019",
  "eskill" : "1007|1086|1135|1019|1106",
  "top" : 1,
  "bottom" : 3,
  "left" : 3,
  "right" : 1,
  "home" : 3,
  "desc" : "水之国忍者，腼腆没自信的眼镜男，立志自己的终生使命就是保护美艳的四代水影大人。",
  "chakra" : "5"
}, {
  "id" : 74,
  "alt" : "青",
  "xmlfile" : "qing",
  "quality" : 4,
  "att" : 45,
  "def" : 45,
  "hp" : 361,
  "agi" : 45,
  "daiji" : "daiji_jushou",
  "skill" : "1004",
  "eskill" : "1004|1086|1108|1135|1131",
  "top" : 2,
  "bottom" : 4,
  "left" : 3,
  "right" : 1,
  "home" : 3,
  "desc" : "水之国忍者，话痨唠叨爱说教，从日向家族夺了一只白眼。",
  "chakra" : "5"
}, {
  "id" : 75,
  "alt" : "达鲁伊",
  "xmlfile" : "daluyi",
  "quality" : 4,
  "att" : 48,
  "def" : 44,
  "hp" : 353,
  "agi" : 48,
  "daiji" : "daiji_jingli",
  "skill" : "1035",
  "eskill" : "1143|1035|1107|1145|1126",
  "top" : 4,
  "bottom" : 2,
  "left" : 2,
  "right" : 1,
  "home" : 4,
  "desc" : "个性散漫又怕麻烦，四代雷影的左右手，想做个玩世不恭的花花公子，无奈不是高帅富。",
  "chakra" : "3"
}, {
  "id" : 76,
  "alt" : "团臧",
  "xmlfile" : "tuanzang",
  "quality" : 4,
  "att" : 47,
  "def" : 45,
  "hp" : 358,
  "agi" : 47,
  "daiji" : "daiji_paobu",
  "skill" : "1096",
  "eskill" : "1012|1131|1126|1091|1096",
  "top" : 3,
  "bottom" : 3,
  "left" : 1,
  "right" : 2,
  "home" : 1,
  "desc" : "全身布满了抢夺过来的眼球，使得他一辈子都没交到女朋友，木叶“根”的首领，用黑暗的手段保护着村子。",
  "chakra" : "2"
}, {
  "id" : 77,
  "alt" : "奇拉比",
  "xmlfile" : "qilabi",
  "quality" : 5,
  "att" : 65,
  "def" : 65,
  "hp" : 586,
  "agi" : 65,
  "daiji" : "daiji_touxiao",
  "skill" : "1093|1049",
  "eskill" : "1086|1094|1145|1093|1049|1050|1051|1037",
  "top" : 3,
  "bottom" : 4,
  "left" : 1,
  "right" : 4,
  "home" : 4,
  "desc" : "和体内封印的八尾感情极其之好，明明跑调还十分喜欢说唱乐，说话要么骂人要么唱rap。",
  "chakra" : "3"
}, {
  "id" : 78,
  "alt" : "大蛇·兜",
  "xmlfile" : "dashedou",
  "quality" : 5,
  "att" : 67,
  "def" : 65,
  "hp" : 586,
  "agi" : 67,
  "daiji" : "daiji_jushou",
  "skill" : "1134|1024",
  "eskill" : "1091|1016|1134|1024|1120|1026",
  "top" : 3,
  "bottom" : 3,
  "left" : 1,
  "right" : 1,
  "home" : 1,
  "desc" : "大蛇丸死后兜移植了他的细胞，再加上跟着白蛇仙人修炼，终于变成了蠕动的半人妖，嗜好是玩弄死人。",
  "chakra" : "5"
}, {
  "id" : 79,
  "alt" : "佩恩",
  "xmlfile" : "peien",
  "quality" : 5,
  "att" : 65,
  "def" : 67,
  "hp" : 605,
  "agi" : 65,
  "daiji" : "daiji_jingli",
  "skill" : "1042",
  "eskill" : "1012|1016|1034|1042|1096|1091",
  "top" : 4,
  "bottom" : 1,
  "left" : 3,
  "right" : 3,
  "home" : 3,
  "desc" : "“晓”名义上的老大，自来也的徒弟，其实是一具被拥有轮回眼的长门控制的僵尸，六道术强悍到秒杀木叶全村。",
  "chakra" : "2"
}, {
  "id" : 80,
  "alt" : "仙人·鸣人",
  "xmlfile" : "xianrenmingren",
  "weapon" : "juanzhou",
  "quality" : 5,
  "att" : 65,
  "def" : 67,
  "hp" : 601,
  "agi" : 65,
  "daiji" : "daiji_paobu",
  "skill" : "1001|1039",
  "eskill" : "1001|1123|1039|1125|1100|1080|1081",
  "top" : 1,
  "bottom" : 1,
  "left" : 4,
  "right" : 2,
  "home" : 1,
  "desc" : "跟蛤蟆修炼后获得了仙人之力的鸣人，人生追求已经从“成为火影”变成了“把逃跑的佐助追回来继续搞基”。",
  "chakra" : "2"
}, {
  "id" : 81,
  "alt" : "阿飞",
  "xmlfile" : "afei",
  "quality" : 5,
  "att" : 65,
  "def" : 67,
  "hp" : 603,
  "agi" : 65,
  "daiji" : "daiji_touxiao",
  "skill" : "1148|1036",
  "eskill" : "1012|1108|1087|1148|1036|1109",
  "top" : 3,
  "bottom" : 4,
  "left" : 1,
  "right" : 2,
  "home" : 1,
  "desc" : "虽然表现的性格像个傻缺，却是“晓”的幕后老大，而面具之后的真实身份是……",
  "chakra" : "1"
}, {
  "id" : 82,
  "alt" : "鼬",
  "xmlfile" : "you",
  "quality" : 5,
  "att" : 67,
  "def" : 67,
  "hp" : 606,
  "agi" : 67,
  "daiji" : "daiji_jushou",
  "skill" : "1040|1041",
  "eskill" : "1085|1090|1107|1103|1040|1041",
  "top" : 4,
  "bottom" : 1,
  "left" : 1,
  "right" : 1,
  "home" : 1,
  "desc" : "“晓”成员，为了木叶村的和平杀了自己全族，拥有万花筒写轮眼的天才，不爱爹不爱妈就是爱弟弟。",
  "chakra" : "1"
}, {
  "id" : 83,
  "alt" : "卡卡西",
  "xmlfile" : "kakaxi",
  "quality" : 5,
  "att" : 66,
  "def" : 68,
  "hp" : 614,
  "agi" : 66,
  "daiji" : "daiji_jingli",
  "skill" : "1095|1036",
  "eskill" : "1143|1035|1090|1095|1113|1111|1036",
  "top" : 4,
  "bottom" : 1,
  "left" : 1,
  "right" : 2,
  "home" : 1,
  "desc" : "从同伴那里获得一只写轮眼的天才复制忍者，完美的万人迷，喜欢看色色的【亲热天堂】，特长是睡觉和迟到。",
  "chakra" : "3"
}, {
  "id" : 84,
  "alt" : "凯",
  "xmlfile" : "kai",
  "quality" : 5,
  "att" : 67,
  "def" : 67,
  "hp" : 606,
  "agi" : 67,
  "daiji" : "daiji_paobu",
  "skill" : "1128|1129",
  "eskill" : "1128|1145|1129|1102|1130|1012|1097",
  "top" : 1,
  "bottom" : 1,
  "left" : 4,
  "right" : 4,
  "home" : 1,
  "desc" : "只会体术却实力超牛，热血到疯狂，终身与卡卡西各种竞争，口头禅是：向着热血的青春奔跑吧！",
  "chakra" : "1"
}, {
  "id" : 85,
  "alt" : "银角",
  "xmlfile" : "yinjiao",
  "quality" : 5,
  "att" : 66,
  "def" : 68,
  "hp" : 611,
  "agi" : 66,
  "daiji" : "daiji_touxiao",
  "skill" : "1087",
  "eskill" : "1016|1154|1087|1134|1091|1012",
  "top" : 3,
  "bottom" : 3,
  "left" : 1,
  "right" : 4,
  "home" : 1,
  "desc" : "雷之国传说的叛忍，银角大王转世，常常对哥哥金角撒娇，口头禅：我叫你一声你敢答应么？",
  "chakra" : "2"
}, {
  "id" : 86,
  "alt" : "金角",
  "xmlfile" : "jinjiao",
  "quality" : 5,
  "att" : 71,
  "def" : 65,
  "hp" : 585,
  "agi" : 71,
  "daiji" : "daiji_jushou",
  "skill" : "1088",
  "eskill" : "1016|1035|1088|1107|1096",
  "top" : 1,
  "bottom" : 4,
  "left" : 4,
  "right" : 1,
  "home" : 1,
  "desc" : "雷之国传说的叛忍，金角大王转世，曾经吃过唐僧……哦不对，九尾的肉，对弟弟银角十分宠爱，你懂的。",
  "chakra" : "2"
}, {
  "id" : 87,
  "alt" : "四代风影",
  "xmlfile" : "sidaifengying",
  "quality" : 5,
  "att" : 67,
  "def" : 69,
  "hp" : 622,
  "agi" : 67,
  "daiji" : "daiji_jingli",
  "skill" : "1136",
  "eskill" : "1133|1136|1022|1109|1091",
  "top" : 2,
  "bottom" : 2,
  "left" : 3,
  "right" : 1,
  "home" : 2,
  "desc" : "因为最爱的老婆为了生我爱罗而死，就把气撒在儿子身上，从小到大各种精神虐待。",
  "chakra" : "4"
}, {
  "id" : 88,
  "alt" : "三代雷影",
  "xmlfile" : "sandaileiying",
  "quality" : 5,
  "att" : 70,
  "def" : 66,
  "hp" : 596,
  "agi" : 70,
  "daiji" : "daiji_paobu",
  "skill" : "1096",
  "eskill" : "1035|1145|1096|1093|1109|1012",
  "top" : 2,
  "bottom" : 1,
  "left" : 1,
  "right" : 3,
  "home" : 4,
  "desc" : "身体就是最强的矛和最强的盾，所以经常自相矛盾，唯一的伤疤就是不小心自己被自己戳的。",
  "chakra" : "3"
}, {
  "id" : 89,
  "alt" : "大蛇丸",
  "xmlfile" : "dashewan",
  "quality" : 5,
  "att" : 68,
  "def" : 70,
  "hp" : 637,
  "agi" : 68,
  "daiji" : "daiji_touxiao",
  "skill" : "1024|1119",
  "eskill" : "1016|1023|1134|1024|1120|1026|1147",
  "top" : 1,
  "bottom" : 1,
  "left" : 2,
  "right" : 4,
  "home" : 1,
  "desc" : "原“晓”成员，木叶“三忍”之一，变态天才实验狂，因为气老师偏心眼，变成了人不人蛇不蛇的怪胎。",
  "chakra" : "4"
}, {
  "id" : 90,
  "alt" : "纲手",
  "xmlfile" : "gangshou",
  "quality" : 5,
  "att" : 66,
  "def" : 72,
  "hp" : 647,
  "agi" : 66,
  "daiji" : "daiji_jushou",
  "skill" : "1126|1091",
  "eskill" : "1091|1016|1126|1122|1038|1121|1012",
  "top" : 3,
  "bottom" : 3,
  "left" : 3,
  "right" : 3,
  "home" : 1,
  "desc" : "木叶“三忍”之一，一代火影的孙女，用医疗忍术整容变年轻，爆乳，暴躁外加好赌如命，逢赌必输。",
  "chakra" : "5"
}, {
  "id" : 91,
  "alt" : "自来也",
  "xmlfile" : "zilaiye",
  "quality" : 5,
  "att" : 70,
  "def" : 68,
  "hp" : 617,
  "agi" : 70,
  "daiji" : "daiji_jingli",
  "skill" : "1100|1039",
  "eskill" : "1100|1039|1124|1091|1123",
  "top" : 2,
  "bottom" : 1,
  "left" : 3,
  "right" : 4,
  "home" : 1,
  "desc" : "木叶“三忍”之一，与蛤蟆签订契约的超级大色鬼，人生乐事就是追女、偷窥、写色色的【亲热天堂】小说。",
  "chakra" : "2"
}, {
  "id" : 92,
  "alt" : "照美冥",
  "xmlfile" : "zhaomeiming",
  "quality" : 5,
  "att" : 69,
  "def" : 69,
  "hp" : 625,
  "agi" : 69,
  "daiji" : "daiji_paobu",
  "skill" : "1141",
  "eskill" : "1016|1030|1019|1031|1135|1141",
  "top" : 4,
  "bottom" : 3,
  "left" : 4,
  "right" : 3,
  "home" : 3,
  "desc" : "五代水影，胸大有脑腿长的御姐，性感妖娆，但不知怎么却成了大龄剩女，目前正在寻觅帅哥中。",
  "chakra" : "5"
}, {
  "id" : 93,
  "alt" : "大野木",
  "xmlfile" : "dayemu",
  "quality" : 5,
  "att" : 68,
  "def" : 72,
  "hp" : 653,
  "agi" : 68,
  "daiji" : "daiji_touxiao",
  "skill" : "1028",
  "eskill" : "1028|1091|1109|1110",
  "top" : 2,
  "bottom" : 2,
  "left" : 2,
  "right" : 2,
  "home" : 5,
  "desc" : "三代土影，酒糟鼻的顽固老头子，至于他为什么天天腰疼，他是绝不会告诉你他年轻时的故事……",
  "chakra" : "4"
}, {
  "id" : 94,
  "alt" : "艾",
  "xmlfile" : "ai",
  "quality" : 5,
  "att" : 70,
  "def" : 70,
  "hp" : 635,
  "agi" : 70,
  "daiji" : "daiji_jushou",
  "skill" : "1096",
  "eskill" : "1035|1145|1096|1012|1109",
  "top" : 1,
  "bottom" : 1,
  "left" : 1,
  "right" : 1,
  "home" : 4,
  "desc" : "四代雷影，艾哥纯爷们，铁血真汉子！虽是暴虐破坏狂，却十分重兄弟情义。",
  "chakra" : "3"
}, {
  "id" : 95,
  "alt" : "无",
  "xmlfile" : "wu",
  "quality" : 5,
  "att" : 67,
  "def" : 73,
  "hp" : 658,
  "agi" : 67,
  "daiji" : "daiji_jingli",
  "skill" : "1109",
  "eskill" : "1028|1109|1091|1134|1133",
  "top" : 3,
  "bottom" : 4,
  "left" : 3,
  "right" : 3,
  "home" : 5,
  "desc" : "二代土影,教大野木尘遁的老师，擅长隐形的绷带木乃伊，一碰见二代水影俩人就斗嘴。",
  "chakra" : "4"
}, {
  "id" : 96,
  "alt" : "二代水影",
  "xmlfile" : "erdaishuiying",
  "quality" : 5,
  "att" : 68,
  "def" : 72,
  "hp" : 652,
  "agi" : 68,
  "daiji" : "daiji_paobu",
  "skill" : "1135",
  "eskill" : "1016|1030|1019|1031|1135|1141|1091",
  "top" : 3,
  "bottom" : 3,
  "left" : 2,
  "right" : 4,
  "home" : 3,
  "desc" : "最讨厌别人叫他“小胡子”“飞机头”，性格随便找抽二百五，却拥有和外貌不匹配的实力。",
  "chakra" : "5"
}, {
  "id" : 97,
  "alt" : "风影我爱罗",
  "xmlfile" : "fengyingwoailuo",
  "weapon" : "hulu",
  "quality" : 5,
  "att" : 72,
  "def" : 70,
  "hp" : 617,
  "agi" : 74,
  "daiji" : "daiji_touxiao",
  "skill" : "1136",
  "eskill" : "1012|1133|1136|1052|1054|1053|1014",
  "top" : 4,
  "bottom" : 2,
  "left" : 1,
  "right" : 3,
  "home" : 2,
  "desc" : "成为了五代风影的我爱罗，变成了有爱小闷骚，虽然受到砂之国众多粉丝的崇拜，但心理牵挂的仍是鸣人。",
  "chakra" : "4"
}, {
  "id" : 98,
  "alt" : "带土",
  "xmlfile" : "daitu",
  "quality" : 5,
  "att" : 71,
  "def" : 71,
  "hp" : 672,
  "agi" : 68,
  "daiji" : "daiji_jushou",
  "skill" : "1041",
  "eskill" : "1012|1041|1036|1096|1033|1109|1148",
  "top" : 3,
  "bottom" : 3,
  "left" : 3,
  "right" : 2,
  "home" : 1,
  "desc" : "把一只眼睛送给卡卡西的好哥们，因为一辈子都没跟喜欢的姑娘表白又亲眼看见她挂了，而彻底奔溃到处发泄。",
  "chakra" : "1"
}, {
  "id" : 99,
  "alt" : "水门",
  "xmlfile" : "shuimen",
  "quality" : 6,
  "att" : 97,
  "def" : 106,
  "hp" : 1063,
  "agi" : 97,
  "daiji" : "daiji_jingli",
  "skill" : "1087",
  "eskill" : "1087|1043|1039|1124|1091|1025",
  "top" : 4,
  "bottom" : 4,
  "left" : 4,
  "right" : 4,
  "home" : 1,
  "desc" : "四代火影，鸣人的帅老爹，怕老婆的模范丈夫，使用秘术将九尾封印在儿子体内而早逝。",
  "chakra" : "2"
}, {
  "id" : 100,
  "alt" : "三代火影",
  "xmlfile" : "sandaihuoying",
  "quality" : 6,
  "att" : 97,
  "def" : 106,
  "hp" : 1067,
  "agi" : 97,
  "daiji" : "daiji_paobu",
  "skill" : "1115|1043",
  "eskill" : "1023|1043|1116|1115|1091|1128|1031",
  "top" : 4,
  "bottom" : 1,
  "left" : 1,
  "right" : 3,
  "home" : 1,
  "desc" : "像老爹一样疼爱全村人的老头，尤其是年轻女性，实力强悍的他一碰到“后宫色诱术”立即喷鼻血。",
  "chakra" : "4"
}, {
  "id" : 101,
  "alt" : "扉间",
  "xmlfile" : "feijian",
  "quality" : 6,
  "att" : 102,
  "def" : 104,
  "hp" : 1082,
  "agi" : 98,
  "daiji" : "daiji_touxiao",
  "skill" : "1034",
  "eskill" : "1087|1043|1025|1012|1035|1034|",
  "top" : 4,
  "bottom" : 4,
  "left" : 2,
  "right" : 1,
  "home" : 1,
  "desc" : "二代火影，沉稳老练手黑内敛，政治手段强硬，常常管教粗神经的哥哥，外表总军师实际管家婆。",
  "chakra" : "5"
}, {
  "id" : 102,
  "alt" : "斑",
  "xmlfile" : "ban",
  "quality" : 6,
  "att" : 103,
  "def" : 105,
  "hp" : 1000,
  "agi" : 109,
  "daiji" : "daiji_jushou",
  "skill" : "1132",
  "eskill" : "1109|1096|1110|1128|1134|1012|1090|1132",
  "top" : 2,
  "bottom" : 1,
  "left" : 1,
  "right" : 3,
  "home" : 1,
  "desc" : "宇智波家族最强的忍者，传说中最恐怖的存在，狂傲好战又充满野心，心中比较在意的只有弟弟和柱间。",
  "chakra" : "1"
}, {
  "id" : 103,
  "alt" : "柱间",
  "xmlfile" : "zhujian",
  "quality" : 6,
  "att" : 108,
  "def" : 101,
  "hp" : 1008,
  "agi" : 108,
  "daiji" : "daiji_jingli",
  "skill" : "1140",
  "eskill" : "1126|1091|1140|1091|1012|1035|1031",
  "top" : 2,
  "bottom" : 1,
  "left" : 2,
  "right" : 1,
  "home" : 1,
  "desc" : "初代火影，传说中的大神级人物，与实力不匹配的是性格十分大条和范二，常被弟弟凶，和斑亦敌亦友。",
  "chakra" : "4"
}, {
  "id" : 104,
  "alt" : "六道·带土",
  "xmlfile" : "liudaodaitu",
  "weapon" : "fazhang",
  "quality" : 6,
  "att" : 108,
  "def" : 103,
  "hp" : 1030,
  "agi" : 108,
  "daiji" : "daiji_paobu",
  "skill" : "1137",
  "eskill" : "1012|1091|1024|1137|1146|1132|1147",
  "top" : 1,
  "bottom" : 4,
  "left" : 3,
  "right" : 1,
  "home" : 1,
  "desc" : "吸收了十尾之力的带土，虽然强大却有点脑残，完全没想到可以用秽土转生把心爱的姑娘复活这个办法……",
  "chakra" : "5"
}, {
  "id" : 105,
  "alt" : "万花筒佐助",
  "xmlfile" : "wanhuatongzuozhu",
  "quality" : 6,
  "att" : 108,
  "def" : 105,
  "hp" : 1121,
  "agi" : 101,
  "daiji" : "daiji_touxiao",
  "skill" : "1132",
  "eskill" : "1033|1132|1110|1025|1035",
  "top" : 1,
  "bottom" : 1,
  "left" : 4,
  "right" : 1,
  "home" : 1,
  "desc" : "开了万花筒写轮眼的佐助，从BT恨兄，变成了BT恋兄，接受六道仙人之力后发现自己是因陀罗转世。",
  "chakra" : "3"
}, {
  "id" : 106,
  "alt" : "九尾·鸣人",
  "xmlfile" : "jiuweimingren",
  "quality" : 6,
  "att" : 109,
  "def" : 104,
  "hp" : 1087,
  "agi" : 104,
  "daiji" : "daiji_jushou",
  "skill" : "1150",
  "eskill" : "1045|1100|1150|1124|1079|1082|1080|1081",
  "top" : 3,
  "bottom" : 1,
  "left" : 1,
  "right" : 1,
  "home" : 1,
  "desc" : "与体内的九尾握手言和好到合体的鸣人，接受六道仙人之力后发现自己是阿修罗转世，但是老婆还是没选好娶哪个。",
  "chakra" : "2"
}, {
  "id" : 107,
  "alt" : "六道·斑",
  "xmlfile" : "liudaoban",
  "weapon" : "fazhang",
  "quality" : 6,
  "att" : 111,
  "def" : 104,
  "hp" : 1051,
  "agi" : 111,
  "daiji" : "daiji_jingli",
  "skill" : "1110",
  "eskill" : "1042|1041|1110|1012|1145|1109",
  "top" : 1,
  "bottom" : 1,
  "left" : 1,
  "right" : 1,
  "home" : 1,
  "desc" : "吸收了十尾之力又到处抠人眼睛的斑，已经彻底疯狂了，他的强大只证明一个真理：no zuo no die！",
  "chakra" : "1"
} ]