[ {
  "id" : 1,
  "name" : "第七班",
  "desc" : "鸣人、小樱、佐助同时出阵，战斗中可能触发后援攻击",
  "roles" : "17|18|27",
  "skill" : 2101
}, {
  "id" : 2,
  "name" : "宇智波一族",
  "desc" : "佐助、鼬、带土、斑同时出阵，战斗中攻击提高8%",
  "roles" : "27|82|98|102",
  "alterSelf" : "alter(type=11,when=1,ratios=999;108)"
}, {
  "id" : 3,
  "name" : "第三班",
  "desc" : "天天、小李、宁次同时出阵，战斗中可能触发后援攻击",
  "roles" : "20|26|25",
  "skill" : 2102
}, {
  "id" : 4,
  "name" : "第十班",
  "desc" : "井野、丁次、鹿丸同时出阵，战斗中可能触发后援攻击",
  "roles" : "19|21|28",
  "skill" : 2103
}, {
  "id" : 5,
  "name" : "第八班",
  "desc" : "雏田、犬冢牙、志乃同时出阵，战斗中可能触发后援攻击",
  "roles" : "24|22|23",
  "skill" : 2104
}, {
  "id" : 6,
  "name" : "拉面师生",
  "desc" : "鸣人、伊鲁卡同时出阵，战斗中血量提高5%",
  "roles" : "17|30",
  "alterSelf" : "alter(type=3,when=0,ratios=-5)"
}, {
  "id" : 7,
  "name" : "巡逻二人组",
  "desc" : "木叶守卫、木叶哨兵同时出阵，战斗中攻击提高2%",
  "roles" : "9|10",
  "alterSelf" : "alter(type=11,when=1,ratios=999;102)"
}, {
  "id" : 8,
  "name" : "猿飞一族",
  "desc" : "三代火影、阿斯玛、木叶丸同时出阵，战斗中攻击提高4%",
  "roles" : "100|55|1",
  "alterSelf" : "alter(type=11,when=1,ratios=999;104)"
}, {
  "id" : 9,
  "name" : "老师来了",
  "desc" : "卡卡西、凯、阿斯玛、夕日红同时出阵，战斗中可能触发后援攻击",
  "roles" : "83|84|55|54",
  "skill" : 2105
}, {
  "id" : 10,
  "name" : "砂隐小分队",
  "desc" : "我爱罗、手鞠、勘九郎同时出阵，战斗中可能触发后援攻击",
  "roles" : "40|31|32",
  "skill" : 2106
}, {
  "id" : 11,
  "name" : "特别上忍",
  "desc" : "伊比喜、惠比斯、月光疾风、山城青叶、并足雷同、不知火玄间、御手洗红豆同时出阵，战斗中攻击提高6%",
  "roles" : "33|34|35|36|37|38|39",
  "alterSelf" : "alter(type=11,when=1,ratios=999;106)"
}, {
  "id" : 12,
  "name" : "至死不渝",
  "desc" : "再不斩、白同时出战，战斗中防御提高4%",
  "roles" : "41|42",
  "alterSelf" : "alter(type=12,when=1,ratios=999;104)"
}, {
  "id" : 13,
  "name" : "音忍小队",
  "desc" : "鬼童丸、多由也、左近右近、次郎坊、君麻吕同时出阵，战斗中可能触发后援攻击",
  "roles" : "43|44|45|46|47",
  "skill" : 2107
}, {
  "id" : 14,
  "name" : "我是女生",
  "desc" : "小樱、井野、天天、雏田、手鞠、静音、御手洗红豆、夕日红同时出阵，战斗中敏捷提高8%",
  "roles" : "18|19|20|24|31|29|39|54",
  "alterSelf" : "alter(type=14,when=1,ratios=999;108)"
}, {
  "id" : 15,
  "name" : "木叶十二忍",
  "desc" : "鸣人、小樱、佐助、天天、小李、宁次、井野、丁次、鹿丸、雏田、犬冢牙、志乃同时出阵，战斗中攻击、防御、血量、敏捷分别提高10%",
  "roles" : "17|18|27|20|26|25|19|21|28|24|22|23",
  "alterSelf" : "alter(type=3,when=0,ratios=-10)|alter(type=11,when=1,ratios=999;110)|alter(type=12,when=1,ratios=999;110)|alter(type=14,when=1,ratios=999;110)"
}, {
  "id" : 16,
  "name" : "好对手",
  "desc" : "鸣人、佐助、小李、我爱罗同时出阵，战斗中攻击提高3%",
  "roles" : "17|27|26|40",
  "alterSelf" : "alter(type=11,when=1,ratios=999;103)"
}, {
  "id" : 17,
  "name" : "日向一族",
  "desc" : "雏田、宁次同时出阵，战斗中防御提高4%",
  "roles" : "24|25",
  "alterSelf" : "alter(type=12,when=1,ratios=999;104)"
}, {
  "id" : 18,
  "name" : "火影暗部",
  "desc" : "团臧、佐井、暗部守卫、暗部哨兵同时出阵，战斗中可能触发后援攻击",
  "roles" : "76|48|15|16",
  "skill" : 2108
}, {
  "id" : 19,
  "name" : "打酱油",
  "desc" : "水木、赤铜铠、萨克镫、剑美澄、托斯砧同时出阵，战斗中攻击、防御、血量、敏捷分别提高4%",
  "roles" : "2|11|12|13|14",
  "alterSelf" : "alter(type=3,when=0,ratios=-4)|alter(type=11,when=1,ratios=999;104)|alter(type=12,when=1,ratios=999;104)|alter(type=14,when=1,ratios=999;104)"
}, {
  "id" : 20,
  "name" : "暗恋？",
  "desc" : "雏田、鸣人同时出阵，战斗中防御提高4%",
  "roles" : "24|17",
  "alterSelf" : "alter(type=12,when=1,ratios=999;104)"
}, {
  "id" : 21,
  "name" : "鹰小队",
  "desc" : "佐助、水月、香磷、重吾同时出阵，战斗中血量提高5%",
  "roles" : "27|49|50|51",
  "alterSelf" : "alter(type=3,when=0,ratios=-5)"
}, {
  "id" : 22,
  "name" : "咒印之力",
  "desc" : "咒印佐助、重吾同时出阵，战斗中攻击提高3%",
  "roles" : "53|51",
  "alterSelf" : "alter(type=11,when=1,ratios=999;103)"
}, {
  "id" : 23,
  "name" : "恋人未满",
  "desc" : "夕日红、阿斯玛同时出阵，战斗中防御提高5%",
  "roles" : "54|55",
  "alterSelf" : "alter(type=12,when=1,ratios=999;105)"
}, {
  "id" : 24,
  "name" : "鸣人的恩师",
  "desc" : "伊鲁卡、卡卡西、大和同时出阵，战斗中敏捷提高10%",
  "roles" : "30|83|56",
  "alterSelf" : "alter(type=14,when=1,ratios=999;110)"
}, {
  "id" : 25,
  "name" : "风之国",
  "desc" : "我爱罗、手鞠、勘九郎、蝎、马基、千代婆婆、四代风影同时出阵，战斗中防御提高10%",
  "roles" : "40|31|32|67|57|58|87",
  "alterSelf" : "alter(type=12,when=1,ratios=999;110)"
}, {
  "id" : 26,
  "name" : "傀儡师",
  "desc" : "千代婆婆、蝎、勘九郎同时出阵，战斗中攻击提高4%",
  "roles" : "58|67|32",
  "alterSelf" : "alter(type=11,when=1,ratios=999;104)"
}, {
  "id" : 27,
  "name" : "尾兽人柱力",
  "desc" : "我爱罗、二尾人柱力、三尾人柱力、四尾人柱力、五尾人柱力、六尾人柱力、七尾人柱力、奇拉比、鸣人同时出阵，战斗中攻击、防御、血量、敏捷分别提高10%",
  "roles" : "40|59|60|61|62|63|64|77|17",
  "alterSelf" : "alter(type=3,when=0,ratios=-10)|alter(type=11,when=1,ratios=999;110)|alter(type=12,when=1,ratios=999;110)|alter(type=14,when=1,ratios=999;110)"
}, {
  "id" : 28,
  "name" : "晓",
  "desc" : "阿飞、绝、佩恩、小南、鼬、鬼鲛、大蛇丸、迪达拉、蝎、飞段、角都同时出阵，战斗中攻击提高12%",
  "roles" : "81|69|79|70|82|71|89|68|67|65|66",
  "alterSelf" : "alter(type=11,when=1,ratios=999;112)"
}, {
  "id" : 29,
  "name" : "九尾之力",
  "desc" : "鸣人、仙人鸣人、九尾鸣人同时出阵，战斗中攻击提高8%",
  "roles" : "17|80|106",
  "alterSelf" : "alter(type=11,when=1,ratios=999;108)"
}, {
  "id" : 30,
  "name" : "神秘人",
  "desc" : "阿飞、带土、六道带土同时出阵，防御提高15%",
  "roles" : "81|98|104",
  "alterSelf" : "alter(type=12,when=1,ratios=999;115)"
}, {
  "id" : 31,
  "name" : "宿敌",
  "desc" : "鼬、大蛇丸同时出阵，战斗中敏捷提高8%",
  "roles" : "82|89",
  "alterSelf" : "alter(type=14,when=1,ratios=999;108)"
}, {
  "id" : 32,
  "name" : "雷之国",
  "desc" : "艾、奇拉比、三代雷影、达鲁伊，战斗中敏捷提高13%",
  "roles" : "94|77|88|75",
  "alterSelf" : "alter(type=14,when=1,ratios=999;113)"
}, {
  "id" : 33,
  "name" : "一大拨僵尸",
  "desc" : "无、半藏、二代水影、三代雷影、四代风影、三代火影同时出阵，战斗中可能触发后援攻击",
  "roles" : "95|72|96|88|87|100",
  "skill" : 2109
}, {
  "id" : 34,
  "name" : "火之意志",
  "desc" : "柱间、扉间、三代火影、水门、纲手同时出阵，战斗中攻击提高12%",
  "roles" : "103|101|100|99|90",
  "alterSelf" : "alter(type=11,when=1,ratios=999;112)"
}, {
  "id" : 35,
  "name" : "雾隐七刀众",
  "desc" : "再不斩、水月、鬼鲛同时出阵，战斗中攻击提高4%",
  "roles" : "41|49|71",
  "alterSelf" : "alter(type=11,when=1,ratios=999;104)"
}, {
  "id" : 36,
  "name" : "大蛇",
  "desc" : "大蛇丸、兜、大蛇兜同时出阵，战斗中血量提高5%",
  "roles" : "89|52|78",
  "alterSelf" : "alter(type=3,when=0,ratios=-5)"
}, {
  "id" : 37,
  "name" : "水影团队",
  "desc" : "照美冥、青、长十郎同时出阵，战斗中可能触发后援攻击",
  "roles" : "92|74|73",
  "skill" : 2110
}, {
  "id" : 38,
  "name" : "五影",
  "desc" : "纲手、艾、照美冥、大野木、风影我爱罗同时出阵，战斗中攻击、防御、血量、敏捷分别提高9%",
  "roles" : "90|94|92|93|97",
  "alterSelf" : "alter(type=3,when=0,ratios=-9)|alter(type=11,when=1,ratios=999;109)|alter(type=12,when=1,ratios=999;109)|alter(type=14,when=1,ratios=999;109)"
}, {
  "id" : 39,
  "name" : "三忍",
  "desc" : "自来也、纲手、大蛇丸，战斗中攻击、防御、血量、敏捷分别提高6%",
  "roles" : "91|90|89",
  "alterSelf" : "alter(type=3,when=0,ratios=-6)|alter(type=11,when=1,ratios=999;106)|alter(type=12,when=1,ratios=999;106)|alter(type=14,when=1,ratios=999;106)"
}, {
  "id" : 40,
  "name" : "热血青春",
  "desc" : "小李、凯同时出阵，战斗中攻击提高4%",
  "roles" : "26|84",
  "alterSelf" : "alter(type=11,when=1,ratios=999;104)"
}, {
  "id" : 41,
  "name" : "亲热天堂",
  "desc" : "自来也、卡卡西同时出阵，战斗中血量提高7%",
  "roles" : "91|83",
  "alterSelf" : "alter(type=3,when=0,ratios=-7)"
}, {
  "id" : 42,
  "name" : "同一双眼",
  "desc" : "卡卡西、带土同时出阵，战斗中敏捷提高7%",
  "roles" : "83|98",
  "alterSelf" : "alter(type=14,when=1,ratios=999;107)"
}, {
  "id" : 43,
  "name" : "命运之子",
  "desc" : "佩恩、仙人鸣人同时出阵，战斗中防御提高7%",
  "roles" : "79|80",
  "alterSelf" : "alter(type=12,when=1,ratios=999;107)"
}, {
  "id" : 44,
  "name" : "曾经的团队",
  "desc" : "水门、卡卡西、带土同时出阵，战斗中血量提高10%",
  "roles" : "99|83|98",
  "alterSelf" : "alter(type=3,when=0,ratios=-10)"
}, {
  "id" : 45,
  "name" : "第一代",
  "desc" : "柱间、斑同时出阵，战斗中攻击、防御、血量、敏捷分别提高5%",
  "roles" : "103|102",
  "alterSelf" : "alter(type=3,when=0,ratios=-5)|alter(type=11,when=1,ratios=999;105)|alter(type=12,when=1,ratios=999;105)|alter(type=14,when=1,ratios=999;105)"
}, {
  "id" : 46,
  "name" : "孤独童年",
  "desc" : "鸣人、我爱罗、白、君麻吕同时出阵，战斗中防御提高7%",
  "roles" : "17|40|42|47",
  "alterSelf" : "alter(type=12,when=1,ratios=999;107)"
}, {
  "id" : 47,
  "name" : "御姐",
  "desc" : "夕日红、照美冥、纲手同时出阵，战斗中可能触发后援攻击",
  "roles" : "54|92|90",
  "skill" : 2111
}, {
  "id" : 48,
  "name" : "暗恋同盟",
  "desc" : "雏田、香磷同时出阵，战斗中血量提高4%",
  "roles" : "24|50",
  "alterSelf" : "alter(type=3,when=0,ratios=-4)"
}, {
  "id" : 49,
  "name" : "领便当",
  "desc" : "再不斩、君麻吕、鼬、阿斯玛、佩恩同时出阵，战斗中血量提高10%",
  "roles" : "41|47|82|55|79",
  "alterSelf" : "alter(type=3,when=0,ratios=-10)"
}, {
  "id" : 50,
  "name" : "火影候选",
  "desc" : "团臧、卡卡西、仙人鸣人同时出阵，战斗中防御提高9%",
  "roles" : "76|83|80",
  "alterSelf" : "alter(type=12,when=1,ratios=999;109)"
}, {
  "id" : 51,
  "name" : "尾兽抓捕团",
  "desc" : "迪达拉、蝎、角都、飞段、鼬、鬼鲛同时出阵，战斗中可能触发后援攻击",
  "roles" : "68|67|66|65|82|71",
  "skill" : 2112
}, {
  "id" : 52,
  "name" : "雷影团队",
  "desc" : "艾、奇拉比、达鲁伊同时出阵，战斗中可能触发后援攻击",
  "roles" : "94|77|75",
  "skill" : 2113
}, {
  "id" : 53,
  "name" : "万年保镖",
  "desc" : "达鲁伊、青、长十郎、手鞠、勘九郎同时出阵，战斗中可能触发后援攻击",
  "roles" : "75|74|73|31|32",
  "skill" : 2114
}, {
  "id" : 54,
  "name" : "火影十年",
  "desc" : "鸣人、佐助、仙人鸣人、咒印佐助、九尾鸣人、万花筒佐助同时出阵，战斗中攻击、防御、血量、敏捷分别提高10%",
  "roles" : "17|27|80|53|106|105",
  "alterSelf" : "alter(type=3,when=0,ratios=-10)|alter(type=11,when=1,ratios=999;110)|alter(type=12,when=1,ratios=999;110)|alter(type=14,when=1,ratios=999;110)"
}, {
  "id" : 55,
  "name" : "钻石王老五",
  "desc" : "风影我爱罗、卡卡西、奇拉比同时出阵，战斗中可能触发后援攻击",
  "roles" : "97|83|77",
  "skill" : 2115
}, {
  "id" : 56,
  "name" : "猿人星球",
  "desc" : "三代火影、四尾人柱力同时出阵，战斗中血量提高6%",
  "roles" : "100|61",
  "alterSelf" : "alter(type=3,when=0,ratios=-6)"
}, {
  "id" : 57,
  "name" : "我有坐骑",
  "desc" : "迪达拉、佐井、犬冢牙同时出阵，战斗中敏捷提高5%",
  "roles" : "68|48|22",
  "alterSelf" : "alter(type=14,when=1,ratios=999;105)"
}, {
  "id" : 58,
  "name" : "仙人状态",
  "desc" : "仙人鸣人、大蛇兜同时出阵，战斗中攻击提高5%",
  "roles" : "80|78",
  "alterSelf" : "alter(type=11,when=1,ratios=999;105)"
}, {
  "id" : 59,
  "name" : "老人家",
  "desc" : "三代火影、大野木、团臧、千代婆婆同时出阵，战斗中可能触发后援攻击",
  "roles" : "100|93|76|58",
  "skill" : 2116
}, {
  "id" : 60,
  "name" : "不死之身",
  "desc" : "蝎、角都、佩恩同时出阵，战斗中血量提高6%",
  "roles" : "67|66|79",
  "alterSelf" : "alter(type=3,when=0,ratios=-6)"
}, {
  "id" : 61,
  "name" : "医疗忍者",
  "desc" : "小樱、静音、纲手、兜、千代婆婆、香磷同时出阵，战斗中血量提高8%",
  "roles" : "18|29|90|52|58|50",
  "alterSelf" : "alter(type=3,when=0,ratios=-8)"
}, {
  "id" : 62,
  "name" : "金角银角",
  "desc" : "金角、银角同时出阵，战斗中防御提高7%",
  "roles" : "86|85",
  "alterSelf" : "alter(type=12,when=1,ratios=999;107)"
}, {
  "id" : 63,
  "name" : "一锅丸子",
  "desc" : "木叶丸、鹿丸、鬼童丸、大蛇丸同时出阵，战斗中攻击、防御、血量、敏捷分别提高5%",
  "roles" : "1|28|43|89",
  "alterSelf" : "alter(type=3,when=0,ratios=-5)|alter(type=11,when=1,ratios=999;105)|alter(type=12,when=1,ratios=999;105)|alter(type=14,when=1,ratios=999;105)"
}, {
  "id" : 64,
  "name" : "火影村叛忍",
  "desc" : "大蛇丸、兜、咒印佐助、鼬、水木同时出阵，战斗中可能触发后援攻击",
  "roles" : "89|52|53|82|2",
  "skill" : 2117
}, {
  "id" : 65,
  "name" : "秒杀",
  "desc" : "马基、月光疾风同时出阵，战斗中敏捷提高4%",
  "roles" : "57|35",
  "alterSelf" : "alter(type=14,when=1,ratios=999;104)"
}, {
  "id" : 66,
  "name" : "夺命债",
  "desc" : "佩恩、小南、半藏时出阵，战斗中防御提高8%",
  "roles" : "79|70|72",
  "alterSelf" : "alter(type=12,when=1,ratios=999;108)"
}, {
  "id" : 67,
  "name" : "一代干细胞",
  "desc" : "柱间、六道斑、大蛇丸、大蛇兜同时出阵，战斗中血量提高14%",
  "roles" : "103|107|89|78",
  "alterSelf" : "alter(type=3,when=0,ratios=-14)"
}, {
  "id" : 68,
  "name" : "来去无踪",
  "desc" : "绝、阿飞、水门同时出阵，战斗中敏捷提高10%",
  "roles" : "69|81|99",
  "alterSelf" : "alter(type=14,when=1,ratios=999;110)"
}, {
  "id" : 69,
  "name" : "亲兄弟",
  "desc" : "佐助、鼬、艾、奇拉比同时出阵，战斗中可能触发后援攻击",
  "roles" : "27|82|94|77",
  "skill" : 2118
}, {
  "id" : 70,
  "name" : "风影团队",
  "desc" : "风影我爱罗、手鞠、勘九郎同时出阵，战斗中可能触发后援攻击",
  "roles" : "97|31|32",
  "skill" : 2119
}, {
  "id" : 71,
  "name" : "共赴黄泉",
  "desc" : "无、 二代水影同时出阵，战斗中可能触发后援攻击",
  "roles" : "95|96",
  "skill" : 2120
}, {
  "id" : 72,
  "name" : "师徒之情",
  "desc" : "自来也、佩恩、小南同时出阵，战斗中可能触发后援攻击",
  "roles" : "91|79|70",
  "skill" : 2121
}, {
  "id" : 73,
  "name" : "万花筒",
  "desc" : "万花筒佐助、斑、带土、卡卡西、鼬同时出阵，战斗中可能触发后援攻击",
  "roles" : "105|102|98|83|82",
  "skill" : 2122
}, {
  "id" : 74,
  "name" : "轮回眼",
  "desc" : "佩恩、六道带土、六道斑，战斗中攻击、防御、血量、敏捷分别提高8%",
  "roles" : "79|104|107",
  "alterSelf" : "alter(type=3,when=0,ratios=-8)|alter(type=11,when=1,ratios=999;108)|alter(type=12,when=1,ratios=999;108)|alter(type=14,when=1,ratios=999;108)"
} ]