[ {
  "shopType" : 1,
  "onlyid" : 1,
  "id" : 5423,
  "num" : 20,
  "price" : "<gold|1200>",
  "order" : 1,
  "page" : 1
}, {
  "shopType" : 1,
  "onlyid" : 2,
  "id" : 5423,
  "num" : 5,
  "price" : "<gold|350>",
  "order" : 2,
  "page" : 1
}, {
  "shopType" : 1,
  "onlyid" : 3,
  "id" : 5422,
  "num" : 20,
  "price" : "<gold|350>",
  "order" : 3,
  "page" : 1
}, {
  "shopType" : 1,
  "onlyid" : 4,
  "id" : 5422,
  "num" : 5,
  "price" : "<gold|100>",
  "order" : 4,
  "page" : 1
}, {
  "shopType" : 1,
  "onlyid" : 5,
  "id" : 5427,
  "num" : 10,
  "price" : "<gold|200>",
  "order" : 5,
  "page" : 1
}, {
  "shopType" : 1,
  "onlyid" : 6,
  "id" : 5427,
  "num" : 2,
  "price" : "<gold|40>",
  "order" : 6,
  "page" : 1
}, {
  "shopType" : 1,
  "onlyid" : 7,
  "id" : 5426,
  "num" : 20,
  "price" : "<gold|100>",
  "order" : 7,
  "page" : 1
}, {
  "shopType" : 1,
  "onlyid" : 8,
  "id" : 5426,
  "num" : 5,
  "price" : "<gold|20>",
  "order" : 8,
  "page" : 1
}, {
  "shopType" : 1,
  "onlyid" : 9,
  "id" : 6011,
  "num" : 5,
  "price" : "<gold|200>",
  "order" : 9,
  "page" : 1
}, {
  "shopType" : 1,
  "onlyid" : 10,
  "id" : 5996,
  "num" : 5,
  "price" : "<gold|300>",
  "order" : 10,
  "page" : 1
}, {
  "shopType" : 1,
  "onlyid" : 11,
  "id" : 5997,
  "num" : 5,
  "price" : "<gold|300>",
  "order" : 11,
  "page" : 1
}, {
  "shopType" : 1,
  "onlyid" : 12,
  "id" : 5998,
  "num" : 5,
  "price" : "<gold|300>",
  "order" : 12,
  "page" : 1
}, {
  "shopType" : 1,
  "onlyid" : 13,
  "id" : 5999,
  "num" : 5,
  "price" : "<gold|300>",
  "order" : 13,
  "page" : 1
}, {
  "shopType" : 1,
  "onlyid" : 14,
  "id" : 6008,
  "num" : 1,
  "price" : "<gold|200>",
  "order" : 1,
  "page" : 2
}, {
  "shopType" : 1,
  "onlyid" : 15,
  "id" : 6001,
  "num" : 5,
  "price" : "<gold|25>",
  "order" : 2,
  "page" : 2
}, {
  "shopType" : 1,
  "onlyid" : 16,
  "id" : 6005,
  "num" : 5,
  "price" : "<gold|25>",
  "order" : 3,
  "page" : 2
}, {
  "shopType" : 1,
  "onlyid" : 17,
  "id" : 5062,
  "num" : 1,
  "price" : "<gold|50>",
  "order" : 4,
  "page" : 2
}, {
  "shopType" : 1,
  "onlyid" : 18,
  "id" : 5063,
  "num" : 1,
  "price" : "<gold|300>",
  "order" : 5,
  "page" : 2
}, {
  "shopType" : 1,
  "onlyid" : 19,
  "id" : 6016,
  "num" : 1,
  "price" : "<gold|500>",
  "order" : 6,
  "page" : 2
}, {
  "shopType" : 1,
  "onlyid" : 20,
  "id" : 6017,
  "num" : 1,
  "price" : "<gold|500>",
  "order" : 7,
  "page" : 2
}, {
  "shopType" : 1,
  "onlyid" : 21,
  "id" : 6190,
  "num" : 5,
  "price" : "<gold|800>",
  "order" : 1,
  "page" : 3
}, {
  "shopType" : 1,
  "onlyid" : 22,
  "id" : 6190,
  "num" : 1,
  "price" : "<gold|180>",
  "order" : 2,
  "page" : 3
}, {
  "shopType" : 1,
  "onlyid" : 23,
  "id" : 6191,
  "num" : 5,
  "price" : "<gold|800>",
  "order" : 3,
  "page" : 3
}, {
  "shopType" : 1,
  "onlyid" : 24,
  "id" : 6191,
  "num" : 1,
  "price" : "<gold|180>",
  "order" : 4,
  "page" : 3
}, {
  "shopType" : 1,
  "onlyid" : 25,
  "id" : 6175,
  "num" : 5,
  "price" : "<gold|800>",
  "order" : 5,
  "page" : 3
}, {
  "shopType" : 1,
  "onlyid" : 26,
  "id" : 6175,
  "num" : 1,
  "price" : "<gold|180>",
  "order" : 6,
  "page" : 3
}, {
  "shopType" : 3,
  "onlyid" : 1,
  "id" : 6177,
  "num" : 5,
  "price" : "<coin|1000>",
  "order" : 1
}, {
  "shopType" : 3,
  "onlyid" : 2,
  "id" : 6178,
  "num" : 5,
  "price" : "<coin|1000>",
  "order" : 2
}, {
  "shopType" : 3,
  "onlyid" : 3,
  "id" : 6010,
  "num" : 1,
  "price" : "<coin|1000>",
  "order" : 3
}, {
  "shopType" : 3,
  "onlyid" : 4,
  "id" : 6007,
  "num" : 1,
  "price" : "<coin|500>",
  "order" : 4
}, {
  "shopType" : 3,
  "onlyid" : 5,
  "id" : 6011,
  "num" : 20,
  "price" : "<coin|100>",
  "order" : 5
}, {
  "shopType" : 3,
  "onlyid" : 6,
  "id" : 5064,
  "num" : 1,
  "price" : "<coin|500>",
  "order" : 6
}, {
  "shopType" : 3,
  "onlyid" : 7,
  "id" : 5063,
  "num" : 1,
  "price" : "<coin|200>",
  "order" : 7
}, {
  "shopType" : 3,
  "onlyid" : 8,
  "id" : 5062,
  "num" : 1,
  "price" : "<coin|100>",
  "order" : 8
}, {
  "shopType" : 3,
  "onlyid" : 9,
  "id" : 5081,
  "num" : 1,
  "price" : "<coin|5>",
  "order" : 9
}, {
  "shopType" : 3,
  "onlyid" : 10,
  "id" : 5082,
  "num" : 1,
  "price" : "<coin|25>",
  "order" : 10
}, {
  "shopType" : 3,
  "onlyid" : 11,
  "id" : 5083,
  "num" : 1,
  "price" : "<coin|75>",
  "order" : 11
}, {
  "shopType" : 3,
  "onlyid" : 12,
  "id" : 5084,
  "num" : 1,
  "price" : "<coin|225>",
  "order" : 12
}, {
  "shopType" : 4,
  "onlyid" : 1,
  "id" : 6124,
  "num" : 100,
  "price" : "<arenapoint|70000>",
  "order" : 1
}, {
  "shopType" : 4,
  "onlyid" : 2,
  "id" : 6173,
  "num" : 70,
  "price" : "<arenapoint|35000>",
  "order" : 2
}, {
  "shopType" : 4,
  "onlyid" : 3,
  "id" : 6174,
  "num" : 70,
  "price" : "<arenapoint|35000>",
  "order" : 3
}, {
  "shopType" : 4,
  "onlyid" : 4,
  "id" : 5055,
  "num" : 1,
  "price" : "<arenapoint|6000>",
  "order" : 4
}, {
  "shopType" : 4,
  "onlyid" : 5,
  "id" : 6009,
  "num" : 1,
  "price" : "<arenapoint|2000>",
  "order" : 5
}, {
  "shopType" : 4,
  "onlyid" : 6,
  "id" : 6011,
  "num" : 10,
  "price" : "<arenapoint|500>",
  "order" : 6
}, {
  "shopType" : 4,
  "onlyid" : 7,
  "id" : 5996,
  "num" : 5,
  "price" : "<arenapoint|1000>",
  "order" : 7
}, {
  "shopType" : 4,
  "onlyid" : 8,
  "id" : 5997,
  "num" : 5,
  "price" : "<arenapoint|1000>",
  "order" : 8
}, {
  "shopType" : 4,
  "onlyid" : 9,
  "id" : 5998,
  "num" : 5,
  "price" : "<arenapoint|1000>",
  "order" : 9
}, {
  "shopType" : 4,
  "onlyid" : 10,
  "id" : 5999,
  "num" : 5,
  "price" : "<arenapoint|1000>",
  "order" : 10
} ]