[ {
  "shopType" : 1,
  "id" : 5081,
  "weight" : 6791,
  "minprice" : "<silver|4500>",
  "maxprice" : "<silver|6000>"
}, {
  "shopType" : 1,
  "id" : 5082,
  "weight" : 3395,
  "minprice" : "<silver|9000>",
  "maxprice" : "<silver|12000>"
}, {
  "shopType" : 1,
  "id" : 5073,
  "weight" : 340,
  "minprice" : "<gold|90>",
  "maxprice" : "<gold|120>"
}, {
  "shopType" : 1,
  "id" : 5072,
  "weight" : 679,
  "minprice" : "<silver|45000>",
  "maxprice" : "<silver|60000>"
}, {
  "shopType" : 1,
  "id" : 5071,
  "weight" : 6791,
  "minprice" : "<silver|4500>",
  "maxprice" : "<silver|6000>"
}, {
  "shopType" : 1,
  "id" : 4087,
  "weight" : 679,
  "minprice" : "<gold|45>",
  "maxprice" : "<gold|60>"
}, {
  "shopType" : 1,
  "id" : 4103,
  "weight" : 679,
  "minprice" : "<gold|45>",
  "maxprice" : "<gold|60>"
}, {
  "shopType" : 1,
  "id" : 4108,
  "weight" : 679,
  "minprice" : "<gold|45>",
  "maxprice" : "<gold|60>"
}, {
  "shopType" : 1,
  "id" : 4126,
  "weight" : 679,
  "minprice" : "<gold|45>",
  "maxprice" : "<gold|60>"
}, {
  "shopType" : 1,
  "id" : 4129,
  "weight" : 679,
  "minprice" : "<gold|45>",
  "maxprice" : "<gold|60>"
}, {
  "shopType" : 1,
  "id" : 4134,
  "weight" : 679,
  "minprice" : "<gold|45>",
  "maxprice" : "<gold|60>"
}, {
  "shopType" : 1,
  "id" : 4139,
  "weight" : 679,
  "minprice" : "<gold|45>",
  "maxprice" : "<gold|60>"
}, {
  "shopType" : 1,
  "id" : 4141,
  "weight" : 679,
  "minprice" : "<gold|45>",
  "maxprice" : "<gold|60>"
}, {
  "shopType" : 1,
  "id" : 4148,
  "weight" : 679,
  "minprice" : "<gold|45>",
  "maxprice" : "<gold|60>"
}, {
  "shopType" : 1,
  "id" : 4151,
  "weight" : 679,
  "minprice" : "<gold|45>",
  "maxprice" : "<gold|60>"
}, {
  "shopType" : 1,
  "id" : 4152,
  "weight" : 679,
  "minprice" : "<gold|45>",
  "maxprice" : "<gold|60>"
}, {
  "shopType" : 1,
  "id" : 4156,
  "weight" : 679,
  "minprice" : "<gold|45>",
  "maxprice" : "<gold|60>"
}, {
  "shopType" : 1,
  "id" : 4161,
  "weight" : 679,
  "minprice" : "<gold|45>",
  "maxprice" : "<gold|60>"
}, {
  "shopType" : 1,
  "id" : 4166,
  "weight" : 679,
  "minprice" : "<gold|45>",
  "maxprice" : "<gold|60>"
}, {
  "shopType" : 1,
  "id" : 4170,
  "weight" : 679,
  "minprice" : "<gold|45>",
  "maxprice" : "<gold|60>"
}, {
  "shopType" : 1,
  "id" : 5062,
  "weight" : 679,
  "minprice" : "<gold|45>",
  "maxprice" : "<gold|60>"
}, {
  "shopType" : 1,
  "id" : 6102,
  "weight" : 6791,
  "minprice" : "<silver|4500>",
  "maxprice" : "<silver|6000>"
}, {
  "shopType" : 1,
  "id" : 6103,
  "weight" : 6791,
  "minprice" : "<silver|4500>",
  "maxprice" : "<silver|6000>"
}, {
  "shopType" : 1,
  "id" : 6104,
  "weight" : 6791,
  "minprice" : "<silver|4500>",
  "maxprice" : "<silver|6000>"
}, {
  "shopType" : 1,
  "id" : 6105,
  "weight" : 6791,
  "minprice" : "<silver|4500>",
  "maxprice" : "<silver|6000>"
}, {
  "shopType" : 1,
  "id" : 6106,
  "weight" : 1698,
  "minprice" : "<gold|18>",
  "maxprice" : "<gold|24>"
}, {
  "shopType" : 1,
  "id" : 6107,
  "weight" : 1698,
  "minprice" : "<gold|18>",
  "maxprice" : "<gold|24>"
}, {
  "shopType" : 1,
  "id" : 6108,
  "weight" : 1698,
  "minprice" : "<gold|18>",
  "maxprice" : "<gold|24>"
}, {
  "shopType" : 1,
  "id" : 6109,
  "weight" : 1698,
  "minprice" : "<gold|18>",
  "maxprice" : "<gold|24>"
}, {
  "shopType" : 1,
  "id" : 6110,
  "weight" : 1698,
  "minprice" : "<gold|18>",
  "maxprice" : "<gold|24>"
}, {
  "shopType" : 1,
  "id" : 6111,
  "weight" : 1698,
  "minprice" : "<gold|18>",
  "maxprice" : "<gold|24>"
}, {
  "shopType" : 1,
  "id" : 6112,
  "weight" : 1698,
  "minprice" : "<gold|18>",
  "maxprice" : "<gold|24>"
}, {
  "shopType" : 1,
  "id" : 6113,
  "weight" : 1698,
  "minprice" : "<gold|18>",
  "maxprice" : "<gold|24>"
}, {
  "shopType" : 1,
  "id" : 6114,
  "weight" : 1698,
  "minprice" : "<gold|18>",
  "maxprice" : "<gold|24>"
}, {
  "shopType" : 1,
  "id" : 6115,
  "weight" : 1698,
  "minprice" : "<gold|18>",
  "maxprice" : "<gold|24>"
}, {
  "shopType" : 1,
  "id" : 6116,
  "weight" : 1698,
  "minprice" : "<gold|18>",
  "maxprice" : "<gold|24>"
}, {
  "shopType" : 1,
  "id" : 6001,
  "weight" : 1132,
  "minprice" : "<gold|27>",
  "maxprice" : "<gold|36>"
}, {
  "shopType" : 1,
  "id" : 6006,
  "weight" : 1698,
  "minprice" : "<gold|18>",
  "maxprice" : "<gold|24>"
}, {
  "shopType" : 1,
  "id" : 6007,
  "weight" : 170,
  "minprice" : "<gold|180>",
  "maxprice" : "<gold|240>"
}, {
  "shopType" : 1,
  "id" : 6008,
  "weight" : 85,
  "minprice" : "<gold|360>",
  "maxprice" : "<gold|480>"
}, {
  "shopType" : 1,
  "id" : 6014,
  "weight" : 3395,
  "minprice" : "<silver|9000>",
  "maxprice" : "<silver|12000>"
}, {
  "shopType" : 1,
  "id" : 6015,
  "weight" : 3395,
  "minprice" : "<silver|9000>",
  "maxprice" : "<silver|12000>"
}, {
  "shopType" : 1,
  "id" : 6012,
  "weight" : 6791,
  "minprice" : "<silver|4500>",
  "maxprice" : "<silver|6000>"
}, {
  "shopType" : 1,
  "id" : 6013,
  "weight" : 6791,
  "minprice" : "<silver|4500>",
  "maxprice" : "<silver|6000>"
}, {
  "shopType" : 1,
  "id" : 5995,
  "weight" : 485,
  "minprice" : "<gold|50>",
  "maxprice" : "<gold|50>"
}, {
  "shopType" : 2,
  "id" : 6106,
  "weight" : 4058,
  "minprice" : "<gold|18>",
  "maxprice" : "<gold|24>"
}, {
  "shopType" : 2,
  "id" : 6107,
  "weight" : 4058,
  "minprice" : "<gold|18>",
  "maxprice" : "<gold|24>"
}, {
  "shopType" : 2,
  "id" : 6108,
  "weight" : 4058,
  "minprice" : "<gold|18>",
  "maxprice" : "<gold|24>"
}, {
  "shopType" : 2,
  "id" : 6109,
  "weight" : 4058,
  "minprice" : "<gold|18>",
  "maxprice" : "<gold|24>"
}, {
  "shopType" : 2,
  "id" : 6110,
  "weight" : 4058,
  "minprice" : "<gold|18>",
  "maxprice" : "<gold|24>"
}, {
  "shopType" : 2,
  "id" : 6111,
  "weight" : 4058,
  "minprice" : "<gold|18>",
  "maxprice" : "<gold|24>"
}, {
  "shopType" : 2,
  "id" : 6112,
  "weight" : 4058,
  "minprice" : "<gold|18>",
  "maxprice" : "<gold|24>"
}, {
  "shopType" : 2,
  "id" : 6113,
  "weight" : 4058,
  "minprice" : "<gold|18>",
  "maxprice" : "<gold|24>"
}, {
  "shopType" : 2,
  "id" : 6114,
  "weight" : 4058,
  "minprice" : "<gold|18>",
  "maxprice" : "<gold|24>"
}, {
  "shopType" : 2,
  "id" : 6115,
  "weight" : 4058,
  "minprice" : "<gold|18>",
  "maxprice" : "<gold|24>"
}, {
  "shopType" : 2,
  "id" : 6116,
  "weight" : 4058,
  "minprice" : "<gold|18>",
  "maxprice" : "<gold|24>"
}, {
  "shopType" : 2,
  "id" : 5072,
  "weight" : 4058,
  "minprice" : "<gold|18>",
  "maxprice" : "<gold|24>"
}, {
  "shopType" : 2,
  "id" : 4087,
  "weight" : 1623,
  "minprice" : "<gold|45>",
  "maxprice" : "<gold|60>"
}, {
  "shopType" : 2,
  "id" : 4103,
  "weight" : 1623,
  "minprice" : "<gold|45>",
  "maxprice" : "<gold|60>"
}, {
  "shopType" : 2,
  "id" : 4108,
  "weight" : 1623,
  "minprice" : "<gold|45>",
  "maxprice" : "<gold|60>"
}, {
  "shopType" : 2,
  "id" : 4126,
  "weight" : 1623,
  "minprice" : "<gold|45>",
  "maxprice" : "<gold|60>"
}, {
  "shopType" : 2,
  "id" : 4129,
  "weight" : 1623,
  "minprice" : "<gold|45>",
  "maxprice" : "<gold|60>"
}, {
  "shopType" : 2,
  "id" : 4134,
  "weight" : 1623,
  "minprice" : "<gold|45>",
  "maxprice" : "<gold|60>"
}, {
  "shopType" : 2,
  "id" : 4139,
  "weight" : 1623,
  "minprice" : "<gold|45>",
  "maxprice" : "<gold|60>"
}, {
  "shopType" : 2,
  "id" : 4141,
  "weight" : 1623,
  "minprice" : "<gold|45>",
  "maxprice" : "<gold|60>"
}, {
  "shopType" : 2,
  "id" : 4148,
  "weight" : 1623,
  "minprice" : "<gold|45>",
  "maxprice" : "<gold|60>"
}, {
  "shopType" : 2,
  "id" : 4151,
  "weight" : 1623,
  "minprice" : "<gold|45>",
  "maxprice" : "<gold|60>"
}, {
  "shopType" : 2,
  "id" : 4152,
  "weight" : 1623,
  "minprice" : "<gold|45>",
  "maxprice" : "<gold|60>"
}, {
  "shopType" : 2,
  "id" : 4156,
  "weight" : 1623,
  "minprice" : "<gold|45>",
  "maxprice" : "<gold|60>"
}, {
  "shopType" : 2,
  "id" : 4161,
  "weight" : 1623,
  "minprice" : "<gold|45>",
  "maxprice" : "<gold|60>"
}, {
  "shopType" : 2,
  "id" : 4166,
  "weight" : 1623,
  "minprice" : "<gold|45>",
  "maxprice" : "<gold|60>"
}, {
  "shopType" : 2,
  "id" : 4170,
  "weight" : 1623,
  "minprice" : "<gold|45>",
  "maxprice" : "<gold|60>"
}, {
  "shopType" : 2,
  "id" : 5062,
  "weight" : 1623,
  "minprice" : "<gold|45>",
  "maxprice" : "<gold|60>"
}, {
  "shopType" : 2,
  "id" : 5073,
  "weight" : 812,
  "minprice" : "<gold|90>",
  "maxprice" : "<gold|120>"
}, {
  "shopType" : 2,
  "id" : 6117,
  "weight" : 812,
  "minprice" : "<gold|90>",
  "maxprice" : "<gold|120>"
}, {
  "shopType" : 2,
  "id" : 6118,
  "weight" : 812,
  "minprice" : "<gold|90>",
  "maxprice" : "<gold|120>"
}, {
  "shopType" : 2,
  "id" : 6119,
  "weight" : 812,
  "minprice" : "<gold|90>",
  "maxprice" : "<gold|120>"
}, {
  "shopType" : 2,
  "id" : 6120,
  "weight" : 812,
  "minprice" : "<gold|90>",
  "maxprice" : "<gold|120>"
}, {
  "shopType" : 2,
  "id" : 6121,
  "weight" : 812,
  "minprice" : "<gold|90>",
  "maxprice" : "<gold|120>"
}, {
  "shopType" : 2,
  "id" : 6122,
  "weight" : 812,
  "minprice" : "<gold|90>",
  "maxprice" : "<gold|120>"
}, {
  "shopType" : 2,
  "id" : 6123,
  "weight" : 68,
  "minprice" : "<gold|1080>",
  "maxprice" : "<gold|1440>"
}, {
  "shopType" : 2,
  "id" : 6124,
  "weight" : 68,
  "minprice" : "<gold|1080>",
  "maxprice" : "<gold|1440>"
}, {
  "shopType" : 2,
  "id" : 4001,
  "weight" : 271,
  "minprice" : "<gold|270>",
  "maxprice" : "<gold|360>"
}, {
  "shopType" : 2,
  "id" : 4025,
  "weight" : 271,
  "minprice" : "<gold|270>",
  "maxprice" : "<gold|360>"
}, {
  "shopType" : 2,
  "id" : 4043,
  "weight" : 271,
  "minprice" : "<gold|270>",
  "maxprice" : "<gold|360>"
}, {
  "shopType" : 2,
  "id" : 4045,
  "weight" : 271,
  "minprice" : "<gold|270>",
  "maxprice" : "<gold|360>"
}, {
  "shopType" : 2,
  "id" : 4091,
  "weight" : 271,
  "minprice" : "<gold|270>",
  "maxprice" : "<gold|360>"
}, {
  "shopType" : 2,
  "id" : 4100,
  "weight" : 271,
  "minprice" : "<gold|270>",
  "maxprice" : "<gold|360>"
}, {
  "shopType" : 2,
  "id" : 4109,
  "weight" : 271,
  "minprice" : "<gold|270>",
  "maxprice" : "<gold|360>"
}, {
  "shopType" : 2,
  "id" : 4128,
  "weight" : 271,
  "minprice" : "<gold|270>",
  "maxprice" : "<gold|360>"
}, {
  "shopType" : 2,
  "id" : 4130,
  "weight" : 271,
  "minprice" : "<gold|270>",
  "maxprice" : "<gold|360>"
}, {
  "shopType" : 2,
  "id" : 4147,
  "weight" : 271,
  "minprice" : "<gold|270>",
  "maxprice" : "<gold|360>"
}, {
  "shopType" : 2,
  "id" : 4148,
  "weight" : 271,
  "minprice" : "<gold|270>",
  "maxprice" : "<gold|360>"
}, {
  "shopType" : 2,
  "id" : 4155,
  "weight" : 271,
  "minprice" : "<gold|270>",
  "maxprice" : "<gold|360>"
}, {
  "shopType" : 2,
  "id" : 4165,
  "weight" : 271,
  "minprice" : "<gold|270>",
  "maxprice" : "<gold|360>"
}, {
  "shopType" : 2,
  "id" : 4169,
  "weight" : 271,
  "minprice" : "<gold|270>",
  "maxprice" : "<gold|360>"
}, {
  "shopType" : 2,
  "id" : 5063,
  "weight" : 271,
  "minprice" : "<gold|270>",
  "maxprice" : "<gold|360>"
}, {
  "shopType" : 2,
  "id" : 5083,
  "weight" : 1623,
  "minprice" : "<gold|45>",
  "maxprice" : "<gold|60>"
}, {
  "shopType" : 2,
  "id" : 6007,
  "weight" : 406,
  "minprice" : "<gold|180>",
  "maxprice" : "<gold|240>"
}, {
  "shopType" : 2,
  "id" : 6008,
  "weight" : 203,
  "minprice" : "<gold|360>",
  "maxprice" : "<gold|480>"
}, {
  "shopType" : 2,
  "id" : 6002,
  "weight" : 1623,
  "minprice" : "<gold|45>",
  "maxprice" : "<gold|60>"
}, {
  "shopType" : 2,
  "id" : 6009,
  "weight" : 135,
  "minprice" : "<gold|540>",
  "maxprice" : "<gold|720>"
}, {
  "shopType" : 2,
  "id" : 6010,
  "weight" : 101,
  "minprice" : "<gold|720>",
  "maxprice" : "<gold|960>"
}, {
  "shopType" : 2,
  "id" : 6016,
  "weight" : 1623,
  "minprice" : "<gold|45>",
  "maxprice" : "<gold|60>"
}, {
  "shopType" : 2,
  "id" : 6017,
  "weight" : 1623,
  "minprice" : "<gold|45>",
  "maxprice" : "<gold|60>"
}, {
  "shopType" : 2,
  "id" : 5995,
  "weight" : 1623,
  "minprice" : "<gold|50>",
  "maxprice" : "<gold|50>"
}, {
  "shopType" : 2,
  "id" : 5996,
  "weight" : 1623,
  "minprice" : "<gold|50>",
  "maxprice" : "<gold|50>"
}, {
  "shopType" : 2,
  "id" : 5997,
  "weight" : 1623,
  "minprice" : "<gold|50>",
  "maxprice" : "<gold|50>"
}, {
  "shopType" : 2,
  "id" : 5998,
  "weight" : 1623,
  "minprice" : "<gold|50>",
  "maxprice" : "<gold|50>"
}, {
  "shopType" : 2,
  "id" : 5999,
  "weight" : 1623,
  "minprice" : "<gold|50>",
  "maxprice" : "<gold|50>"
}, {
  "shopType" : 3,
  "id" : 6106,
  "weight" : 5133,
  "minprice" : "<gold|20>",
  "maxprice" : "<gold|20>"
}, {
  "shopType" : 3,
  "id" : 6107,
  "weight" : 5133,
  "minprice" : "<gold|20>",
  "maxprice" : "<gold|20>"
}, {
  "shopType" : 3,
  "id" : 6108,
  "weight" : 5133,
  "minprice" : "<gold|20>",
  "maxprice" : "<gold|20>"
}, {
  "shopType" : 3,
  "id" : 6109,
  "weight" : 5133,
  "minprice" : "<gold|20>",
  "maxprice" : "<gold|20>"
}, {
  "shopType" : 3,
  "id" : 6110,
  "weight" : 5133,
  "minprice" : "<gold|20>",
  "maxprice" : "<gold|20>"
}, {
  "shopType" : 3,
  "id" : 6111,
  "weight" : 5133,
  "minprice" : "<gold|20>",
  "maxprice" : "<gold|20>"
}, {
  "shopType" : 3,
  "id" : 6112,
  "weight" : 5133,
  "minprice" : "<gold|20>",
  "maxprice" : "<gold|20>"
}, {
  "shopType" : 3,
  "id" : 6113,
  "weight" : 5133,
  "minprice" : "<gold|20>",
  "maxprice" : "<gold|20>"
}, {
  "shopType" : 3,
  "id" : 6114,
  "weight" : 5133,
  "minprice" : "<gold|20>",
  "maxprice" : "<gold|20>"
}, {
  "shopType" : 3,
  "id" : 6115,
  "weight" : 5133,
  "minprice" : "<gold|20>",
  "maxprice" : "<gold|20>"
}, {
  "shopType" : 3,
  "id" : 6116,
  "weight" : 5133,
  "minprice" : "<gold|20>",
  "maxprice" : "<gold|20>"
}, {
  "shopType" : 3,
  "id" : 5072,
  "weight" : 5133,
  "minprice" : "<gold|20>",
  "maxprice" : "<gold|20>"
}, {
  "shopType" : 3,
  "id" : 6117,
  "weight" : 1027,
  "minprice" : "<gold|20>",
  "maxprice" : "<gold|20>"
}, {
  "shopType" : 3,
  "id" : 6118,
  "weight" : 1027,
  "minprice" : "<gold|20>",
  "maxprice" : "<gold|20>"
}, {
  "shopType" : 3,
  "id" : 6119,
  "weight" : 1027,
  "minprice" : "<gold|20>",
  "maxprice" : "<gold|20>"
}, {
  "shopType" : 3,
  "id" : 6120,
  "weight" : 1027,
  "minprice" : "<gold|20>",
  "maxprice" : "<gold|20>"
}, {
  "shopType" : 3,
  "id" : 6121,
  "weight" : 1027,
  "minprice" : "<gold|20>",
  "maxprice" : "<gold|20>"
}, {
  "shopType" : 3,
  "id" : 6122,
  "weight" : 1027,
  "minprice" : "<gold|20>",
  "maxprice" : "<gold|20>"
}, {
  "shopType" : 3,
  "id" : 5073,
  "weight" : 1027,
  "minprice" : "<gold|20>",
  "maxprice" : "<gold|20>"
}, {
  "shopType" : 3,
  "id" : 5061,
  "weight" : 3422,
  "minprice" : "<gold|20>",
  "maxprice" : "<gold|20>"
}, {
  "shopType" : 3,
  "id" : 5062,
  "weight" : 2053,
  "minprice" : "<gold|20>",
  "maxprice" : "<gold|20>"
}, {
  "shopType" : 3,
  "id" : 6006,
  "weight" : 5133,
  "minprice" : "<gold|20>",
  "maxprice" : "<gold|20>"
}, {
  "shopType" : 3,
  "id" : 6007,
  "weight" : 513,
  "minprice" : "<gold|20>",
  "maxprice" : "<gold|20>",
  "overflow" : 1
}, {
  "shopType" : 3,
  "id" : 6008,
  "weight" : 257,
  "minprice" : "<gold|20>",
  "maxprice" : "<gold|20>",
  "overflow" : 1
}, {
  "shopType" : 3,
  "id" : 6011,
  "weight" : 2053,
  "minprice" : "<gold|20>",
  "maxprice" : "<gold|20>"
}, {
  "shopType" : 3,
  "id" : 6001,
  "weight" : 3422,
  "minprice" : "<gold|20>",
  "maxprice" : "<gold|20>"
}, {
  "shopType" : 3,
  "id" : 6016,
  "weight" : 2053,
  "minprice" : "<gold|20>",
  "maxprice" : "<gold|20>"
}, {
  "shopType" : 3,
  "id" : 6017,
  "weight" : 2053,
  "minprice" : "<gold|20>",
  "maxprice" : "<gold|20>"
}, {
  "shopType" : 3,
  "id" : 5995,
  "weight" : 2053,
  "minprice" : "<gold|20>",
  "maxprice" : "<gold|20>",
  "overflow" : 1
}, {
  "shopType" : 3,
  "id" : 5996,
  "weight" : 2053,
  "minprice" : "<gold|20>",
  "maxprice" : "<gold|20>",
  "overflow" : 1
}, {
  "shopType" : 3,
  "id" : 5997,
  "weight" : 2053,
  "minprice" : "<gold|20>",
  "maxprice" : "<gold|20>",
  "overflow" : 1
}, {
  "shopType" : 3,
  "id" : 5998,
  "weight" : 2053,
  "minprice" : "<gold|20>",
  "maxprice" : "<gold|20>",
  "overflow" : 1
}, {
  "shopType" : 3,
  "id" : 5999,
  "weight" : 2053,
  "minprice" : "<gold|20>",
  "maxprice" : "<gold|20>",
  "overflow" : 1
}, {
  "shopType" : 4,
  "id" : 5385,
  "weight" : 15079,
  "minprice" : "<gold|180>",
  "maxprice" : "<gold|180>"
} ]