[ {
  "id" : -1,
  "text" : "未知错误"
}, {
  "id" : 1,
  "text" : "今天会抓到谁呢？？？"
}, {
  "id" : 2,
  "text" : "几百个忍者呢，不会抓到我吧……"
}, {
  "id" : 3,
  "text" : "我举报！四代躲在我后面呢！"
}, {
  "id" : 4,
  "text" : "百分之一的几率啊，不会轮到我的"
}, {
  "id" : 5,
  "text" : "我躲~我躲~我再躲^O^"
}, {
  "id" : 6,
  "text" : "谁被抓到谁请客！"
}, {
  "id" : 7,
  "text" : "昨天丁次被抓，超重又掉下来了:)"
}, {
  "id" : 8,
  "text" : "救命啊！不要来抓我！"
}, {
  "id" : 9,
  "text" : "抓钩什么的最可怕了……"
}, {
  "id" : 10,
  "text" : "您们去抓斑嘛……放过我们吧"
}, {
  "id" : 11,
  "text" : "太安静了……呦…呦…切克闹"
}, {
  "id" : 12,
  "text" : "据说有的A级忍者会挣脱之术哦"
}, {
  "id" : 13,
  "text" : "钩子下来的时候把小李挂上去^O^"
}, {
  "id" : 14,
  "text" : "好惨啊……抓钩还有免费次数呢"
}, {
  "id" : 15,
  "text" : "不知道影分身会不会被抓上去？"
}, {
  "id" : 16,
  "text" : "嘘……小声点……要被发现了！"
}, {
  "id" : 17,
  "text" : "谁这么吵阿，一直说话！"
}, {
  "id" : 18,
  "text" : "被抓走的S级忍者越来越多了-_-！"
}, {
  "id" : 19,
  "text" : "别以为躲在我背后就不会被抓-_-"
}, {
  "id" : 20,
  "text" : "太无聊了……来抓我吧！"
}, {
  "id" : 21,
  "text" : "我想出去~~这里空气太差了！"
}, {
  "id" : 48,
  "text" : "您的奖励未入包"
}, {
  "id" : 100,
  "text" : "挑战关卡未入包"
}, {
  "id" : 101,
  "text" : "扫荡未入包"
}, {
  "id" : 102,
  "text" : "VIP奖励未入包"
}, {
  "id" : 103,
  "text" : "夺宝未入包"
}, {
  "id" : 104,
  "text" : "上忍考试未入包"
}, {
  "id" : 994,
  "text" : "您的装备不足"
}, {
  "id" : 995,
  "text" : "您的道具不足"
}, {
  "id" : 996,
  "text" : "您的材料不足"
}, {
  "id" : 997,
  "text" : "装备栏已满，请清理"
}, {
  "id" : 998,
  "text" : "道具栏已满，请清理"
}, {
  "id" : 999,
  "text" : "材料栏已满，请清理"
}, {
  "id" : 1000,
  "text" : "背包已满，请清理"
}, {
  "id" : 1001,
  "text" : "服务器正在维护中"
}, {
  "id" : 1002,
  "text" : "服务器爆满，请稍后登录"
}, {
  "id" : 1004,
  "text" : "添加好友成功"
}, {
  "id" : 1005,
  "text" : "目标玩家不存在"
}, {
  "id" : 1006,
  "text" : "删除好友成功"
}, {
  "id" : 1007,
  "text" : "获得{0}{1}个"
}, {
  "id" : 1008,
  "text" : "获得{0}金币"
}, {
  "id" : 1009,
  "text" : "获得{0}银币"
}, {
  "id" : 1010,
  "text" : "获得{0}经验"
}, {
  "id" : 1011,
  "text" : "消耗{0}个{1}"
}, {
  "id" : 1012,
  "text" : "消耗{0}金币"
}, {
  "id" : 1013,
  "text" : "消耗{0}银币"
}, {
  "id" : 1014,
  "text" : "名称长度不符"
}, {
  "id" : 1015,
  "text" : "名称含有非法字符"
}, {
  "id" : 1016,
  "text" : "名称重复"
}, {
  "id" : 1017,
  "text" : "背包已满，无法卸下"
}, {
  "id" : 1018,
  "text" : "任务完成数达到上限"
}, {
  "id" : 1019,
  "text" : "等级不足"
}, {
  "id" : 1020,
  "text" : "金币不足"
}, {
  "id" : 1021,
  "text" : "查克拉不足"
}, {
  "id" : 1022,
  "text" : "免费抽取次数已用完"
}, {
  "id" : 1023,
  "text" : "免费挖宝次数已用完"
}, {
  "id" : 1024,
  "text" : "挑战次数已用完"
}, {
  "id" : 1025,
  "text" : "达到上限，请升级建筑"
}, {
  "id" : 1026,
  "text" : "免费修炼次数已用完"
}, {
  "id" : 1027,
  "text" : "忍者数量达到上限"
}, {
  "id" : 1028,
  "text" : "忍者栏满，忍者进入邮箱"
}, {
  "id" : 1029,
  "text" : "忍者合成等级不能超过{0}级"
}, {
  "id" : 1030,
  "text" : "邮件发送成功"
}, {
  "id" : 1031,
  "text" : "装备分解成功"
}, {
  "id" : 1032,
  "text" : "装备合成成功"
}, {
  "id" : 1033,
  "text" : "您的体力不足"
}, {
  "id" : 1034,
  "text" : "好友已达到上限"
}, {
  "id" : 1035,
  "text" : "黑名单已达到上限"
}, {
  "id" : 1036,
  "text" : "好友已存在"
}, {
  "id" : 1037,
  "text" : "邮件删除成功"
}, {
  "id" : 1038,
  "text" : "强化不能超过村子等级"
}, {
  "id" : 1039,
  "text" : "请清理装备栏，去存放忍者的装备"
}, {
  "id" : 1040,
  "text" : "背包满，奖励进入邮箱"
}, {
  "id" : 1041,
  "text" : "该忍者正在泡温泉中...,请勿打扰"
}, {
  "id" : 1042,
  "text" : "邮件物品没有领取，确认要删除吗？"
}, {
  "id" : 1043,
  "text" : "网络不稳定，请尝试重新连接"
}, {
  "id" : 1044,
  "text" : "无法连接网络，请检查设备的联网状态"
}, {
  "id" : 1045,
  "text" : "{0}已完成"
}, {
  "id" : 1046,
  "text" : "服务器正在维护,维护后上线领取奖励"
}, {
  "id" : 1047,
  "text" : "确认要退出当前账号吗?"
}, {
  "id" : 1048,
  "text" : "游戏有新版本，先更新游戏后上线领取奖励"
}, {
  "id" : 1049,
  "text" : "欢迎村长大人!"
}, {
  "id" : 1050,
  "text" : "村长大人，我们一直在等您执掌忍者村的这一天\\^o^/  自从前一代火影去世之后，已经很久没有人能坐上这个位子了。新一届中忍考试的日子就快到了，我们全体上忍和暗部会协助您重建忍者村的声威，您一定会成为历史上最棒的火影！"
}, {
  "id" : 1051,
  "text" : "活动奖励"
}, {
  "id" : 1052,
  "text" : "活动奖励,放入邮箱了,去看看吧~"
}, {
  "id" : 1053,
  "text" : "尾兽之力奖励"
}, {
  "id" : 1054,
  "text" : "尊敬的村长大人，恭喜您成功击退了尾兽的入侵，您对尾兽共造成了{0}伤害，排名第{1}名。五大国联合向您颁布本次战斗的奖赏，您获得了{2}个“{3}尾查克拉”，期待您永远守护忍者世界的和平！\n  \n另外向您通报本次战斗的其他获奖结果：\n第一名 {4} 获得“远古黑铁”{6}个\n第二至五名  {7} 获得“远古黑铁”{9}个\n第六至五十名  获得“秘银”{13}个\n  \n还有10位忍者在战斗中极其幸运的拾取到了尾兽掉落的“钨金钢”{11}个，他们分别是{12}\n  \n祝您在今后的战斗中好运！"
}, {
  "id" : 1055,
  "text" : "尾兽之力大奖"
}, {
  "id" : 1056,
  "text" : "尊敬的村长大人，您在击退尾兽战斗中的表现亮瞎了我们的白眼、写轮眼、轮回眼……，五大国向您的表现致以最高的敬意，并奉上“远古黑铁”{1}个以感谢您的努力，希望您永远是我们的守护神！\n  \n六道的力量与您同在！"
}, {
  "id" : 1057,
  "text" : "尾兽之力惊喜"
}, {
  "id" : 1058,
  "text" : "尊敬的村长大人，您真不愧是我们的幸运之神，在如此艰苦的战斗中您竟然幸运的拾取到了尾兽掉落的“钨金钢”{1}个，别忘了赶快去打造极品装备哦！\n  \n愿幸运女神与您同在！"
}, {
  "id" : 1059,
  "text" : "忍界大战打劫战报"
}, {
  "id" : 1060,
  "text" : "报告大人！我们的打劫小分队在忍界大战中战胜了“{0}”，抢到了{1}忍币，您的威名现在已经传遍了忍界大地！"
}, {
  "id" : 1061,
  "text" : "报告大人！我们的打劫小分队遭到了“{0}”的围攻，虽然战斗很艰难，但我们依然为您抢到了{1}忍币，我们会继续努力的！"
}, {
  "id" : 1062,
  "text" : "洗练成功"
}, {
  "id" : 1063,
  "text" : "洗练石不足,可在商城购买，也可在竞技商店兑换"
}, {
  "id" : 1064,
  "text" : "洗练已经达到上限"
}, {
  "id" : 1065,
  "text" : "月卡100金币"
}, {
  "id" : 1066,
  "text" : "村长大人！为您奉上{0}金币的月卡奖励！您还可以连续领取{1}天。"
}, {
  "id" : 1067,
  "text" : "购买金币成功"
}, {
  "id" : 1068,
  "text" : "购买金币失败"
}, {
  "id" : 1999,
  "text" : "本日爬塔次数已经用完了"
}, {
  "id" : 2000,
  "text" : "您已成功挑战至{0}关，已经累计获得了{1}经验，确定要结束上忍考试？"
}, {
  "id" : 2001,
  "text" : "本日爬塔次数已经用完了，提升至VIP{0} 每天可获得{1}次考试机会。"
}, {
  "id" : 2002,
  "text" : "您希望花费{0}金币进行快速战斗么？"
}, {
  "id" : 2003,
  "text" : "地球人已经阻止不了您了，目前上忍考试最高100层，请期待新的关卡吧！"
}, {
  "id" : 2004,
  "text" : "您希望花费{0}金币清除冷却时间么？"
}, {
  "id" : 2005,
  "text" : "冷却超过{0}小时，您希望花费{1}金币清除冷却时间吗？"
}, {
  "id" : 2006,
  "text" : "您希望立即分解{0}么？"
}, {
  "id" : 2007,
  "text" : "升级建筑开启新关卡"
}, {
  "id" : 2008,
  "text" : "进入"
}, {
  "id" : 2009,
  "text" : "下层怪物经验："
}, {
  "id" : 2010,
  "text" : "累计经验："
}, {
  "id" : 2011,
  "text" : "下一层"
}, {
  "id" : 2012,
  "text" : "快速战斗"
}, {
  "id" : 2013,
  "text" : "领奖离开"
}, {
  "id" : 2014,
  "text" : "确定"
}, {
  "id" : 2015,
  "text" : "今日剩余考试次数"
}, {
  "id" : 2016,
  "text" : "暂时离开"
}, {
  "id" : 2017,
  "text" : "收件人:"
}, {
  "id" : 2018,
  "text" : "内    容:"
}, {
  "id" : 2019,
  "text" : "写信"
}, {
  "id" : 2020,
  "text" : "强化前"
}, {
  "id" : 2021,
  "text" : "强化后"
}, {
  "id" : 2022,
  "text" : "洗练前"
}, {
  "id" : 2023,
  "text" : "洗练后"
}, {
  "id" : 2024,
  "text" : "已经达到上限"
}, {
  "id" : 2025,
  "text" : "级"
}, {
  "id" : 2026,
  "text" : "可免费刷新全部任务"
}, {
  "id" : 2027,
  "text" : "之后"
}, {
  "id" : 2028,
  "text" : "免费次数"
}, {
  "id" : 2029,
  "text" : "今日完成数量"
}, {
  "id" : 2030,
  "text" : "金币"
}, {
  "id" : 2031,
  "text" : "冷却时间"
}, {
  "id" : 2032,
  "text" : "花费"
}, {
  "id" : 2033,
  "text" : "可分解为："
}, {
  "id" : 2034,
  "text" : "层"
}, {
  "id" : 2101,
  "text" : "点击选区"
}, {
  "id" : 2102,
  "text" : "邮箱格式有误或已被使用，请重新输入"
}, {
  "id" : 2103,
  "text" : "您的密码输入有误，请重新输入"
}, {
  "id" : 2104,
  "text" : "注册成功"
}, {
  "id" : 2105,
  "text" : "连接服务器失败，请重试。"
}, {
  "id" : 2106,
  "text" : "重试"
}, {
  "id" : 2107,
  "text" : "新区"
}, {
  "id" : 2108,
  "text" : "爆满"
}, {
  "id" : 2109,
  "text" : "再购买{0}金币成为VIP{1}"
}, {
  "id" : 2110,
  "text" : "特权"
}, {
  "id" : 2111,
  "text" : "奖励"
}, {
  "id" : 2112,
  "text" : "竞技排名:    {0}"
}, {
  "id" : 2113,
  "text" : "军        团:   {0}"
}, {
  "id" : 2114,
  "text" : "战斗力"
}, {
  "id" : 2115,
  "text" : "账号不存在或密码错误"
}, {
  "id" : 2116,
  "text" : "账号不存"
}, {
  "id" : 2117,
  "text" : "账号已绑定过"
}, {
  "id" : 2118,
  "text" : "账号已存在"
}, {
  "id" : 2119,
  "text" : "已经在此服务器上创建过角色"
}, {
  "id" : 2120,
  "text" : "确定要把账号绑定到{0}吗"
}, {
  "id" : 2121,
  "text" : "绑定成功"
}, {
  "id" : 2122,
  "text" : "绑定失败,此{0}账号已使用过.如登录此账号,游客数据将丢失.确定吗"
}, {
  "id" : 2123,
  "text" : "今日剩余次数:"
}, {
  "id" : 2124,
  "text" : "该关卡进入次数已达本日上限"
}, {
  "id" : 2125,
  "text" : "是否花费{0}金币重置关卡次数？（今日已重置{1}次）"
}, {
  "id" : 2126,
  "text" : "今日已重置关卡{0}次，提升VIP等级可以提高次数"
}, {
  "id" : 2127,
  "text" : "登录失败，请重试。"
}, {
  "id" : 3001,
  "text" : "您的银币不足，您希望花费{0}金币兑换{1}银币吗？"
}, {
  "id" : 3002,
  "text" : "您的体力不足，您希望花费{0}金币购买{1}体力吗？"
}, {
  "id" : 3003,
  "text" : "银币购买次数达到上限"
}, {
  "id" : 3004,
  "text" : "体力购买次数达到上限"
}, {
  "id" : 3005,
  "text" : "您希望花费{0}金币兑换{1}银币吗？"
}, {
  "id" : 3006,
  "text" : "您希望花费{0}金币购买{1}体力吗？\n（还有{2}分钟,恢复{3}点体力）"
}, {
  "id" : 3007,
  "text" : "需要更多的{0}查克拉才能进行注入"
}, {
  "id" : 3008,
  "text" : "村子等级达到{0}级才能升级建筑"
}, {
  "id" : 3009,
  "text" : "请先选择左边忍者"
}, {
  "id" : 3010,
  "text" : "忍者不能超过村子等级"
}, {
  "id" : 3011,
  "text" : "相同忍者不能经验转移"
}, {
  "id" : 3012,
  "text" : "目标忍者品质过低"
}, {
  "id" : 3013,
  "text" : "尾兽技能未开启"
}, {
  "id" : 3014,
  "text" : "忍者达到上限了"
}, {
  "id" : 3015,
  "text" : "建筑已达到最高级"
}, {
  "id" : 3016,
  "text" : "升级材料不足"
}, {
  "id" : 3017,
  "text" : "您希望花费金币{0}开启{1}格子?"
}, {
  "id" : 3018,
  "text" : "您希望花费{0}银币在{2}小时内获得{1}经验吗？"
}, {
  "id" : 3019,
  "text" : "您真的希望结束此次温泉之旅么？立即结束不会获得任何收益哦"
}, {
  "id" : 3020,
  "text" : "您需要调整这三个排兵的位置么？"
}, {
  "id" : 3021,
  "text" : "您希望花费{0}金币在{2}小时内获得{1}经验吗？"
}, {
  "id" : 3022,
  "text" : "恭喜 {0} 获得了 {1} 经验！"
}, {
  "id" : 3023,
  "text" : "攻击：造成的伤害"
}, {
  "id" : 3024,
  "text" : "防御：受到的伤害"
}, {
  "id" : 3025,
  "text" : "血量：为0时忍者死亡"
}, {
  "id" : 3026,
  "text" : "敏捷：先出手、命中闪避"
}, {
  "id" : 3027,
  "text" : "成功转移{0}经验"
}, {
  "id" : 3028,
  "text" : "未达到开启等级"
}, {
  "id" : 3029,
  "text" : "忍者未达到装备等级"
}, {
  "id" : 3030,
  "text" : "悬赏任务已刷新！"
}, {
  "id" : 3031,
  "text" : "{0}升到{1}级"
}, {
  "id" : 3032,
  "text" : "VIP1可跳过战斗动画"
}, {
  "id" : 3033,
  "text" : "获得{0}体力"
}, {
  "id" : 3034,
  "text" : "通关{0}-{1}开启该技能"
}, {
  "id" : 3035,
  "text" : "获得{0}个{1}"
}, {
  "id" : 3036,
  "text" : "{0}{1}级开放"
}, {
  "id" : 3037,
  "text" : "您要修炼新的忍术替换{0}吗？"
}, {
  "id" : 3038,
  "text" : "您要注入新的尾兽之力替换{0}吗？"
}, {
  "id" : 3039,
  "text" : "您要修炼新的通灵术替换{0}吗？"
}, {
  "id" : 3040,
  "text" : "您需要用{0}替换{1}吗？"
}, {
  "id" : 3041,
  "text" : "领取体力的时间还没到哦"
}, {
  "id" : 3042,
  "text" : "已经没有可转移的技能了"
}, {
  "id" : 3043,
  "text" : "全部被吞噬忍者的忍术将消失，您确定不转移忍术直接吞噬忍者吗？"
}, {
  "id" : 3044,
  "text" : "今日的打劫次数已经打到上限，需要提高VIP等级才能继续打劫"
}, {
  "id" : 3045,
  "text" : "您希望花费{0}金币进行{1}次扫荡吗？"
}, {
  "id" : 3046,
  "text" : "已拥有{0}个||，建议立即合体"
}, {
  "id" : 3047,
  "text" : "升到{0}级"
}, {
  "id" : 3048,
  "text" : "灵魂合体上限为+{0}"
}, {
  "id" : 3049,
  "text" : "无法一次转移多个出战的忍者"
}, {
  "id" : 3050,
  "text" : "一次最多转移5位忍者哦"
}, {
  "id" : 3051,
  "text" : "您可以派出15个忍者进入布阵，现在派出木叶守卫"
}, {
  "id" : 3052,
  "text" : "相邻的颜色相同就会增加属性，现在派出木叶哨兵"
}, {
  "id" : 3053,
  "text" : "一对红色可以增加10点攻击！特定的忍者还可以达成组合技哦~"
}, {
  "id" : 3054,
  "text" : "关卡{0}-{1}尚未开放"
}, {
  "id" : 3055,
  "text" : "尾兽之怒活动尚未开始"
}, {
  "id" : 3056,
  "text" : "尾兽被赶跑了，下次再来吧"
}, {
  "id" : 3057,
  "text" : "您希望花费{0}金币立即挑战吗？"
}, {
  "id" : 3058,
  "text" : "恭喜您在活动中获得了大奖！\n \n真的是大奖哦！\n \n您猜猜奖了什么？"
}, {
  "id" : 3059,
  "text" : "今天剩余次数: "
}, {
  "id" : 3060,
  "text" : "本次忍界大战已经胜利结束，请重新开始"
}, {
  "id" : 3061,
  "text" : "您确认要花费{0}忍币购买{1}吗？"
}, {
  "id" : 3062,
  "text" : "您的忍币不足"
}, {
  "id" : 3063,
  "text" : "您希望花费{0}忍币立即刷新神秘商店吗？"
}, {
  "id" : 3064,
  "text" : "您要花费{0}忍币刷新神秘商店吗?"
}, {
  "id" : 3065,
  "text" : "无法选择3位已死忍者出战"
}, {
  "id" : 3066,
  "text" : "打劫小队已经出发，完成任务后自动返回"
}, {
  "id" : 3067,
  "text" : "今日剩打劫余次数: "
}, {
  "id" : 3068,
  "text" : "您确认要重新开始忍界大战吗？"
}, {
  "id" : 3069,
  "text" : "本日忍界大战次数已经用完了，提升至VIP{0} 每天可获得{1}次战斗机会。"
}, {
  "id" : 3070,
  "text" : "全部忍者都已阵亡死亡，请重新开始"
}, {
  "id" : 3071,
  "text" : "恭喜您在活动中完成了初级抓取的任务，为您奉上特别奖励！"
}, {
  "id" : 3072,
  "text" : "恭喜您在活动中完成了高级抓取的任务，为您奉上特别奖励！"
}, {
  "id" : 3073,
  "text" : "恭喜您在活动中完成了十连抓的任务，为您奉上特别奖励！"
}, {
  "id" : 3074,
  "text" : "恭喜您在活动中完成了初级修炼的任务，为您奉上特别奖励！"
}, {
  "id" : 3075,
  "text" : "恭喜您在活动中完成了高级修炼的任务，为您奉上特别奖励！"
}, {
  "id" : 3076,
  "text" : "恭喜您在活动中完成了打劫的任务，为您奉上特别奖励！"
}, {
  "id" : 3077,
  "text" : "恭喜您在活动中完成了夺宝的任务，为您奉上特别奖励！"
}, {
  "id" : 3078,
  "text" : "恭喜您在活动中完成了通灵术修炼的任务，为您奉上特别奖励！"
}, {
  "id" : 3079,
  "text" : "恭喜您在活动中表现卓越排名优异，为您奉上特别奖励！"
}, {
  "id" : 3080,
  "text" : "恭喜您在活动中完成了竞技场的任务，为您奉上特别奖励！"
}, {
  "id" : 3081,
  "text" : "恭喜您在活动中勇往直前打通数十个关卡，为您奉上活动奖励！"
}, {
  "id" : 3082,
  "text" : "恭喜您在活动中完成了尾兽注力的任务，为您奉上活动奖励！"
}, {
  "id" : 3083,
  "text" : "恭喜您在活动中完成了大量的悬赏任务，为您奉上活动奖励！"
}, {
  "id" : 3084,
  "text" : "恭喜您在活动中完成了较高的充值数额，现在为您奉上特别奖励！"
}, {
  "id" : 3085,
  "text" : "恭喜您在活动中充值金额位列前茅，现在为您奉上特别奖励！"
}, {
  "id" : 3086,
  "text" : "感谢您在活动中的积极参与，现在为您奉上特别奖励！"
}, {
  "id" : 3087,
  "text" : "您的忍币不足{0}无法进行刷新"
}, {
  "id" : 3088,
  "text" : "达到5星可升级为|忍者"
}, {
  "id" : 3089,
  "text" : "忍者品质已达到极限"
}, {
  "id" : 3090,
  "text" : "4星后达到极限"
}, {
  "id" : 3091,
  "text" : "品质提高{0}点"
}, {
  "id" : 3092,
  "text" : "{0}级忍术学校\n可学{1}级忍术"
}, {
  "id" : 3093,
  "text" : "{0}级通灵学院可学|{1}|级通灵术"
}, {
  "id" : 3094,
  "text" : "您确认要出售{0}个{1}，获得{2}银币吗？"
}, {
  "id" : 3095,
  "text" : "●  每次夺宝的时候忍者都会出场20次，\n  一定要忍者离开之前完成6次抢夺哦！"
}, {
  "id" : 3096,
  "text" : "●  开始夺宝以后，忍者会头顶各种道 \n 具出现在画面中，看到想要的东西\n  就猛点忍者进行夺取吧！  \n       \n●  高级素材出现的概率较低，切记看\n  准了再出手，秘银、钨金钢、六道\n  舍利什么的都有可能得到哦！"
}, {
  "id" : 3097,
  "text" : "●  上忍考试从1-100层，每层都有丰\n    厚奖励。包括高级材料，各种经\n    验丹，以及铜宝箱、银宝箱、金\n    宝箱。"
}, {
  "id" : 3098,
  "text" : "●    活动期间内每个人对尾兽造成的伤害\n      都会进行累计，1小时活动结束之后，\n      排名最高的5人将获得远古黑铁的奖励"
}, {
  "id" : 3099,
  "text" : "●   活动开启以后，玩家可以参\n      与到挑战尾兽的全服战斗中，\n      每次死亡后需要等到冷却时 \n      间结束后才能再次挑战"
}, {
  "id" : 3100,
  "text" : "●  在15位布阵忍者中，某些忍者\n  可以达成特定的组合技，所有\n  已经达成的组合技都会在这里\n  显示。\n         \n● 所有已达成的组合技都将在战\n  斗中起作用，可以增加相应的\n  属性或有几率触发后援攻击。"
}, {
  "id" : 3101,
  "text" : "●  每一位忍者最多拥有4种颜色的查\n  克拉，当相同颜色的查克拉连接在\n  一起时，战斗中会获得对应的属性 \n 加成，连接在一起的颜色越多战斗\n  中的威力越大\n       \n● 中间的3位忍者只能通过排兵界面\n  进行调整，其余的12位忍者可以任\n  意调整。"
}, {
  "id" : 3102,
  "text" : "●  点击忍者即可发起挑战，每天有\n  10次的挑战机会，胜利排名上升，\n获得10竞技点，失败排名不变，奖励\n2竞技点。  \n●  竞技场每天按照排名发放竞技点\n奖励，可在竞技商店使用竞技点兑换\nSS忍者和材料。"
}, {
  "id" : 3103,
  "text" : "●  拉面屋每天12:00-14:00点和\n  18:00-20:00点会派发50点体力，\n  体力不够的话别忘了来领！"
}, {
  "id" : 3104,
  "text" : "●  再告诉你一个秘密，很多忍者来吃\n  拉面的时候都带着银币，结账的时\n  候是可以趁机打劫的，至于怎么打\n  劫你自己摸索吧……"
}, {
  "id" : 3105,
  "text" : "●  每场战斗最多可以派3名忍者出战，\n  1号位最先出战，3号位最后出战。\n       \n● 推荐在1号位选择最强的忍者，某些 \n 玩法只允许1号位的忍者进行战斗。"
}, {
  "id" : 3106,
  "text" : "●  每30分钟可以免费刷新5个新的悬赏\n  任务，完成不同品质的任务可以获\n  得不同的银币奖励哦。"
}, {
  "id" : 3107,
  "text" : "●  每天完成5、10、15个悬赏任务 \n 的时候分别可以领取20、40、60\n  个金币，每天总共可领取120金币！"
}, {
  "id" : 3108,
  "text" : "●  点击出发之后会在大战中遭遇强敌，\n 战胜 敌人可获得忍币，战斗中阵亡\n 的忍者将无法再次上场，全部忍者\n 阵亡后本次忍界大 战结束。"
}, {
  "id" : 3109,
  "text" : "●   10级以上的忍者可以参与，每日除了可以进\n     行15关的忍界大战以外，还可以派出3人小\n     队进行抢劫，抢劫获得的忍币会自动发送到\n     邮箱中，使用忍币可以兑换各种极品奖励。"
}, {
  "id" : 3110,
  "text" : "●  达到指定的等级才能挑战影忍堂中\n  的忍者，当挑战进度条达到100%的\n  时候就可以进行招募了。\n       \n●  系统会将实力相近的玩家匹配到一组，\n  不断刷新队伍寻找更强的玩家组队吧。"
}, {
  "id" : 3111,
  "text" : "●  初级抓取很容易获得C、D级忍者，\n  实力强劲的S、A级忍者有可能会挣脱\n  抓钩哦！  \n       \n● 高级抓取使用的是一种无法挣脱的\n  抓钩，有小概率抓到S、A级忍者  \n       \n● 十连抓必定会抓到一个A级忍者，运气\n  好的话可能抓到传说中的SS级忍者！"
}, {
  "id" : 3112,
  "text" : "●  在左边选择素材忍者，该忍者的\n  经验可转移到右边忍者的身上，\n  转移后左边的忍者将会消失。"
}, {
  "id" : 3113,
  "text" : "●  右边的忍者吸收左边忍者的经验之后  \n    品质也会得到提升，星数越多属性越  \n    高，达到4星后忍者还将变色，每个\n    忍者可变色一次"
}, {
  "id" : 3114,
  "text" : "●  在左边只能选择和右边相同的忍者，\n  合体后左边的忍者将会消失。"
}, {
  "id" : 3115,
  "text" : "● 只有相同的忍者才可以进行灵魂\n  合体，合体之后忍者的各项属性\n  都会获得提升，相同的忍者最多\n  可以合体5次！"
}, {
  "id" : 3116,
  "text" : "●  左边会显示忍者的忍术，\n  每次只能选择一个忍术进行\n  转移。"
}, {
  "id" : 3117,
  "text" : "● 点击右边的忍术框，可以选择\n  忍术转移后的位置，如果选择\n  的位置已有忍术，那么这个忍\n  术将会被覆盖。"
}, {
  "id" : 3118,
  "text" : "●  通灵术的学习要看大蛇丸老师\n  的心情，如果转到两个一样的\n  通灵兽就可以学习高级通灵术，\n  转到3个一样的可以学到S级通\n  灵术！  \n       \n● 高级修炼有机会获得S级通灵 \n 术哦！"
}, {
  "id" : 3119,
  "text" : "●  注入尾兽技能需要消耗对应的尾\n  兽查克拉，想要收集查克拉的话\n  就去挑战世界各地的人柱力们吧！"
}, {
  "id" : 3120,
  "text" : "●  每一只尾兽有4个不同的尾兽技，\n  打通关卡可以开启对应的尾兽技 \n       \n ●  每次点击注入尾兽技能，系统将\n  会在所有已经开启的技能中随机\n  挑选一个注入到忍者的身上。"
}, {
  "id" : 3121,
  "text" : "●  泡一次8小时的温泉可以让某个忍\n  者快速获得经验！\n       \n●  高级温泉不仅获得的经验多，还可\n  以激活附加效果，让所有泡温泉的\n  人享受到20%的经验加成！"
}, {
  "id" : 3122,
  "text" : "●  每一名忍者有3个忍术栏，点击某 \n 个栏位再点击修炼，就可以在这个\n  栏位中获得新的忍术了。\n       \n● 初级修炼通常会获得B、C、D级忍\n  术，高级修炼可获得S、A级甚至\n  传说中的SS级忍术。"
}, {
  "id" : 3123,
  "text" : "●  初级修炼每天拥有5次\n免费次数哦"
}, {
  "id" : 3124,
  "text" : "●  忍者之间的爱恨情仇错综复杂，\n  让拥有同一个组合技的忍者一起\n  进入布阵是最佳选择。\n        \n●  有的组合技会在战斗中增加所有\n  忍者的属性，有的组合技会在战斗\n  中触发援助攻击！"
}, {
  "id" : 3125,
  "text" : "●  全部组合技都会在这里显示，问号\n  代表这个组合技中的忍者你一个都\n  不曾拥有。\n       \n  ● 每当获得一个新的忍者时，和这个\n  忍者相关的组合技都会变成可见的。"
}, {
  "id" : 3126,
  "text" : "拥有指定的忍者会自动开启组合技"
}, {
  "id" : 3127,
  "text" : "属性"
}, {
  "id" : 3128,
  "text" : "忍术"
}, {
  "id" : 3129,
  "text" : "血继"
}, {
  "id" : 3130,
  "text" : "通灵"
}, {
  "id" : 3131,
  "text" : "尾兽"
}, {
  "id" : 3132,
  "text" : "资质:"
}, {
  "id" : 3133,
  "text" : "查克拉"
}, {
  "id" : 3134,
  "text" : "” 激活了高级温泉，所有人的经验收益提高20%"
}, {
  "id" : 3135,
  "text" : "我的温泉 :"
}, {
  "id" : 3136,
  "text" : "可免费"
}, {
  "id" : 3137,
  "text" : "今日免费次数 "
}, {
  "id" : 3138,
  "text" : "忍者村等级:"
}, {
  "id" : 3139,
  "text" : "当前体力:"
}, {
  "id" : 3140,
  "text" : "忍者等级上限:"
}, {
  "id" : 3141,
  "text" : "开启建筑物:"
}, {
  "id" : 3142,
  "text" : "等级"
}, {
  "id" : 3143,
  "text" : "经验"
}, {
  "id" : 3144,
  "text" : "评价:"
}, {
  "id" : 3145,
  "text" : "消耗:"
}, {
  "id" : 3146,
  "text" : "免费刷新:"
}, {
  "id" : 3147,
  "text" : "伤害:"
}, {
  "id" : 3148,
  "text" : "忍术:"
}, {
  "id" : 3149,
  "text" : "效果:"
}, {
  "id" : 3150,
  "text" : "尾兽之怒通知"
}, {
  "id" : 3151,
  "text" : "体力恢复满通知"
}, {
  "id" : 3152,
  "text" : "12,18点领取体力"
}, {
  "id" : 3153,
  "text" : "锻造冷却完毕通知"
}, {
  "id" : 3154,
  "text" : "每日刷新时间 21点"
}, {
  "id" : 3155,
  "text" : "您的当前排名为:"
}, {
  "id" : 3156,
  "text" : "初级抓取"
}, {
  "id" : 3157,
  "text" : "高级抓取"
}, {
  "id" : 3158,
  "text" : "十连抓"
}, {
  "id" : 3159,
  "text" : "后可以免费抓取"
}, {
  "id" : 3160,
  "text" : "我的排名:"
}, {
  "id" : 3161,
  "text" : "你对"
}, {
  "id" : 3162,
  "text" : "发起挑战，你获胜了。"
}, {
  "id" : 3163,
  "text" : "发起挑战，你获胜了。排名上升到"
}, {
  "id" : 3164,
  "text" : "对你发起挑战，你获胜了。"
}, {
  "id" : 3165,
  "text" : "对你发起挑战，你获胜了。排名上升到"
}, {
  "id" : 3166,
  "text" : "发起挑战，你失败了"
}, {
  "id" : 3167,
  "text" : "对你发起挑战，你失败了。排名下降到"
}, {
  "id" : 3168,
  "text" : "今日剩余次数:"
}, {
  "id" : 3169,
  "text" : "相邻忍者的颜色相同时， 战斗中所有忍者的属性都将获得提升"
}, {
  "id" : 3170,
  "text" : "布阵中的忍者之间如果存在特定关系，将会触发组合技效果"
}, {
  "id" : 3171,
  "text" : "已达成的组合技"
}, {
  "id" : 3172,
  "text" : "攻击"
}, {
  "id" : 3173,
  "text" : "防御"
}, {
  "id" : 3174,
  "text" : "血量"
}, {
  "id" : 3175,
  "text" : "敏捷"
}, {
  "id" : 3176,
  "text" : "距离下次挑战还有"
}, {
  "id" : 3177,
  "text" : "尾兽查卡拉：总伤害越多，查克拉奖励越多"
}, {
  "id" : 3178,
  "text" : "远古黑铁：伤害榜前5名必定获得"
}, {
  "id" : 3179,
  "text" : "钨金钢：随机抽取10位幸运玩家获得"
}, {
  "id" : 3180,
  "text" : "排名"
}, {
  "id" : 3181,
  "text" : "姓名"
}, {
  "id" : 3182,
  "text" : "造成伤害"
}, {
  "id" : 3183,
  "text" : "扫荡完成"
}, {
  "id" : 3184,
  "text" : "累计获得"
}, {
  "id" : 3185,
  "text" : "体力消耗"
}, {
  "id" : 3186,
  "text" : "敌方阵容"
}, {
  "id" : 3187,
  "text" : "通关奖励"
}, {
  "id" : 3188,
  "text" : "可能获得"
}, {
  "id" : 3189,
  "text" : "转移              的经验"
}, {
  "id" : 3190,
  "text" : "相同的忍者可以合体"
}, {
  "id" : 3191,
  "text" : "银币"
}, {
  "id" : 3192,
  "text" : "忍者世界常见的通用货币"
}, {
  "id" : 3193,
  "text" : "金币"
}, {
  "id" : 3194,
  "text" : "价值最高的货币，金闪闪的讨人喜欢"
}, {
  "id" : 3195,
  "text" : "体力"
}, {
  "id" : 3196,
  "text" : "忍者经验"
}, {
  "id" : 3197,
  "text" : "忍者村经验"
}, {
  "id" : 3198,
  "text" : "忍者村的经验，影响建筑开启和装备强化上限"
}, {
  "id" : 3199,
  "text" : "忍币"
}, {
  "id" : 3200,
  "text" : "在忍界大战的神秘商店可兑换物品"
}, {
  "id" : 3201,
  "text" : "品质:"
}, {
  "id" : 3202,
  "text" : "品质点数: "
}, {
  "id" : 3203,
  "text" : "使用等级: "
}, {
  "id" : 3204,
  "text" : "部位:"
}, {
  "id" : 3205,
  "text" : "武器"
}, {
  "id" : 3206,
  "text" : "头部"
}, {
  "id" : 3207,
  "text" : "身体"
}, {
  "id" : 3208,
  "text" : "脚部"
}, {
  "id" : 3209,
  "text" : "伤{0}害:"
}, {
  "id" : 3210,
  "text" : "技能效果: "
}, {
  "id" : 3211,
  "text" : "持续回合: "
}, {
  "id" : 3212,
  "text" : "发动时机: "
}, {
  "id" : 3213,
  "text" : "发动几率: "
}, {
  "id" : 3214,
  "text" : "发动限制: "
}, {
  "id" : 3215,
  "text" : "每场只会发动{0}次"
}, {
  "id" : 3216,
  "text" : "战斗开始前"
}, {
  "id" : 3217,
  "text" : "受到对方主动攻击时"
}, {
  "id" : 3218,
  "text" : "自己攻击时"
}, {
  "id" : 3219,
  "text" : "自己死亡时"
}, {
  "id" : 3220,
  "text" : "【活动内容】"
}, {
  "id" : 3221,
  "text" : "十二年以后..."
}, {
  "id" : 3222,
  "text" : "忍者村有了新的名字"
}, {
  "id" : 3223,
  "text" : "人们把这里叫做"
}, {
  "id" : 3224,
  "text" : "请输入村子名字"
}, {
  "id" : 3225,
  "text" : "新的火影即将在 {0} 中诞生！"
}, {
  "id" : 3226,
  "text" : "● 每日排名奖励：\n第1名：1000竞技币\n第2名：990 竞技币\n第3名：980 竞技币\n第4名：970 竞技币\n第5名：960 竞技币\n……\n5000名以下：150竞技币"
}, {
  "id" : 3300,
  "text" : "恭喜您在充值活动中完成了较高的充值数额，现在为您奉上特别奖励！"
}, {
  "id" : 3301,
  "text" : "恭喜您完成了《十一超级庆典》活动，现在为您奉上十一特别奖励！"
}, {
  "id" : 4000,
  "text" : "雅蠛蝶，雅蠛蝶，雅蠛蝶……"
}, {
  "id" : 4001,
  "text" : "别抓了，好痒啊，嘻嘻哈哈……"
}, {
  "id" : 4002,
  "text" : "放我下来，您以为您爸是李刚啊！"
}, {
  "id" : 4003,
  "text" : "禽兽，放开伦家！"
}, {
  "id" : 4004,
  "text" : "您想干什么？我，我可是轻易不会从的。"
}, {
  "id" : 4005,
  "text" : "咦？您想请我吃豪华寿司么？"
}, {
  "id" : 4006,
  "text" : "不要这样，内裤会露出来的啦！"
}, {
  "id" : 4007,
  "text" : "别晃了，钱包掉出来您赔我不？"
}, {
  "id" : 4008,
  "text" : "好，好想吐……我恐高，别拽那么高。"
}, {
  "id" : 4009,
  "text" : "nuo zuo nuo die懂不？您快放我下来啦！"
}, {
  "id" : 4010,
  "text" : "看见我头上的护额没？BMW，别摸我！"
}, {
  "id" : 4011,
  "text" : "嘿，瞎摸什么摸，给钱了么？"
}, {
  "id" : 4012,
  "text" : "心情不好，感觉不会再爱了……"
}, {
  "id" : 4013,
  "text" : "大官人，您拽奴家这是要做什么？"
}, {
  "id" : 4014,
  "text" : "这位小主，您等皇上等得心急也别揪我呀。"
}, {
  "id" : 4015,
  "text" : "我，我是不会和您捡肥皂的……"
}, {
  "id" : 4016,
  "text" : "听说卡卡西和阿凯其实是好基友……"
}, {
  "id" : 4017,
  "text" : "鸣人和佐助那么相爱，小樱却老想插足"
}, {
  "id" : 4018,
  "text" : "不要迷恋哥，哥只是个传说~~~"
}, {
  "id" : 4019,
  "text" : "完了……您把我内裤拽撕了……"
}, {
  "id" : 4020,
  "text" : "您是不是沉迷我的美色,想和我搭讪？"
}, {
  "id" : 4021,
  "text" : "如果您看谁掉了钱包，一定要给他一板砖！"
}, {
  "id" : 4022,
  "text" : "忍者就是特能忍，尤其是想上厕所的时候"
}, {
  "id" : 4023,
  "text" : "别闹，我正发微信呢，互相粉个呗？"
}, {
  "id" : 4024,
  "text" : "跟女忍者相亲可真不可靠，照片都是PS！"
}, {
  "id" : 4025,
  "text" : "想在木叶村买房您得有5年完税证明！"
}, {
  "id" : 4026,
  "text" : "厚道的腐女总是教唆老公找男朋友，对不？"
}, {
  "id" : 4027,
  "text" : "光活儿好已经不吃香了，还得有money！"
}, {
  "id" : 4028,
  "text" : "当火影最爽的就是发个微信，全村人都点赞"
}, {
  "id" : 4029,
  "text" : "听说鹿丸和手鞠早就通过“摇一摇”好上了"
}, {
  "id" : 4030,
  "text" : "三代火影天天玩“陌陌”，您别跟别人说！"
}, {
  "id" : 4031,
  "text" : "咳咳咳，最近忍界的雾霾越来越严重了"
}, {
  "id" : 4032,
  "text" : "话说想在木叶买个车，必须得排队摇号了"
}, {
  "id" : 4033,
  "text" : "砂之国的房价最近猛涨，组团去投资不？"
}, {
  "id" : 4034,
  "text" : "女忍者想要有前途，只能扮萝莉或者御姐"
}, {
  "id" : 4035,
  "text" : "我可不是随便的人！我随便起来不是人！"
}, {
  "id" : 4036,
  "text" : "请，再继续折磨我，我喜欢更重口味的……"
}, {
  "id" : 4037,
  "text" : "听说大蛇丸怀孕了，自来也很高兴呢。"
}, {
  "id" : 4038,
  "text" : "别抓了，再抓我小心您会怀孕的。"
}, {
  "id" : 4039,
  "text" : "哎？忍界最强的秘术不是色诱后宫术么？"
}, {
  "id" : 4040,
  "text" : "别再玩了，再玩我就被您玩坏了……"
}, {
  "id" : 4041,
  "text" : "不想做逃忍的火影不是好暗部……"
}, {
  "id" : 4042,
  "text" : "您打游戏这么牛掰，您家里人知道吗？"
}, {
  "id" : 4043,
  "text" : "别跟我谈理想，戒了！"
}, {
  "id" : 4044,
  "text" : "忍界的女汉子远远多于软妹子啊……"
}, {
  "id" : 4045,
  "text" : "摸摸头……喂，我没让您摸那里……"
}, {
  "id" : 4046,
  "text" : "您每天上线是不是就为骚扰我来着？"
}, {
  "id" : 4047,
  "text" : "别闹别闹，我还得赶着回去打dota呢！"
}, {
  "id" : 4048,
  "text" : "我上完厕所没洗澡，您确认要碰我？"
}, {
  "id" : 4049,
  "text" : "雅蠛蝶，救命呀，有怪蜀黍抓住人家啦！"
}, {
  "id" : 4050,
  "text" : "别抖了，我真的没钱了……"
}, {
  "id" : 4051,
  "text" : "救命啊，打劫啊，我真的没有IQ卡啊！"
}, {
  "id" : 4052,
  "text" : "我知道您每天就是吃饭、睡觉和搞基！"
}, {
  "id" : 4053,
  "text" : "您再乱摸我，我可要摸回来啦！"
}, {
  "id" : 4054,
  "text" : "最后1毛钱都被您榨干了，坏淫！"
}, {
  "id" : 4055,
  "text" : "最近雨神没来开演唱会，木叶都干旱了。"
}, {
  "id" : 4056,
  "text" : "别这样，您不知道玩躲猫猫很危险的？"
}, {
  "id" : 4057,
  "text" : "~金币不是您想抓，抓抓就出来~"
}, {
  "id" : 4058,
  "text" : "大爷，高抬贵手，给我留1块钱吧！"
}, {
  "id" : 4059,
  "text" : "别抖了，钱抖没了就剩下便便了……"
}, {
  "id" : 4060,
  "text" : "我是不是变重了？都是便秘惹的祸！"
}, {
  "id" : 4061,
  "text" : "您天天跟我收租子，您黄世仁啊您！"
}, {
  "id" : 4062,
  "text" : "还我，那是我买彩票的钱！您赔我500万！"
}, {
  "id" : 4063,
  "text" : "别，这个姿势拍不到我迷人的45度角啦！"
}, {
  "id" : 4064,
  "text" : "您能不能别玩我，玩蛋去？"
}, {
  "id" : 4065,
  "text" : "拿了我的钱，以后您就是我的人了。"
}, {
  "id" : 4066,
  "text" : "拜托您别天天跟我征个人所得税成不？"
}, {
  "id" : 4067,
  "text" : "太狠了，您以为我是取款机么？"
}, {
  "id" : 4068,
  "text" : "您天天打劫我是在凑房子首付么？"
}, {
  "id" : 4069,
  "text" : "一年总有那么365天不想工作~"
}, {
  "id" : 4070,
  "text" : "屌丝再怎么摇，也摇不成高帅富！"
}, {
  "id" : 4071,
  "text" : "讨厌，您这样抓得人家心魂荡漾~"
}, {
  "id" : 4072,
  "text" : "木叶人太多，以后出门得分单双号限行了"
}, {
  "id" : 4073,
  "text" : "如今蜡烛和皮鞭已经不是酷刑，是奖赏了"
}, {
  "id" : 4074,
  "text" : "萝莉有三好：身娇、体柔、易推倒！"
}, {
  "id" : 4075,
  "text" : "唉，这世上的好男人都被其他男人抢跑了"
}, {
  "id" : 4076,
  "text" : "咦？咦？咦？这是调教的新玩法么？"
}, {
  "id" : 4077,
  "text" : "您摇我也摇不出个车号来呀！"
}, {
  "id" : 4078,
  "text" : "抢劫呀！您给我留条内裤成不？"
}, {
  "id" : 4079,
  "text" : "您给我留点泡妞费成不？"
}, {
  "id" : 4100,
  "text" : "您偷窥的样子让我想起一个叫仙剑的游戏"
}, {
  "id" : 4101,
  "text" : "雅蠛蝶，有色狼呀！"
}, {
  "id" : 4102,
  "text" : "自来也又在附近的澡堂取材了"
}, {
  "id" : 4103,
  "text" : "哇，是男女混浴呀，刺激到喷鼻血呀"
}, {
  "id" : 4104,
  "text" : "您猜纲手是F罩杯还是G罩杯呢？"
}, {
  "id" : 4105,
  "text" : "喂，不要趁着泡澡摸来摸去的……"
}, {
  "id" : 4106,
  "text" : "这温泉浴池真是个搞基的好地方"
}, {
  "id" : 4107,
  "text" : "唔，不会有人在水里嘘嘘吧……"
}, {
  "id" : 4108,
  "text" : "水里冒了一个泡，不会是有人放屁吧？"
}, {
  "id" : 4109,
  "text" : "哇，女忍者们的皮肤都滑嫩嫩的诱人呢"
}, {
  "id" : 4110,
  "text" : "那边似乎有个变态在偷窥呢！"
}, {
  "id" : 4111,
  "text" : "嘻嘻，趁乱去检查下大蛇丸是男是女吧"
}, {
  "id" : 4112,
  "text" : "这里可真是男屌丝揩油的圣地啊！"
}, {
  "id" : 4113,
  "text" : "谁要是敢摸我，我就嫁给他！"
}, {
  "id" : 4114,
  "text" : "刚才似乎有人偷偷摸了我胸部一下"
}, {
  "id" : 4115,
  "text" : "边泡澡边吃点零食，真是太享受了"
}, {
  "id" : 4116,
  "text" : "趁机去偷几条内裤吧~"
}, {
  "id" : 4117,
  "text" : "喂喂喂，这里可不是调情的地方"
}, {
  "id" : 4118,
  "text" : "我刚才似乎看见阿凯偷吻卡卡西了"
}, {
  "id" : 4119,
  "text" : "鸣人居然在水里对我爱罗动手动脚……"
}, {
  "id" : 4120,
  "text" : "哎呀，有人伸咸猪手侵犯我呀！"
}, {
  "id" : 4121,
  "text" : "丁次一进来，温泉一半的水都溢出去了"
}, {
  "id" : 4122,
  "text" : "本来人就挤，不要在这里玩影分身啦"
}, {
  "id" : 4123,
  "text" : "咦？泡着泡着澡我的内裤怎么没了？"
}, {
  "id" : 4124,
  "text" : "不要看人家洗澡啦，人家会羞羞的"
}, {
  "id" : 4125,
  "text" : "哈，偷拍几张春宫洗浴图发朋友圈里去"
}, {
  "id" : 4126,
  "text" : "有没有人需要按摩？我活儿很好哟"
}, {
  "id" : 4127,
  "text" : "办证！发票！要的吼！"
}, {
  "id" : 4128,
  "text" : "求一会儿滚床单哈，男女不限！"
}, {
  "id" : 4129,
  "text" : "哎呀别紧张嘛，我又不是什么好人"
}, {
  "id" : 4130,
  "text" : "最近总是失眠，16小时就醒一次"
}, {
  "id" : 4131,
  "text" : "为什么有男女混浴就没有混厕呢？"
}, {
  "id" : 4132,
  "text" : "佐助又在趁着洗澡对那些基佬放电了"
}, {
  "id" : 4133,
  "text" : "女神和基友总是难以两全的选择"
}, {
  "id" : 4134,
  "text" : "为毛每次洗完澡我都轻10斤……"
}, {
  "id" : 4135,
  "text" : "一会儿找个裸帅哥，拿板砖拍晕了拖走"
}, {
  "id" : 4136,
  "text" : "心情不好的时候，就来这里随地大小便"
}, {
  "id" : 4137,
  "text" : "左眼跳，桃花开，右眼跳，菊花开"
}, {
  "id" : 4138,
  "text" : "奇怪，为什么每次泡完澡都PP痛……"
}, {
  "id" : 5001,
  "text" : "装备品质|较低|，需要新素材合成装备"
}, {
  "id" : 5002,
  "text" : "装备品质正常"
}, {
  "id" : 5003,
  "text" : "装备品质|较高"
}, {
  "id" : 5004,
  "text" : "强化等级|较低|，需要继续强化"
}, {
  "id" : 5005,
  "text" : "强化等级正常"
}, {
  "id" : 5006,
  "text" : "强化等级|较高"
}, {
  "id" : 5007,
  "text" : "忍者资质|较低|，需要更强的忍者"
}, {
  "id" : 5008,
  "text" : "忍者资质正常"
}, {
  "id" : 5009,
  "text" : "忍者资质|较高"
}, {
  "id" : 5010,
  "text" : "影忍堂进度|较慢"
}, {
  "id" : 5011,
  "text" : "影忍堂进度正常"
}, {
  "id" : 5012,
  "text" : "影忍堂进度|很快"
}, {
  "id" : 5014,
  "text" : "忍者等级|较低|，建议获取大量经验"
}, {
  "id" : 5015,
  "text" : "忍者等级正常"
}, {
  "id" : 5016,
  "text" : "忍者等级|较高"
}, {
  "id" : 5017,
  "text" : "忍术品质|较低"
}, {
  "id" : 5018,
  "text" : "忍术品质正常"
}, {
  "id" : 5019,
  "text" : "忍术品质|较高"
}, {
  "id" : 5020,
  "text" : "通灵术品质|较低"
}, {
  "id" : 5021,
  "text" : "通灵术品质正常"
}, {
  "id" : 5022,
  "text" : "通灵术品质|较高"
}, {
  "id" : 5023,
  "text" : "尾兽技品质|较低"
}, {
  "id" : 5024,
  "text" : "尾兽技品质正常"
}, {
  "id" : 5025,
  "text" : "尾兽技品质|较高"
}, {
  "id" : 5026,
  "text" : "布阵提升属性|较低"
}, {
  "id" : 5027,
  "text" : "布阵属性提升正常"
}, {
  "id" : 5028,
  "text" : "布阵属性提升|较高"
}, {
  "id" : 5029,
  "text" : "组合技达成|较少"
}, {
  "id" : 5030,
  "text" : "组合技达成正常"
}, {
  "id" : 5031,
  "text" : "组合技达成|较多"
}, {
  "id" : 5032,
  "text" : "合体次数|很少"
}, {
  "id" : 5033,
  "text" : "合体次数正常"
}, {
  "id" : 5034,
  "text" : "合体次数|较高"
}, {
  "id" : 6000,
  "text" : "是否花费{0}银币将装备强化到{1}级？"
}, {
  "id" : 6001,
  "text" : "使用B、A、S、SS级卷轴\n修炼可以随机获得1个\n相应级别忍术；使用\n特定卷轴修炼可以100%\n获得该忍术"
}, {
  "id" : 6002,
  "text" : "今日任务已经全部完成"
}, {
  "id" : 6003,
  "text" : "使用卷轴100%获得对应技能"
}, {
  "id" : 6004,
  "text" : "提供经验"
}, {
  "id" : 6005,
  "text" : "提供星点"
}, {
  "id" : 6006,
  "text" : "此卡号已经使用过了"
}, {
  "id" : 6007,
  "text" : "卡号错误"
}, {
  "id" : 6008,
  "text" : "您已经领取过了，不能重复领取"
}, {
  "id" : 6009,
  "text" : "兑换码长度必须{0}位"
}, {
  "id" : 6010,
  "text" : "吞噬的忍者已在布阵中，是否将其吞噬？"
}, {
  "id" : 6011,
  "text" : "被替换的忍术会自动转换成专精点"
}, {
  "id" : 6012,
  "text" : "获得{0}专精点"
}, {
  "id" : 6013,
  "text" : "达到{0}可升为{1}级忍术"
}, {
  "id" : 6014,
  "text" : "升星伤害："
}, {
  "id" : 6015,
  "text" : "基础攻击"
}, {
  "id" : 6016,
  "text" : "您的专精点不足"
}, {
  "id" : 6017,
  "text" : "本日忍界大战次数已经用完了"
}, {
  "id" : 6018,
  "text" : "今日的打劫次数已经打到上限"
}, {
  "id" : 6019,
  "text" : "专精点"
}, {
  "id" : 6020,
  "text" : "消耗专精点可以将忍术伤害升级到更高级别"
}, {
  "id" : 6021,
  "text" : "选择忍者后点击修炼可以学习新\n的忍术，放弃新忍术或替换旧忍术\n都会获得专精点"
}, {
  "id" : 6022,
  "text" : "使用专精点可以对忍术进行升星，\n增强伤害，当忍术达到4星时可以\n提升该忍术的品质"
}, {
  "id" : 6023,
  "text" : "您希望花费{0}金币立即夺宝吗？"
}, {
  "id" : 6024,
  "text" : "集齐10个卷轴,可以到忍术学校学习"
}, {
  "id" : 6025,
  "text" : "恭喜 {0} 获得了 {1} 忍术"
}, {
  "id" : 6026,
  "text" : "不能使用其他渠道的兑换码"
}, {
  "id" : 6027,
  "text" : "拥有经验:"
}, {
  "id" : 6028,
  "text" : "所需经验:"
}, {
  "id" : 6029,
  "text" : "请选择右边忍者"
}, {
  "id" : 6030,
  "text" : "您希望花费{0}金币立即购买投资吗？"
}, {
  "id" : 6031,
  "text" : "VIP升级奖励"
}, {
  "id" : 6032,
  "text" : "您的月卡已经成功续费到{0}天，请尽情的享受忍界的福利吧！"
}, {
  "id" : 6033,
  "text" : "月卡剩余时间小于{0}天才能续费"
}, {
  "id" : 6034,
  "text" : "月卡续费"
}, {
  "id" : 6041,
  "text" : "当日已挥霍"
}, {
  "id" : 6042,
  "text" : "金币，"
}, {
  "id" : 6043,
  "text" : "再挥霍"
}, {
  "id" : 6044,
  "text" : "金币，可领取下一档奖励"
}, {
  "id" : 6045,
  "text" : "当日已充值"
}, {
  "id" : 6046,
  "text" : "元，"
}, {
  "id" : 6047,
  "text" : "再充值"
}, {
  "id" : 6048,
  "text" : "元，可领取下一档奖励！"
}, {
  "id" : 6049,
  "text" : "当日已连续充值"
}, {
  "id" : 6050,
  "text" : "天，"
}, {
  "id" : 6051,
  "text" : "当天继续充值，可领取下一档奖励！"
}, {
  "id" : 6052,
  "text" : "确定要退出游戏吗？"
}, {
  "id" : 6053,
  "text" : "VIP3可以开放第5个忍术，现在就去提升VIP等级？"
}, {
  "id" : 6054,
  "text" : "{0}秒后 可再次发言"
}, {
  "id" : 6055,
  "text" : "是否花费{0}金币购买挑战{1}次？"
}, {
  "id" : 6056,
  "text" : "购买次数已达上限,提升VIP等级可以增加购买次数"
}, {
  "id" : 1069,
  "text" : "尊敬的村长大人，您在击退尾兽战斗中的表现亮瞎了我们的白眼、写轮眼、轮回眼……，五大国向您的表现致以最高的敬意，并奉上“秘银”{1}个以感谢您的努力，希望您永远是我们的守护神！\n  \n六道的力量与您同在！"
}, {
  "id" : 1070,
  "text" : "秘银：伤害榜6~50名必定获得"
}, {
  "id" : 6057,
  "text" : "购买次数已达上限"
}, {
  "id" : 6058,
  "text" : "您确认要花费{0}金币购买{1}吗？"
}, {
  "id" : 6059,
  "text" : "您确认要花费{0}银币购买{1}吗？"
}, {
  "id" : 6060,
  "text" : "您希望花费{0}银币立即刷新商店吗？"
}, {
  "id" : 6061,
  "text" : "您希望花费{0}金币立即刷新黑市吗？"
}, {
  "id" : 6062,
  "text" : "银币不足"
}, {
  "id" : 6063,
  "text" : "vip2才能开启黑市"
}, {
  "id" : 6064,
  "text" : "战斗力排名:  {0}"
}, {
  "id" : 6065,
  "text" : "通关排名:  {0}"
}, {
  "id" : 6066,
  "text" : "上忍考试排名:  {0}"
}, {
  "id" : 6067,
  "text" : "等级排名:  {0}"
}, {
  "id" : 6068,
  "text" : "充值排名:  {0}"
}, {
  "id" : 6069,
  "text" : "等级超过6级开放"
}, {
  "id" : 6070,
  "text" : "5000名以下"
}, {
  "id" : 6071,
  "text" : "未上榜"
}, {
  "id" : 6072,
  "text" : "开始时间："
}, {
  "id" : 6073,
  "text" : "       结束时间："
}, {
  "id" : 6074,
  "text" : "S级忍者降临！{0}果然是预言之子，抓到了超强忍者 {1} 相助！"
}, {
  "id" : 6075,
  "text" : "S级忍术重现忍界！{0}习得了逆天忍术 {1} ！"
}, {
  "id" : 6076,
  "text" : "查克拉属性"
}, {
  "id" : 6077,
  "text" : "火"
}, {
  "id" : 6078,
  "text" : "风"
}, {
  "id" : 6079,
  "text" : "雷"
}, {
  "id" : 6080,
  "text" : "土"
}, {
  "id" : 6081,
  "text" : "水"
}, {
  "id" : 6082,
  "text" : "查克拉属性：{0}，克制{1}属性，被{2}属性克制"
}, {
  "id" : 6083,
  "text" : "功能未开放，暂时不能学习第二种查克拉属性"
}, {
  "id" : 6084,
  "text" : "品质至少为A的忍者才可习得第二种查克拉属性"
}, {
  "id" : 6085,
  "text" : "至少要10级才能习得第二种查克拉属性"
}, {
  "id" : 6086,
  "text" : "您是否使用{0}属性的查克拉？"
}, {
  "id" : 6087,
  "text" : "您当前已学习了这个查克拉属性！"
}, {
  "id" : 6088,
  "text" : "您是否要学习{0}属性查克拉，替换原来学习的查克拉属性"
}, {
  "id" : 6099,
  "text" : "VIP每日登陆奖励"
}, {
  "id" : 6100,
  "text" : "为尊贵的VIP用户奉上今日的登陆奖励！"
}, {
  "id" : 6101,
  "text" : "SS级忍者降临！{0}果然是预言之子，抓到了超强忍者 {1} 相助！"
}, {
  "id" : 6102,
  "text" : "SS级忍术重现忍界！{0}习得了逆天忍术 {1} ！"
}, {
  "id" : 6103,
  "text" : "神秘商品"
}, {
  "id" : 6104,
  "text" : "通过固定的花费换取未知的商品，回报有可能远远大于投入"
}, {
  "id" : 53,
  "text" : "您的仓库已满，购买的神秘商品未进入仓库，请清理仓库后去邮件中领取"
}, {
  "id" : 6105,
  "text" : "一次最多转移{0}位忍者哦"
}, {
  "id" : 6106,
  "text" : "军团{0}级时开放！"
}, {
  "id" : 6107,
  "text" : "至少要{0}级才能创建军团。"
}, {
  "id" : 6108,
  "text" : "这个军团的团长很懒，虾米信息都没有留下~~~"
}, {
  "id" : 6109,
  "text" : "至少要{0}银币才能创建军团。"
}, {
  "id" : 6110,
  "text" : "至少要{0}金币才能创建军团。"
}, {
  "id" : 6111,
  "text" : "军团名称重复。"
}, {
  "id" : 6112,
  "text" : "军团名称含有违禁字。"
}, {
  "id" : 6113,
  "text" : "军团介绍含有违禁字。"
}, {
  "id" : 6114,
  "text" : "{0}创建了新军团“{1}”，请大家踊跃加入"
}, {
  "id" : 6115,
  "text" : "没有找到相应的军团！"
}, {
  "id" : 6116,
  "text" : "至少要{0}级才能加入军团。"
}, {
  "id" : 6117,
  "text" : "这个军团人数已满。"
}, {
  "id" : 6118,
  "text" : "最多同时向{0}个军团发出加入申请"
}, {
  "id" : 6119,
  "text" : "●军团排名是依照军团中所有成员的战力总和大小进行排名，每30分钟刷新一次；\n●忍者村等级至少40级才可创建军团；\n●忍者村等级需大于等于军团需求的加入等级才可发出加入申请；\n●点击“查看”按钮可查看军团的详细信息和介绍。"
}, {
  "id" : 6120,
  "text" : "退出现在的军团将会清空您现在的军团贡献，是否确认？您派遣到军团部队的忍者会自动撤回。"
}, {
  "id" : 6121,
  "text" : "解散将使军团消失，军团所有成员的贡献清空，不可恢复，是否确认？"
}, {
  "id" : 6122,
  "text" : "军团团长解散了军团"
}, {
  "id" : 6123,
  "text" : "军团已解散"
}, {
  "id" : 6124,
  "text" : "军团团长“{0}”解散了军团，您已恢复到无军团状态！由于军团解散，您派遣到军团部队的忍者自动撤回。"
}, {
  "id" : 6125,
  "text" : "再次升职将使这个成员成为团长，您自己变为团员，是否确认？"
}, {
  "id" : 6126,
  "text" : "{0}已经让贤于{1}，{1}成为了新的军团团长！"
}, {
  "id" : 6127,
  "text" : "将他开除出军团将使其军团贡献清零，不可恢复，是否确认？"
}, {
  "id" : 6128,
  "text" : "您已经被开除出军团"
}, {
  "id" : 6129,
  "text" : "您已被军团开除"
}, {
  "id" : 6130,
  "text" : "您已被军团{0}开除，恢复到无军团的状态！由于您已离开军团，您派遣到军团部队的忍者自动撤回。"
}, {
  "id" : 6131,
  "text" : "军团人数已达上限！"
}, {
  "id" : 6132,
  "text" : "他已经加入了其他军团！"
}, {
  "id" : 6133,
  "text" : "恭喜加入军团"
}, {
  "id" : 6134,
  "text" : "军团“{0}”已通过您的加入申请，您现在成为“{0}”的一员，请与军团一同奋斗吧！"
}, {
  "id" : 6135,
  "text" : "获得投票大于等于{0}即成功，您成为新团长，如果弹劾失败，24小时内不能再次发起，是否确认？"
}, {
  "id" : 6136,
  "text" : "由于团长失踪已久，{0}对团长发起弹劾，希望能负担起领导军团的重大责任，希望大家支持！"
}, {
  "id" : 6137,
  "text" : "{0}{1}发起了对团长的弹劾"
}, {
  "id" : 6138,
  "text" : "由于您的军团团长失踪已久，您的军团的{0}“{1}”发起了对团长的弹劾，如果支持他成为新的团长，请在24小时内在军团界面中点击“投票”按钮响应他的弹劾，获得投票大于等于{2}，他将成为新的团长！"
}, {
  "id" : 6139,
  "text" : "{0}“{1}”已经发起了对团长的弹劾，如果支持请在24小时内投票！"
}, {
  "id" : 6140,
  "text" : "{0}“{1}”发起了对团长的弹劾，您要响应他的弹劾使他成为新的团长吗？"
}, {
  "id" : 6141,
  "text" : "您响应了弹劾，如果24小时内响应弹劾的投票数大于等于{0}，{1}将成为新的团长！"
}, {
  "id" : 6142,
  "text" : "感谢组织的信任，我接替失踪的原军团团长成为了新的团长！"
}, {
  "id" : 6143,
  "text" : "军团团长变更"
}, {
  "id" : 6144,
  "text" : "由于原军团团长“{0}”失踪已久，“{1}”发起了弹劾，并且得倒了组织的信任，成为新的军团团长！"
}, {
  "id" : 6145,
  "text" : "弹劾团长失败"
}, {
  "id" : 6146,
  "text" : "由于军团团长“{0}”失踪已久，{1}“{2}”发起了对团长的弹劾，可惜他没有得到组织的信任，获得投票数不足，没有弹劾成功！"
}, {
  "id" : 6147,
  "text" : "●军团职务中，副团长最多2人，军官最多8人，团员人数没有限制。\n●军团升级消耗军团财富。财富可以通过参加军团活动或直接捐献等方式增加。\n●军团升级后可使军团增加：人数上限、部队派遣上限、据点数量。\n●每连续派遣一名忍者进入军团部队10小时，派遣人次加1。军团财富加20，个人贡献加10。\n●军团成员可派遣自己的忍者到军团部队，军团等级限制派遣忍者的数量，派遣到军团部队的忍者将从自己的忍者列表里消失；\n●军官以上可撤回所有军团部队的忍者到忍者来源的忍者村，，在军团战争持续期间，不可进行撤回；\n●团员只可查看各个据点部署的忍者；\n●军官以上可部署军团部队的忍者到各个据点，每个据点最多部署3名忍者，在军团战争持续期间，不可进行这一操作。\n●特殊状态忍者不可派遣。"
}, {
  "id" : 6148,
  "text" : "权限不足,无法操作"
}, {
  "id" : 6149,
  "text" : "当前没有加入军团"
}, {
  "id" : 6150,
  "text" : "军团公告中含有违禁字"
}, {
  "id" : 6151,
  "text" : "“{0}”已满，无法调整该成员的职务"
}, {
  "id" : 6152,
  "text" : "当前无法进行弹劾"
}, {
  "id" : 6153,
  "text" : "该成员已不在本军团内"
}, {
  "id" : 6154,
  "text" : "{0}“{1}”将“{2}”开除出军团！"
}, {
  "id" : 6155,
  "text" : "加入申请信息不存在"
}, {
  "id" : 6156,
  "text" : "本页加入申请信息已被处理"
}, {
  "id" : 6157,
  "text" : "{0}退出了军团。"
}, {
  "id" : 6158,
  "text" : "无"
}, {
  "id" : 6159,
  "text" : "等        级:    {0}"
}, {
  "id" : 6160,
  "text" : "[团长]{0}:"
}, {
  "id" : 6161,
  "text" : "[副团长]{0}:"
}, {
  "id" : 6162,
  "text" : "[军官]{0}:"
}, {
  "id" : 6163,
  "text" : "[团员]{0}:"
}, {
  "id" : 6164,
  "text" : "[下士]{0}:"
}, {
  "id" : 6165,
  "text" : "[团员]{0}:"
}, {
  "id" : 6166,
  "text" : "[见习]{0}:"
}, {
  "id" : 6167,
  "text" : "消耗：{0}银币，{1}金币"
}, {
  "id" : 6168,
  "text" : "加入军团所需等级"
}, {
  "id" : 6169,
  "text" : "军团名称不能为空"
}, {
  "id" : 6170,
  "text" : "请输入要查找的军团名称"
}, {
  "id" : 6171,
  "text" : "您解散了军团"
}, {
  "id" : 6172,
  "text" : "职        务:   {0}"
}, {
  "id" : 6173,
  "text" : "感谢在AppStore中下载本游戏,为感谢您的支持,现在为您奉上特别奖励！"
}, {
  "id" : 6174,
  "text" : "现在没有绑定账号，为避免损失请绑定账号"
}, {
  "id" : 6175,
  "text" : "恭喜您在抓忍者活动中名列前茅，现为您奉上本次活动的特别奖励！"
}, {
  "id" : 6176,
  "text" : "抓忍者活动现已开始，持续时间是{0}——{1}，请大家踊跃参加！"
}, {
  "id" : 6177,
  "text" : "抓忍者活动现在结束，感谢大家的参与，活动前10名的奖励现已发放！"
}, {
  "id" : 6178,
  "text" : "军团财富无法再增加这么多了"
}, {
  "id" : 6179,
  "text" : "捐款完成"
}, {
  "id" : 6180,
  "text" : "{0}向军团捐款，军团财富增加了{1}。"
}, {
  "id" : 6181,
  "text" : "提升军阶将消耗军团财富{0},是否确认升阶？"
}, {
  "id" : 6182,
  "text" : "军团军阶已提升到{0}，请大家继续努力！"
}, {
  "id" : 6183,
  "text" : "军团当前无法提升军阶！"
}, {
  "id" : 6184,
  "text" : "左前锋"
}, {
  "id" : 6185,
  "text" : "中前锋"
}, {
  "id" : 6186,
  "text" : "右前锋"
}, {
  "id" : 6187,
  "text" : "前右军"
}, {
  "id" : 6188,
  "text" : "中右军"
}, {
  "id" : 6189,
  "text" : "后右军"
}, {
  "id" : 6190,
  "text" : "右后防"
}, {
  "id" : 6191,
  "text" : "中后防"
}, {
  "id" : 6192,
  "text" : "左后防"
}, {
  "id" : 6193,
  "text" : "后左军"
}, {
  "id" : 6194,
  "text" : "中左军"
}, {
  "id" : 6195,
  "text" : "前左军"
}, {
  "id" : 6196,
  "text" : "左前翼"
}, {
  "id" : 6197,
  "text" : "中前翼"
}, {
  "id" : 6198,
  "text" : "右前翼"
}, {
  "id" : 6199,
  "text" : "右中军"
}, {
  "id" : 6200,
  "text" : "右后翼"
}, {
  "id" : 6201,
  "text" : "中后翼"
}, {
  "id" : 6202,
  "text" : "左后翼"
}, {
  "id" : 6203,
  "text" : "左中军"
}, {
  "id" : 6204,
  "text" : "指挥所"
}, {
  "id" : 6205,
  "text" : "未出战"
}, {
  "id" : 6206,
  "text" : "您向军团派遣了忍者"
}, {
  "id" : 6207,
  "text" : "超出当前可派遣忍者上限，军团升级后可增加派遣忍者"
}, {
  "id" : 6208,
  "text" : "军团部队人数已满"
}, {
  "id" : 6209,
  "text" : "由于军团部队空间有限，只派遣了{0}名忍者"
}, {
  "id" : 6210,
  "text" : "您没有派遣忍者到军团部队"
}, {
  "id" : 6211,
  "text" : "当前军团部队中没有忍者"
}, {
  "id" : 6212,
  "text" : "您已撤回了派遣到军团部队的忍者"
}, {
  "id" : 6213,
  "text" : "敌方当前得分"
}, {
  "id" : 6214,
  "text" : "我方当前得分"
}, {
  "id" : 6215,
  "text" : "您的忍者已撤回"
}, {
  "id" : 6216,
  "text" : "由于您已离开军团，您派遣到军团部队的忍者自动撤回。"
}, {
  "id" : 6217,
  "text" : "您已让选择的忍者全部撤回了忍者村"
}, {
  "id" : 6218,
  "text" : "您的忍者已撤回"
}, {
  "id" : 6219,
  "text" : "军团的{0}撤回了您派遣到军团部队的忍者。"
}, {
  "id" : 6220,
  "text" : "“您所选择的忍者已经不在军团部队中了！"
}, {
  "id" : 6221,
  "text" : "您所选择的忍者其中一部分已经不在军团部队中了，只有部分忍者撤回了忍者村！"
}, {
  "id" : 6222,
  "text" : "由于军团解散，您派遣到军团部队的忍者自动撤回。"
}, {
  "id" : 6223,
  "text" : "●军团成员可派遣自己的忍者到军团部队，军团等级限制派遣忍者的数量，派遣到军团部队的忍者将从自己的忍者列表里消失；\n●军官以上可撤回所有军团部队的忍者到忍者来源的忍者村，在军团战争持续期间，不可进行撤回；\n●团员只可查看各个据点部署的忍者；\n●军官以上可部署军团部队的忍者到各个据点，每个据点最多部署3名忍者，在军团战争持续期间，不可进行这一操作。\n●特殊状态忍者不可派遣。"
}, {
  "id" : 6224,
  "text" : "军团战争通知"
}, {
  "id" : 6225,
  "text" : "您的军团本日军团战争的对手是军团“{0}”"
}, {
  "id" : 6226,
  "text" : "您的军团未进行过军团战争"
}, {
  "id" : 6227,
  "text" : "该据点已被我方军团占领！"
}, {
  "id" : 6228,
  "text" : "战报！我方的“{0}”占领了敌方据点“{1}”！"
}, {
  "id" : 6229,
  "text" : "战报！由我方所占领的敌方据点“{0}”被敌方的“{1}”攻陷了！"
}, {
  "id" : 6230,
  "text" : "这个据点部署了军团部队，无法防守！"
}, {
  "id" : 6231,
  "text" : "该据点已由我方军团的“{0}”防守！"
}, {
  "id" : 6232,
  "text" : "战报！我方的据点“{0}”被敌方的“{1}”攻陷了！"
}, {
  "id" : 6233,
  "text" : "战报！我方的“{0}”派出忍者防守了我方军团的“{1}”！"
}, {
  "id" : 6234,
  "text" : "战报！被敌方所占领的我方军团的“{0}”已由“{1}”夺回！"
}, {
  "id" : 6235,
  "text" : "●军团至少有5人才能参加军团战争；\n●每日军团战争所匹配到的对手是与你的军团战力排名接近的；"
}, {
  "id" : 6236,
  "text" : "忍术{0}的效果提升{1}%"
}, {
  "id" : 6237,
  "text" : "提升随机{0}级忍术的效果"
}, {
  "id" : 6238,
  "text" : "需要10个忍术卷轴才可精炼"
}, {
  "id" : 6239,
  "text" : "这个忍术不能精炼"
}, {
  "id" : 6240,
  "text" : "精炼成功"
}, {
  "id" : 6241,
  "text" : "训练所需道具不足，至少要{0}个{1}才可训练！"
}, {
  "id" : 6242,
  "text" : "本次训练使{0}上升了{1}点，{2}下降了{3}点！"
}, {
  "id" : 6243,
  "text" : "您放弃了本次训练的结果！"
}, {
  "id" : 6244,
  "text" : "您本次训练的结果尚未处理,请先处理本次训练结果才可继续操作!"
}, {
  "id" : 6245,
  "text" : "道具"
}, {
  "id" : 6246,
  "text" : "未选择任何忍术卷轴，无法精炼"
}, {
  "id" : 6247,
  "text" : "未选择任何训练道具，无法训练"
}, {
  "id" : 6248,
  "text" : "这个属性已经无法再降低了！"
}, {
  "id" : 6249,
  "text" : "现在无法使用这个道具进行训练！"
}, {
  "id" : 6250,
  "text" : "来自忍者村：{0}"
}, {
  "id" : 6251,
  "text" : "总战力: {0}"
}, {
  "id" : 6252,
  "text" : "军团战争期间不可派遣忍者"
}, {
  "id" : 6253,
  "text" : "军团战争期间不可撤回忍者"
}, {
  "id" : 6254,
  "text" : "军团战争期间不可部署忍者"
}, {
  "id" : 6255,
  "text" : "军团战争期间不可开除军团成员"
}, {
  "id" : 6256,
  "text" : "军团战争期间不可退出军团"
}, {
  "id" : 6257,
  "text" : "军团战争期间不可解散军团"
}, {
  "id" : 6258,
  "text" : "军团战争胜利"
}, {
  "id" : 6259,
  "text" : "恭喜您的军团在本次军团战争中战胜了对手《{0}》，所有参加军团战争的成员获得军团贡献{1}，军团获得财富{2}。"
}, {
  "id" : 6260,
  "text" : "军团战争失败"
}, {
  "id" : 6261,
  "text" : "虽然所有军团成员都很努力，可还是在本次军团战争中惜败于对手《{0}》，所有军团成员获得军团贡献{1}，军团颗粒无收，请努力争取下次军团战争的胜利。"
}, {
  "id" : 6262,
  "text" : "军团战争打平"
}, {
  "id" : 6263,
  "text" : "您的军团在本次军团战争中与对手{0}的战斗难解难分，最终握手言和，请努力争取下次军团战争的胜利。"
}, {
  "id" : 6271,
  "text" : "军团战争奖励"
}, {
  "id" : 6272,
  "text" : "在本次军团战争中，您的军团胜出，恭喜您在军团战争中位列本军团积分第{0}，表现堪称英勇，系统已将排名奖励发放至附件中，请收取福建。希望在下次军团战争中，在您的带领下，您的军团依然可以取得胜利。"
}, {
  "id" : 6273,
  "text" : "军团战争奖励"
}, {
  "id" : 6274,
  "text" : "在本次军团战争中，您的军团不幸落败，即使如此，您在军团战争中位列本军团积分第{0}，表现堪称英勇，系统将会奖励您一些道具，希望在下次军团战争中，在您的带领下，您的军团可以取得胜利。"
}, {
  "id" : 6275,
  "text" : "开始时间：每日20：30-21：00\n部署：军团战争开始前，军团中军官以上的成员可在“我方阵地”中，部署军团部队中的忍者。军团战争开始后，所有参战玩家可控制自己的忍者，攻击敌方阵地，抢夺回己方被敌人占领的阵地。第一次占领对方据点(10分)，以及参与进攻(胜利5分)和防守(胜利2分)都可获得积分。\n军团战奖励：根据胜负以及击杀敌方人数等进行奖励不等军团贡献。军团可获得军团经验和财富。"
}, {
  "id" : 6269,
  "text" : "本日军团战争结束，请诸位勇士下次再来。"
}, {
  "id" : 6270,
  "text" : "本日军团战争开始，请勇士们做好战斗准备。"
}, {
  "id" : 6267,
  "text" : "前置据点未完成"
}, {
  "id" : 6276,
  "text" : "功能暂未开放"
}, {
  "id" : 6370,
  "text" : "忍者部队数量:{count}"
}, {
  "id" : 6371,
  "text" : "{count1}级忍者,等级{count2}以上"
}, {
  "id" : 6372,
  "text" : "当天刷新次数已达上限"
}, {
  "id" : 6373,
  "text" : "每日21点刷新购买次数"
}, {
  "id" : 6374,
  "text" : "您希望花费{0}金币刷新商店的购买次数吗？"
}, {
  "id" : 6375,
  "text" : "本次竞技场挑战胜利，获得{0}竞技点"
}, {
  "id" : 6376,
  "text" : "本次竞技场挑战失败，获得{0}竞技点"
}, {
  "id" : 6377,
  "text" : "您确认要花费{0}竞技币购买{1}吗？"
}, {
  "id" : 6378,
  "text" : "您的竞技币不足。"
}, {
  "id" : 6379,
  "text" : "每日奖励:"
}, {
  "id" : 6380,
  "text" : "40、60、80、100层"
}, {
  "id" : 6381,
  "text" : "20、50、70、90层"
}, {
  "id" : 6382,
  "text" : "10、30层"
}, {
  "id" : 6383,
  "text" : "竞技币"
}, {
  "id" : 6384,
  "text" : "在竞技场通过排名或胜负获得的货币，可用在竞技商店兑换道具。"
}, {
  "id" : 7000,
  "text" : "您确认要花费{0}银币购买{1}吗？"
}, {
  "id" : 7001,
  "text" : "您确认要花费{0}金币购买{1}吗？"
}, {
  "id" : 7002,
  "text" : "每日21点刷新购买次数"
}, {
  "id" : 7003,
  "text" : "功能暂未开放"
}, {
  "id" : 7004,
  "text" : "当天刷新次数已达上限"
}, {
  "id" : 7005,
  "text" : "您希望花费{0}金币刷新商店的购买次数吗？"
}, {
  "id" : 7006,
  "text" : "当前没有加入军团"
}, {
  "id" : 7007,
  "text" : "没有找到相应的军团！"
}, {
  "id" : 7008,
  "text" : "您向军团派遣了忍者"
}, {
  "id" : 7009,
  "text" : "您已撤回了派遣到军团部队的忍者"
}, {
  "id" : 7010,
  "text" : "军团当前无法提升军阶！"
}, {
  "id" : 7011,
  "text" : "捐款完成"
}, {
  "id" : 7012,
  "text" : "您解散了军团"
}, {
  "id" : 7013,
  "text" : "军团已解散"
}, {
  "id" : 7014,
  "text" : "解散将使军团消失，军团所有成员的贡献清空，不可恢复，是否确认？"
}, {
  "id" : 7015,
  "text" : "退出现在的军团将会清空您现在的军团贡献，是否确认？您派遣到军团部队的忍者会自动撤回。"
}, {
  "id" : 7016,
  "text" : "提升军阶将消耗军团财富{0},是否确认升阶？"
}, {
  "id" : 7017,
  "text" : "“{0}”已满，无法调整该成员的职务"
}, {
  "id" : 7018,
  "text" : "军团军阶已提升到{0}，请大家继续努力！"
}, {
  "id" : 7019,
  "text" : "等        级:    {0}"
}, {
  "id" : 7020,
  "text" : "职        务:   {0}"
}, {
  "id" : 7021,
  "text" : "再次升职将使这个成员成为团长，您自己变为团员，是否确认？"
}, {
  "id" : 7022,
  "text" : "将他开除出军团将使其军团贡献清零，不可恢复，是否确认？"
}, {
  "id" : 7023,
  "text" : "未出战"
}, {
  "id" : 7024,
  "text" : "左前锋"
}, {
  "id" : 7025,
  "text" : "中前锋"
}, {
  "id" : 7026,
  "text" : "右前锋"
}, {
  "id" : 7027,
  "text" : "前右军"
}, {
  "id" : 7028,
  "text" : "中右军"
}, {
  "id" : 7029,
  "text" : "后右军"
}, {
  "id" : 7030,
  "text" : "右后防"
}, {
  "id" : 7031,
  "text" : "中后防"
}, {
  "id" : 7032,
  "text" : "左后防"
}, {
  "id" : 7033,
  "text" : "后左军"
}, {
  "id" : 7034,
  "text" : "中左军"
}, {
  "id" : 7035,
  "text" : "前左军"
}, {
  "id" : 7036,
  "text" : "左前翼"
}, {
  "id" : 7037,
  "text" : "中前翼"
}, {
  "id" : 7038,
  "text" : "右前翼"
}, {
  "id" : 7039,
  "text" : "右中军"
}, {
  "id" : 7040,
  "text" : "右后翼"
}, {
  "id" : 7041,
  "text" : "中后翼"
}, {
  "id" : 7042,
  "text" : "左后翼"
}, {
  "id" : 7043,
  "text" : "左中军"
}, {
  "id" : 7044,
  "text" : "指挥所"
}, {
  "id" : 7045,
  "text" : "没有符合条件的英雄"
}, {
  "id" : 7046,
  "text" : "最多同时向{0}个军团发出加入申请"
}, {
  "id" : 7047,
  "text" : "[下士]{0}:"
}, {
  "id" : 7048,
  "text" : "军团团长“{0}”解散了军团，您已恢复到无军团状态！由于军团解散，您派遣到军团部队的忍者自动撤回。"
}, {
  "id" : 7049,
  "text" : "前置据点未完成"
}, {
  "id" : 7050,
  "text" : "本日军团战争结束，请诸位勇士下次再来。"
}, {
  "id" : 7051,
  "text" : "开始时间：每日20：30-21：00\n部署：军团战争开始前，军团中军官以上的成员可在“我方阵地”中，部署军团部队中的忍者。军团战争开始后，所有参战玩家可控制自己的忍者，攻击敌方阵地，抢夺回己方被敌人占领的阵地。第一次占领对方据点(10分)，以及参与进攻(胜利5分)和防守(胜利2分)都可获得积分。\n军团战奖励：根据胜负以及击杀敌方人数等进行奖励不等军团贡献。军团可获得军团经验和财富。"
}, {
  "id" : 7052,
  "text" : "该据点已被我方军团占领！"
}, {
  "id" : 7053,
  "text" : "本日军团战争开始，请勇士们做好战斗准备。"
}, {
  "id" : 7054,
  "text" : "军团战争奖励"
}, {
  "id" : 7055,
  "text" : "在本次军团战争中，您的军团胜出，恭喜您在军团战争中位列本军团积分第{0}，表现堪称英勇，系统已将排名奖励发放至附件中，请收取福建。希望在下次军团战争中，在您的带领下，您的军团依然可以取得胜利。"
}, {
  "id" : 7056,
  "text" : "军团战争奖励"
}, {
  "id" : 7057,
  "text" : "在本次军团战争中，您的军团不幸落败，即使如此，您在军团战争中位列本军团积分第{0}，表现堪称英勇，系统将会奖励您一些道具，希望在下次军团战争中，在您的带领下，您的军团可以取得胜利。"
}, {
  "id" : 7058,
  "text" : "上阵忍者为空"
}, {
  "id" : 7059,
  "text" : "您的竞技币不足。"
}, {
  "id" : 7060,
  "text" : "忍者已死亡"
}, {
  "id" : 7061,
  "text" : "军团战争期间不可部署忍者"
}, {
  "id" : 7062,
  "text" : "军团战争期间不可解散军团"
}, {
  "id" : 7063,
  "text" : "军团战争期间不可退出军团"
}, {
  "id" : 7064,
  "text" : "军团战争期间不可开除军团成员"
}, {
  "id" : 7065,
  "text" : "军团战争通知"
}, {
  "id" : 7066,
  "text" : "您的军团本日军团战争的对手是军团“{0}”"
}, {
  "id" : 7067,
  "text" : "军团战争胜利"
}, {
  "id" : 7068,
  "text" : "恭喜您的军团在本次军团战争中战胜了对手《{0}》，所有参加军团战争的成员获得军团贡献{1}，军团获得财富{2}。"
}, {
  "id" : 7069,
  "text" : "军团战争失败"
}, {
  "id" : 7070,
  "text" : "虽然所有军团成员都很努力，可还是在本次军团战争中惜败于对手《{0}》，所有军团成员获得军团贡献{1}，军团颗粒无收，请努力争取下次军团战争的胜利。"
}, {
  "id" : 7071,
  "text" : "军团战争打平"
}, {
  "id" : 7072,
  "text" : "您的军团在本次军团战争中与对手{0}的战斗难解难分，最终握手言和，请努力争取下次军团战争的胜利。"
}, {
  "id" : 7073,
  "text" : "超出当前可派遣忍者上限，军团升级后可增加派遣忍者"
}, {
  "id" : 7074,
  "text" : "军团战争期间不可撤回忍者"
}, {
  "id" : 7075,
  "text" : "该成员已不在本军团内"
}, {
  "id" : 7076,
  "text" : "您的忍者已撤回"
}, {
  "id" : 7077,
  "text" : "军团的{0}撤回了您派遣到军团部队的忍者。"
}, {
  "id" : 7078,
  "text" : "军阶已满，无法升阶"
}, {
  "id" : 7079,
  "text" : "忍者部队数量:{0};"
}, {
  "id" : 7080,
  "text" : "{0}级忍者,等级{1}以上"
} ]