[ {
  "quality" : 1,
  "atkReduce" : "1|2",
  "atkRaise" : "2|3",
  "defReduce" : "1|2",
  "defRaise" : "2|3",
  "hpReduce" : "10|20",
  "hpRaise" : "20|30",
  "dexReduce" : "1|2",
  "dexRaise" : "2|3",
  "atkChange" : "4000|1000",
  "defChange" : "2000|3000",
  "hpChange" : "3000|2000",
  "dexChange" : "1000|4000",
  "atkLvUp" : 3,
  "defLvUp" : 3,
  "hpLvUp" : 30,
  "dexLvUp" : 3,
  "trainLv" : 4,
  "trainItem" : 1,
  "trainSilver" : 50000
}, {
  "quality" : 2,
  "atkReduce" : "1|2",
  "atkRaise" : "2|3",
  "defReduce" : "1|2",
  "defRaise" : "2|3",
  "hpReduce" : "10|20",
  "hpRaise" : "20|30",
  "dexReduce" : "1|2",
  "dexRaise" : "2|3",
  "atkChange" : "4000|1000",
  "defChange" : "2000|3000",
  "hpChange" : "3000|2000",
  "dexChange" : "1000|4000",
  "atkLvUp" : 3,
  "defLvUp" : 3,
  "hpLvUp" : 30,
  "dexLvUp" : 3,
  "trainLv" : 3,
  "trainItem" : 2,
  "trainSilver" : 70000
}, {
  "quality" : 3,
  "atkReduce" : "1|2",
  "atkRaise" : "2|3",
  "defReduce" : "1|2",
  "defRaise" : "2|3",
  "hpReduce" : "10|20",
  "hpRaise" : "20|30",
  "dexReduce" : "1|2",
  "dexRaise" : "2|3",
  "atkChange" : "4000|1000",
  "defChange" : "2000|3000",
  "hpChange" : "3000|2000",
  "dexChange" : "1000|4000",
  "atkLvUp" : 3,
  "defLvUp" : 3,
  "hpLvUp" : 30,
  "dexLvUp" : 3,
  "trainLv" : 2,
  "trainItem" : 3,
  "trainSilver" : 90000
}, {
  "quality" : 4,
  "atkReduce" : "1|3",
  "atkRaise" : "2|4",
  "defReduce" : "1|3",
  "defRaise" : "2|4",
  "hpReduce" : "10|30",
  "hpRaise" : "20|40",
  "dexReduce" : "1|3",
  "dexRaise" : "2|4",
  "atkChange" : "4000|1000",
  "defChange" : "2000|3000",
  "hpChange" : "3000|2000",
  "dexChange" : "1000|4000",
  "atkLvUp" : 4,
  "defLvUp" : 4,
  "hpLvUp" : 40,
  "dexLvUp" : 4,
  "trainLv" : 2,
  "trainItem" : 4,
  "trainSilver" : 110000
}, {
  "quality" : 5,
  "atkReduce" : "1|3",
  "atkRaise" : "2|4",
  "defReduce" : "1|3",
  "defRaise" : "2|4",
  "hpReduce" : "10|30",
  "hpRaise" : "20|40",
  "dexReduce" : "1|3",
  "dexRaise" : "2|4",
  "atkChange" : "4000|1000",
  "defChange" : "2000|3000",
  "hpChange" : "3000|2000",
  "dexChange" : "1000|4000",
  "atkLvUp" : 4,
  "defLvUp" : 4,
  "hpLvUp" : 40,
  "dexLvUp" : 4,
  "trainLv" : 1,
  "trainItem" : 5,
  "trainSilver" : 130000
}, {
  "quality" : 6,
  "atkReduce" : "1|4",
  "atkRaise" : "2|5",
  "defReduce" : "1|4",
  "defRaise" : "2|5",
  "hpReduce" : "10|40",
  "hpRaise" : "20|50",
  "dexReduce" : "1|4",
  "dexRaise" : "2|5",
  "atkChange" : "4000|1000",
  "defChange" : "2000|3000",
  "hpChange" : "3000|2000",
  "dexChange" : "1000|4000",
  "atkLvUp" : 5,
  "defLvUp" : 5,
  "hpLvUp" : 50,
  "dexLvUp" : 5,
  "trainLv" : 1,
  "trainItem" : 6,
  "trainSilver" : 150000
} ]