[ {
  "id" : 0,
  "score" : 0,
  "desc" : "无",
  "times" : "1|3|1|2|1|0|1|0",
  "discount" : "0"
}, {
  "id" : 1,
  "score" : 60,
  "desc" : "立即获得B级忍者“君麻吕”和10个B级忍术卷轴\n可以跳过战斗动画\n每天可购买3次银币\n每天可购买2次体力\n每天可在拉面屋打劫4次\n每天可重置1次关卡扫荡",
  "reward" : "<47|1><5061|10>",
  "times" : "2|4|1|3|1|1|1|1",
  "fun" : "1|1|0|0|0",
  "discount" : "0"
}, {
  "id" : 2,
  "score" : 500,
  "desc" : "立即获得2个B级装备箱和30个B级忍术卷轴\n每天可购买4次银币\n每天可购买3次体力\n每天可在拉面屋打劫6次\n每天可重置2次关卡扫荡",
  "reward" : "<5053|2><5061|30>",
  "times" : "3|6|1|4|1|2|1|2",
  "fun" : "1|1|0|1|1",
  "discount" : "0"
}, {
  "id" : 3,
  "score" : 1000,
  "desc" : "立即获得S级忍者“仙人·鸣人”和10个A级忍术卷轴\n忍者可以开启第5个忍术栏\n每天可购买6次银币\n每天可重置3次关卡扫荡\n每天可购买2次竞技场挑战",
  "reward" : "<80|1><5062|10>",
  "times" : "3|6|1|6|1|3|2|3",
  "fun" : "1|1|0|1|1",
  "discount" : "0"
}, {
  "id" : 4,
  "score" : 2000,
  "desc" : "立即获得2个A级装备箱和30个A级忍术卷轴\n每天可购买8次银币\n每天可购买4次体力\n每日可在拉面屋打劫7次\n每天可重置4次关卡扫荡",
  "reward" : "<5054|2><5062|30>",
  "times" : "4|7|1|8|1|4|2|4",
  "fun" : "1|1|0|1|1",
  "discount" : "0"
}, {
  "id" : 5,
  "score" : 5000,
  "desc" : "立即获得S级忍者“卡卡西”和50个A级忍术卷轴\n每天可进行2次上忍考试\n每天可购买10次银币\n每天可购买6次体力\n每日可在拉面屋打劫8次\n每天可重置5次关卡扫荡",
  "reward" : "<83|1><5062|50>",
  "times" : "6|8|2|10|1|5|2|5",
  "fun" : "1|1|0|1|1",
  "discount" : "0"
}, {
  "id" : 6,
  "score" : 10000,
  "desc" : "立即获得2个S级装备箱和10个S级忍术卷轴\n强化装备没有冷却时间\n每天可购买13次银币\n每日可在拉面屋打劫9次\n每天可重置6次关卡扫荡\n每天可购买3次竞技场挑战",
  "reward" : "<5055|2><5063|10>",
  "times" : "6|9|2|13|1|6|3|6",
  "fun" : "1|1|1|1|1",
  "discount" : "0"
}, {
  "id" : 7,
  "score" : 20000,
  "desc" : "立即获得S级忍者“佩恩”和30个S级忍术卷轴\n每天可进行2次忍界大战\n每天可购买18次银币\n每天可购买8次体力\n每天可重置7次关卡扫荡",
  "reward" : "<79|1><5063|30>",
  "times" : "8|9|2|18|2|7|3|7",
  "fun" : "1|1|1|1|1",
  "discount" : "0"
}, {
  "id" : 8,
  "score" : 50000,
  "desc" : "立即获得5个S级装备箱和50个S级忍术卷轴\n每天可购买25次银币\n每天可购买10次体力\n每日可在拉面屋打劫10次\n每天可重置8次关卡扫荡",
  "reward" : "<5055|5><5063|50>",
  "times" : "10|10|2|25|2|8|3|8",
  "fun" : "1|1|1|1|1",
  "discount" : "0"
}, {
  "id" : 9,
  "score" : 100000,
  "desc" : "立即获得SS忍者“三代火影”、3个S级装备箱和20个SS级忍术卷轴\n每天可进行3次上忍考试\n每天可购买30次银币\n每天可重置9次关卡扫荡\n每天可购买4次竞技场挑战",
  "reward" : "<100|1><5055|3><5064|20>",
  "times" : "10|10|3|25|2|9|4|9",
  "fun" : "1|1|1|1|1",
  "discount" : "0"
}, {
  "id" : 10,
  "score" : 200000,
  "desc" : "立即获得SS忍者“水门”、1个SS级装备箱和60个SS级忍术卷轴\n每天可进行3次忍界大战\n立即获得5个“天之秘籍”\n每天可购买40次银币\n每天可重置10次关卡扫荡",
  "reward" : "<99|1><5056|1><5064|60>",
  "times" : "10|10|4|40|3|10|4|10",
  "fun" : "1|1|1|1|1",
  "discount" : "0"
}, {
  "id" : 11,
  "score" : 500000,
  "desc" : "立即获得SS忍者“六道·带土”、3个SS级装备箱和150个SS级忍术卷轴\n每天可进行4次上忍考试\n每天可购买50次银币\n每天可购买14次体力\n每天可重置11次关卡扫荡",
  "reward" : "<104|1><5056|3><5064|150>",
  "times" : "14|10|4|50|3|11|4|11",
  "fun" : "1|1|1|1|1",
  "discount" : "0"
}, {
  "id" : 12,
  "score" : 1000000,
  "desc" : "立即获得SS忍者“六道·斑”、5个SS级装备箱和300个SS级忍术卷轴\n立即获得3个SS级装备箱\n每天可进行4次忍界大战\n每天可购买100次银币\n每天可购买16次体力\n每天可购买5次竞技场挑战",
  "reward" : "<107|1><5056|5><5064|300>",
  "times" : "16|10|4|100|4|11|5|11",
  "fun" : "1|1|1|1|1",
  "discount" : "0"
} ]